playerid,player,season,GP,MPG,PPG,RPG,APG,SPG,BPG,TOPG,Plus_Minus,Total_FGM,Total_FGA,Total_3PM,Total_3PA,Total_FTM,Total_FTA,PTS_Std,Max_PTS,FG%,3P%,FT%,team
2544,LeBron James,2022,33,36.60606060606061,28.636363636363637,7.484848484848484,6.090909090909091,1.393939393939394,0.8787878787878788,3.5454545454545454,-3.5757575757575757,377,706,92,247,99,133,6.92738308191747,39,0.5339943342776204,0.3724696356275304,0.7443609022556391,LAL
2544,LeBron James,2023,47,35.680851063829785,26.106382978723403,8.659574468085106,6.787234042553192,0.9361702127659575,0.6595744680851063,3.2127659574468086,2.276595744680851,488,995,107,332,144,197,6.757392224536453,46,0.4904522613065327,0.32228915662650603,0.7309644670050761,LAL
2544,LeBron James,2024,51,35.09803921568628,24.07843137254902,6.901960784313726,7.96078431372549,1.1764705882352942,0.49019607843137253,3.450980392156863,1.2745098039215685,486,917,104,267,152,212,6.012796810985391,40,0.529989094874591,0.3895131086142322,0.7169811320754716,LAL
2544,LeBron James,2025,52,34.88461538461539,22.384615384615383,7.538461538461538,8.038461538461538,1.0576923076923077,0.46153846153846156,3.6153846153846154,-1.9615384615384615,466,948,98,284,134,182,6.6248310260474,39,0.49156118143459915,0.34507042253521125,0.7362637362637363,LAL
2544,LeBron James,2026,48,33.958333333333336,20.020833333333332,5.729166666666667,7.041666666666667,1.2916666666666667,0.4791666666666667,2.9166666666666665,2.2291666666666665,381,736,65,187,134,191,6.051163360394793,36,0.5176630434782609,0.34759358288770054,0.7015706806282722,LAL
2546,Carmelo Anthony,2022,64,25.953125,12.96875,4.15625,0.90625,0.625,0.625,0.875,-2.375,290,662,136,364,114,138,6.151445177986858,29,0.4380664652567976,0.37362637362637363,0.8260869565217391,LAL
2730,Dwight Howard,2022,56,15.589285714285714,5.517857142857143,5.660714285714286,0.5178571428571429,0.5535714285714286,0.5535714285714286,0.7857142857142857,-1.75,113,184,8,12,75,118,4.3775919965560615,21,0.6141304347826086,0.6666666666666666,0.635593220338983,LAL
2738,Andre Iguodala,2022,37,17.08108108108108,3.5405405405405403,2.7567567567567566,3.2972972972972974,0.7297297297297297,0.5405405405405406,0.7567567567567568,2.135135135135135,49,128,18,77,15,21,3.602426609589358,12,0.3828125,0.23376623376623376,0.7142857142857143,GSW
2772,Trevor Ariza,2022,24,19.208333333333332,4.0,3.4166666666666665,1.125,0.5416666666666666,0.25,0.4583333333333333,-2.3333333333333335,33,99,20,74,10,18,3.336230624913196,12,0.3333333333333333,0.2702702702702703,0.5555555555555556,LAL
101108,Chris Paul,2022,69,32.91304347826087,14.53623188405797,4.231884057971015,10.057971014492754,1.8405797101449275,0.30434782608695654,2.3768115942028984,5.507246376811594,398,783,70,213,137,166,5.952210934120411,33,0.508301404853129,0.3286384976525822,0.8253012048192772,PHX
101108,Chris Paul,2023,61,32.24590163934426,13.049180327868852,4.295081967213115,8.655737704918034,1.5573770491803278,0.3442622950819672,1.9508196721311475,0.8852459016393442,294,680,98,267,110,133,5.9928463729911545,25,0.4323529411764706,0.36704119850187267,0.8270676691729323,PHX
101108,Chris Paul,2024,58,26.155172413793103,9.0,3.793103448275862,6.655172413793103,1.1724137931034482,0.10344827586206896,1.3103448275862069,1.5517241379310345,203,455,79,206,37,45,4.955946277833521,24,0.4461538461538462,0.38349514563106796,0.8222222222222222,PHX
101108,Chris Paul,2025,81,27.85185185185185,8.851851851851851,3.5925925925925926,7.296296296296297,1.2222222222222223,0.2716049382716049,1.5925925925925926,-0.1111111111111111,249,577,140,367,79,86,4.577420428339281,19,0.43154246100519933,0.3814713896457766,0.9186046511627907,PHX
101108,Chris Paul,2026,16,14.25,2.9375,1.75,3.3125,0.6875,0.0,1.0,-5.25,18,56,10,30,1,2,2.2940139493908926,8,0.32142857142857145,0.3333333333333333,0.5,PHX
101150,Lou Williams,2022,55,14.036363636363637,6.181818181818182,1.5272727272727273,1.8181818181818181,0.509090909090909,0.05454545454545454,0.7818181818181819,0.4,122,308,36,96,60,71,3.5646978423241857,15,0.3961038961038961,0.375,0.8450704225352113,ATL
200746,LaMarcus Aldridge,2022,43,21.88372093023256,12.86046511627907,5.627906976744186,0.8604651162790697,0.2558139534883721,0.8837209302325582,0.9069767441860465,0.5116279069767442,232,422,13,45,76,89,6.9061097703025585,27,0.5497630331753555,0.28888888888888886,0.8539325842696629,BKN
200752,Rudy Gay,2022,55,18.854545454545455,8.10909090909091,4.4,1.018181818181818,0.45454545454545453,0.34545454545454546,0.8545454545454545,3.327272727272727,157,379,70,203,62,79,5.166389696062667,21,0.41424802110817943,0.3448275862068966,0.7848101265822784,UTA
200752,Rudy Gay,2023,56,14.571428571428571,5.232142857142857,2.9107142857142856,1.0178571428571428,0.3392857142857143,0.32142857142857145,0.6607142857142857,1.0178571428571428,109,288,33,131,42,49,3.6580723757866664,16,0.3784722222222222,0.25190839694656486,0.8571428571428571,UTA
200765,Rajon Rondo,2022,41,18.048780487804876,4.7073170731707314,2.7560975609756095,4.414634146341464,0.7560975609756098,0.14634146341463414,1.7560975609756098,-3.073170731707317,71,187,32,95,19,26,4.495797495656498,17,0.37967914438502676,0.3368421052631579,0.7307692307692307,CLE
200768,Kyle Lowry,2022,62,32.33870967741935,12.17741935483871,4.112903225806452,7.209677419354839,1.0806451612903225,0.27419354838709675,2.435483870967742,4.17741935483871,262,602,140,364,91,108,7.011756388903151,26,0.43521594684385384,0.38461538461538464,0.8425925925925926,MIA
200768,Kyle Lowry,2023,73,29.054794520547944,10.178082191780822,3.835616438356164,4.780821917808219,0.9726027397260274,0.3424657534246575,1.7671232876712328,0.6438356164383562,255,603,129,366,104,118,5.91218719105202,33,0.4228855721393035,0.3524590163934426,0.8813559322033898,MIA
200768,Kyle Lowry,2024,67,28.29850746268657,8.0,3.283582089552239,4.149253731343284,1.0,0.373134328358209,1.3582089552238805,0.29850746268656714,177,419,107,279,75,90,6.115058412962168,28,0.4224343675417661,0.3835125448028674,0.8333333333333334,MIA
200768,Kyle Lowry,2025,35,18.885714285714286,3.942857142857143,1.9142857142857144,2.742857142857143,0.9428571428571428,0.3142857142857143,0.6,-2.0285714285714285,41,117,29,88,27,33,4.269886740079792,14,0.3504273504273504,0.32954545454545453,0.8181818181818182,MIA
200768,Kyle Lowry,2026,16,7.5,1.0625,0.625,0.6875,0.125,0.125,0.25,-2.625,4,25,4,25,5,6,1.8062391868188443,6,0.16,0.16,0.8333333333333334,MIA
200782,P.J. Tucker,2022,88,27.954545454545453,7.579545454545454,5.443181818181818,1.9886363636363635,0.8068181818181818,0.2159090909090909,0.8636363636363636,3.147727272727273,258,529,102,242,49,65,5.068998837670113,23,0.4877126654064272,0.4214876033057851,0.7538461538461538,PHI
200782,P.J. Tucker,2023,86,25.697674418604652,3.7209302325581395,4.011627906976744,0.8837209302325582,0.6046511627906976,0.20930232558139536,0.5697674418604651,1.4534883720930232,115,276,69,180,21,26,3.21266304339085,13,0.4166666666666667,0.38333333333333336,0.8076923076923077,PHI
200782,P.J. Tucker,2024,32,15.40625,1.78125,2.6875,0.5,0.5,0.125,0.3125,-1.4375,20,53,14,36,3,3,2.6848965259090916,10,0.37735849056603776,0.3888888888888889,1.0,PHI
200794,Paul Millsap,2022,33,10.969696969696969,3.242424242424242,3.1818181818181817,0.8787878787878788,0.30303030303030304,0.30303030303030304,0.5454545454545454,-0.6060606060606061,41,109,8,34,17,24,3.4006461061677586,13,0.3761467889908257,0.23529411764705882,0.7083333333333334,BKN
201142,Kevin Durant,2022,22,36.22727272727273,25.40909090909091,6.863636363636363,5.2727272727272725,0.5909090909090909,0.7272727272727273,3.3181818181818183,2.227272727272727,222,428,44,107,71,87,6.744726976782825,38,0.5186915887850467,0.411214953271028,0.8160919540229885,PHX
201142,Kevin Durant,2023,22,35.5,26.181818181818183,6.5,5.090909090909091,0.9545454545454546,1.2272727272727273,3.227272727272727,8.818181818181818,225,404,41,116,85,97,6.772749062982466,45,0.556930693069307,0.35344827586206895,0.8762886597938144,PHX
201142,Kevin Durant,2024,41,37.1219512195122,25.414634146341463,6.512195121951219,4.853658536585366,1.1219512195121952,0.8536585365853658,2.6097560975609757,4.2682926829268295,418,787,99,239,107,136,7.905617021321289,45,0.531130876747141,0.41422594142259417,0.7867647058823529,PHX
201142,Kevin Durant,2025,33,35.121212121212125,24.666666666666668,6.03030303030303,4.181818181818182,0.8181818181818182,0.7272727272727273,3.090909090909091,-0.5757575757575758,318,575,82,187,96,119,7.029698902987714,42,0.5530434782608695,0.4385026737967914,0.8067226890756303,PHX
201142,Kevin Durant,2026,39,35.97435897435897,23.153846153846153,5.589743589743589,5.076923076923077,0.7692307692307693,0.717948717948718,3.0,5.0,343,661,93,221,124,140,6.041690516030922,36,0.518910741301059,0.42081447963800905,0.8857142857142857,PHX
201143,Al Horford,2022,75,30.266666666666666,10.733333333333333,7.906666666666666,3.3066666666666666,0.7466666666666667,0.88,1.0133333333333334,5.013333333333334,310,625,118,301,67,84,5.925969719557899,30,0.496,0.3920265780730897,0.7976190476190477,BOS
201143,Al Horford,2023,69,30.52173913043478,8.942028985507246,6.318840579710145,3.0144927536231885,0.5652173913043478,0.7101449275362319,0.5942028985507246,3.579710144927536,230,505,145,346,12,19,5.161748614941778,23,0.45544554455445546,0.4190751445086705,0.631578947368421,BOS
201143,Al Horford,2024,75,27.2,8.133333333333333,6.453333333333333,2.3733333333333335,0.6,0.6133333333333333,0.68,6.44,235,470,111,285,29,36,4.5806093461440245,24,0.5,0.3894736842105263,0.8055555555555556,BOS
201143,Al Horford,2025,68,28.220588235294116,8.676470588235293,6.176470588235294,2.1029411764705883,0.6323529411764706,0.7794117647058824,0.7647058823529411,5.676470588235294,216,505,122,333,36,41,5.238893515598379,26,0.4277227722772277,0.3663663663663664,0.8780487804878049,BOS
201143,Al Horford,2026,44,21.40909090909091,8.204545454545455,4.75,2.3636363636363638,0.6590909090909091,0.9318181818181818,0.9318181818181818,-0.9772727272727273,133,311,71,198,24,28,4.834851891406739,22,0.42765273311897106,0.35858585858585856,0.8571428571428571,BOS
201144,Mike Conley,2022,74,28.405405405405407,12.986486486486486,2.972972972972973,5.297297297297297,1.3108108108108107,0.28378378378378377,1.7567567567567568,4.351351351351352,341,793,166,407,113,147,6.299583033044794,30,0.4300126103404792,0.40786240786240785,0.7687074829931972,MIN
201144,Mike Conley,2023,68,30.808823529411764,11.352941176470589,2.735294117647059,6.544117647058823,1.1029411764705883,0.19117647058823528,1.5588235294117647,0.4117647058823529,259,607,139,350,115,141,5.471131035029074,28,0.42668863261943984,0.39714285714285713,0.8156028368794326,MIN
201144,Mike Conley,2024,88,29.261363636363637,11.465909090909092,2.965909090909091,5.840909090909091,1.2045454545454546,0.19318181818181818,1.3295454545454546,3.477272727272727,348,766,206,465,107,124,5.287045246630334,25,0.45430809399477806,0.443010752688172,0.8629032258064516,MIN
201144,Mike Conley,2025,86,24.546511627906977,7.813953488372093,2.627906976744186,4.290697674418604,1.0232558139534884,0.19767441860465115,1.0116279069767442,3.7209302325581395,216,564,147,370,93,103,4.6311264743408405,18,0.3829787234042553,0.3972972972972973,0.9029126213592233,MIN
201144,Mike Conley,2026,65,17.46153846153846,4.430769230769231,1.646153846153846,2.8153846153846156,0.6461538461538462,0.2153846153846154,0.6,0.26153846153846155,90,249,68,189,40,43,3.413984250335444,14,0.3614457831325301,0.35978835978835977,0.9302325581395349,MIN
201145,Jeff Green,2022,75,24.24,9.4,3.04,1.2133333333333334,0.38666666666666666,0.28,0.88,0.5066666666666667,255,495,51,164,144,175,5.385164807134505,26,0.5151515151515151,0.31097560975609756,0.8228571428571428,DEN
201145,Jeff Green,2023,73,18.73972602739726,6.794520547945205,2.3013698630136985,1.1095890410958904,0.3150684931506849,0.2876712328767123,0.726027397260274,-3.041095890410959,184,378,38,128,90,122,3.996383448783513,24,0.48677248677248675,0.296875,0.7377049180327869,DEN
201145,Jeff Green,2024,73,16.794520547945204,6.315068493150685,2.3424657534246576,0.9041095890410958,0.2054794520547945,0.3698630136986301,0.6027397260273972,-1.1643835616438356,157,341,51,151,96,119,4.725453277284528,21,0.4604105571847507,0.33774834437086093,0.8067226890756303,DEN
201145,Jeff Green,2025,34,11.264705882352942,4.735294117647059,1.588235294117647,0.5588235294117647,0.17647058823529413,0.11764705882352941,0.23529411764705882,-1.8823529411764706,58,117,30,77,15,19,4.679476942600314,19,0.49572649572649574,0.38961038961038963,0.7894736842105263,DEN
201145,Jeff Green,2026,32,5.84375,2.09375,0.78125,0.25,0.0625,0.0625,0.15625,-1.0625,25,70,12,45,5,5,2.2195520472209207,7,0.35714285714285715,0.26666666666666666,1.0,DEN
201152,Thaddeus Young,2022,56,15.642857142857142,5.678571428571429,3.8214285714285716,1.8928571428571428,1.0,0.23214285714285715,0.9285714285714286,-0.25,139,274,16,50,24,53,4.59686510908998,17,0.5072992700729927,0.32,0.4528301886792453,TOR
201152,Thaddeus Young,2023,53,15.0,4.528301886792453,3.1320754716981134,1.4150943396226414,1.0188679245283019,0.09433962264150944,0.7924528301886793,-1.6981132075471699,108,198,6,34,18,26,4.060142918974204,18,0.5454545454545454,0.17647058823529413,0.6923076923076923,TOR
201152,Thaddeus Young,2024,34,13.117647058823529,4.029411764705882,3.0294117647058822,1.6764705882352942,0.6764705882352942,0.14705882352941177,0.4411764705882353,-1.3235294117647058,65,108,1,7,6,15,4.063774138600024,16,0.6018518518518519,0.14285714285714285,0.4,TOR
201565,Derrick Rose,2022,24,24.25,11.916666666666666,3.0833333333333335,3.9166666666666665,0.875,0.3333333333333333,1.5,4.5,115,257,36,89,20,21,6.0355228631730045,23,0.4474708171206226,0.4044943820224719,0.9523809523809523,NYK
201565,Derrick Rose,2023,28,12.25,5.428571428571429,1.4285714285714286,1.6785714285714286,0.25,0.17857142857142858,0.7857142857142857,-1.2857142857142858,61,163,19,64,11,12,3.9574455980310907,13,0.37423312883435583,0.296875,0.9166666666666666,NYK
201565,Derrick Rose,2024,24,16.625,7.958333333333333,1.875,3.25,0.3333333333333333,0.08333333333333333,1.2916666666666667,-1.375,76,165,15,41,24,27,4.885463501366928,19,0.46060606060606063,0.36585365853658536,0.8888888888888888,NYK
201566,Russell Westbrook,2022,53,33.83018867924528,16.452830188679247,7.226415094339623,7.245283018867925,1.0,0.24528301886792453,3.792452830188679,-1.7735849056603774,350,814,61,183,111,179,5.976125699352027,33,0.42997542997543,0.3333333333333333,0.6201117318435754,LAL
201566,Russell Westbrook,2023,63,28.761904761904763,15.19047619047619,5.7936507936507935,7.555555555555555,1.1111111111111112,0.3968253968253968,3.634920634920635,-1.4126984126984128,371,844,76,246,139,211,6.836470375050278,37,0.4395734597156398,0.3089430894308943,0.6587677725118484,LAL
201566,Russell Westbrook,2024,73,22.095890410958905,10.575342465753424,4.972602739726027,4.287671232876712,1.082191780821918,0.3287671232876712,2.1095890410958904,1.4657534246575343,307,699,46,169,112,167,4.952322149532979,24,0.43919885550786836,0.27218934911242604,0.6706586826347305,LAL
201566,Russell Westbrook,2025,81,27.271604938271604,12.283950617283951,4.802469135802469,5.54320987654321,1.3703703703703705,0.4444444444444444,3.049382716049383,-1.2839506172839505,380,877,105,330,130,209,6.00048866322826,30,0.43329532497149376,0.3181818181818182,0.6220095693779905,LAL
201566,Russell Westbrook,2026,59,28.627118644067796,14.76271186440678,5.389830508474576,6.576271186440678,1.305084745762712,0.15254237288135594,3.3559322033898304,-7.52542372881356,330,766,119,347,92,145,6.254209570088051,27,0.4308093994778068,0.34293948126801155,0.6344827586206897,LAL
201567,Kevin Love,2022,69,22.217391304347824,12.55072463768116,7.188405797101449,2.028985507246377,0.36231884057971014,0.21739130434782608,1.2608695652173914,1.2028985507246377,291,686,164,422,120,148,6.365200038176468,32,0.42419825072886297,0.3886255924170616,0.8108108108108109,MIA
201567,Kevin Love,2023,83,19.180722891566266,7.698795180722891,6.132530120481928,1.6987951807228916,0.30120481927710846,0.2289156626506024,0.9397590361445783,0.8072289156626506,209,542,131,384,90,103,4.960170482315606,29,0.3856088560885609,0.3411458333333333,0.8737864077669902,MIA
201567,Kevin Love,2024,59,15.796610169491526,8.084745762711865,5.796610169491525,1.9152542372881356,0.3050847457627119,0.1694915254237288,0.8305084745762712,1.6101694915254237,158,360,86,247,75,97,5.663823905044402,22,0.4388888888888889,0.3481781376518219,0.7731958762886598,MIA
201567,Kevin Love,2025,23,10.91304347826087,5.304347826086956,4.086956521739131,0.9565217391304348,0.6521739130434783,0.17391304347826086,0.6086956521739131,-1.0869565217391304,41,115,24,67,16,23,4.204270368097565,15,0.3565217391304348,0.3582089552238806,0.6956521739130435,MIA
201567,Kevin Love,2026,37,16.486486486486488,6.702702702702703,5.8108108108108105,1.8108108108108107,0.3783783783783784,0.24324324324324326,0.8108108108108109,-2.1621621621621623,79,199,53,142,37,44,4.605943412018293,20,0.3969849246231156,0.3732394366197183,0.8409090909090909,MIA
201568,Danilo Gallinari,2022,65,25.123076923076923,11.076923076923077,4.553846153846154,1.4615384615384615,0.36923076923076925,0.18461538461538463,0.6,0.7230769230769231,254,590,108,289,104,119,5.958994494427344,27,0.43050847457627117,0.3737024221453287,0.8739495798319328,ATL
201568,Danilo Gallinari,2024,50,12.78,5.28,2.26,1.1,0.28,0.1,0.48,-2.0,82,188,27,91,73,87,4.633683244262955,20,0.43617021276595747,0.2967032967032967,0.8390804597701149,ATL
201569,Eric Gordon,2022,53,29.037735849056602,12.60377358490566,1.9622641509433962,2.6792452830188678,0.4528301886792453,0.2830188679245283,1.849056603773585,-3.452830188679245,238,512,109,272,83,106,5.17887581594511,24,0.46484375,0.4007352941176471,0.7830188679245284,HOU
201569,Eric Gordon,2023,67,28.119402985074625,11.17910447761194,1.8208955223880596,2.4776119402985075,0.582089552238806,0.3582089552238806,1.4179104477611941,-3.5970149253731343,259,598,132,348,99,124,5.204675558643134,22,0.4331103678929766,0.3793103448275862,0.7983870967741935,HOU
201569,Eric Gordon,2024,71,27.746478873239436,10.619718309859154,1.8169014084507042,2.0140845070422535,1.0,0.4084507042253521,1.0845070422535212,1.323943661971831,273,631,150,403,58,72,6.661973532526869,25,0.4326465927099842,0.37220843672456577,0.8055555555555556,HOU
201569,Eric Gordon,2025,39,19.692307692307693,6.82051282051282,1.1794871794871795,1.6666666666666667,0.6666666666666666,0.3076923076923077,0.717948717948718,-1.8461538461538463,87,204,56,137,36,48,5.295836472231821,15,0.4264705882352941,0.40875912408759124,0.75,HOU
201571,D.J. Augustin,2022,54,16.14814814814815,5.2407407407407405,1.2592592592592593,1.9814814814814814,0.3148148148148148,0.018518518518518517,1.0185185185185186,-3.037037037037037,93,219,67,161,30,35,4.765976845307474,22,0.4246575342465753,0.4161490683229814,0.8571428571428571,HOU
201572,Brook Lopez,2022,20,24.05,11.45,4.3,0.7,0.5,0.9,0.95,-0.45,89,189,21,65,30,35,6.1428178001887535,25,0.4708994708994709,0.3230769230769231,0.8571428571428571,MIL
201572,Brook Lopez,2023,42,29.357142857142858,15.142857142857142,5.9523809523809526,1.1904761904761905,0.5,1.119047619047619,1.4523809523809523,1.5,248,454,78,194,62,79,6.704826905502677,30,0.5462555066079295,0.4020618556701031,0.7848101265822784,MIL
201572,Brook Lopez,2024,49,29.816326530612244,13.16326530612245,4.775510204081633,1.4285714285714286,0.4897959183673469,1.183673469387755,0.9387755102040817,0.0,242,473,104,252,57,72,5.969879042519449,28,0.5116279069767442,0.4126984126984127,0.7916666666666666,MIL
201572,Brook Lopez,2025,56,29.660714285714285,11.446428571428571,4.446428571428571,1.5535714285714286,0.5714285714285714,1.0,1.1785714285714286,-0.14285714285714285,248,485,86,234,59,71,6.2549460948397195,23,0.511340206185567,0.36752136752136755,0.8309859154929577,MIL
201572,Brook Lopez,2026,68,21.426470588235293,8.279411764705882,3.3088235294117645,1.2941176470588236,0.6176470588235294,0.8676470588235294,0.7941176470588235,0.29411764705882354,204,482,104,290,51,67,6.214680713056195,31,0.42323651452282157,0.3586206896551724,0.7611940298507462,MIL
201577,Robin Lopez,2022,36,16.944444444444443,7.055555555555555,3.5,1.5,0.05555555555555555,0.5,1.2222222222222223,-1.8055555555555556,110,199,2,6,32,54,5.159980312500894,20,0.5527638190954773,0.3333333333333333,0.5925925925925926,CLE
201577,Robin Lopez,2023,38,7.973684210526316,3.1578947368421053,1.368421052631579,0.5,0.05263157894736842,0.21052631578947367,0.6842105263157895,-1.394736842105263,51,78,2,4,16,20,3.234328668296737,12,0.6538461538461539,0.5,0.8,CLE
201577,Robin Lopez,2024,16,3.9375,1.125,0.3125,0.25,0.0625,0.1875,0.125,-1.4375,7,19,2,8,2,2,1.746424919657298,6,0.3684210526315789,0.25,1.0,CLE
201580,JaVale McGee,2022,74,14.986486486486486,8.81081081081081,6.0675675675675675,0.5675675675675675,0.2972972972972973,0.6486486486486487,1.2567567567567568,0.7297297297297297,278,438,1,9,95,134,4.761937201278764,21,0.634703196347032,0.1111111111111111,0.7089552238805971,PHX
201580,JaVale McGee,2023,40,8.425,4.45,2.4,0.25,0.1,0.5,0.875,-1.425,76,118,2,5,24,41,3.9480602182818196,18,0.6440677966101694,0.4,0.5853658536585366,PHX
201580,JaVale McGee,2024,45,7.066666666666666,3.888888888888889,2.6444444444444444,0.35555555555555557,0.3111111111111111,0.3111111111111111,0.7333333333333333,-0.26666666666666666,74,126,1,7,26,43,3.358992152838153,12,0.5873015873015873,0.14285714285714285,0.6046511627906976,PHX
201586,Serge Ibaka,2022,60,15.033333333333333,6.233333333333333,4.333333333333333,0.8166666666666667,0.18333333333333332,0.55,0.75,-1.1333333333333333,152,312,37,102,33,46,5.221749387577563,20,0.48717948717948717,0.3627450980392157,0.717391304347826,MIL
201586,Serge Ibaka,2023,16,11.6875,4.125,2.75,0.25,0.125,0.4375,0.6875,-1.5625,26,54,6,18,8,13,3.4034296427770236,11,0.48148148148148145,0.3333333333333333,0.6153846153846154,MIL
201587,Nicolas Batum,2022,57,24.57894736842105,8.192982456140351,4.385964912280702,1.6666666666666667,0.9473684210526315,0.543859649122807,0.6491228070175439,-1.9473684210526316,171,376,104,264,21,35,6.359578255589945,32,0.45478723404255317,0.3939393939393939,0.6,LAC
201587,Nicolas Batum,2023,82,21.658536585365855,5.975609756097561,3.7560975609756095,1.5365853658536586,0.6829268292682927,0.524390243902439,0.6219512195121951,1.7073170731707317,165,395,128,330,32,46,5.564383230396561,24,0.4177215189873418,0.3878787878787879,0.6956521739130435,LAC
201587,Nicolas Batum,2024,63,25.80952380952381,5.634920634920635,4.365079365079365,2.0793650793650795,0.746031746031746,0.5555555555555556,0.7142857142857143,2.3492063492063493,127,284,82,207,19,27,4.6256702646022445,20,0.4471830985915493,0.3961352657004831,0.7037037037037037,LAC
201587,Nicolas Batum,2025,82,17.70731707317073,4.036585365853658,2.8048780487804876,1.0609756097560976,0.6829268292682927,0.4634146341463415,0.43902439024390244,1.4878048780487805,110,256,94,222,17,21,3.775964015415021,17,0.4296875,0.42342342342342343,0.8095238095238095,LAC
201587,Nicolas Batum,2026,74,17.45945945945946,3.9594594594594597,2.4864864864864864,0.8648648648648649,0.6351351351351351,0.3108108108108108,0.5,-0.1891891891891892,96,238,92,228,9,11,3.312240433621142,14,0.40336134453781514,0.40350877192982454,0.8181818181818182,LAC
201588,George Hill,2022,57,22.263157894736842,5.421052631578948,2.6491228070175437,2.087719298245614,0.6842105263157895,0.10526315789473684,0.6842105263157895,4.491228070175438,112,265,38,125,47,52,4.3092399413563,16,0.4226415094339623,0.304,0.9038461538461539,MIL
201588,George Hill,2023,46,18.130434782608695,5.043478260869565,1.8478260869565217,2.391304347826087,0.5652173913043478,0.13043478260869565,0.7391304347826086,0.8913043478260869,78,166,34,95,42,55,4.173762074564441,17,0.46987951807228917,0.35789473684210527,0.7636363636363637,MIL
201599,DeAndre Jordan,2022,47,13.0,4.25531914893617,5.319148936170213,0.46808510638297873,0.2553191489361702,0.6595744680851063,0.7872340425531915,-3.234042553191489,90,138,0,0,20,32,3.03220457255818,10,0.6521739130434783,0.0,0.625,DEN
201599,DeAndre Jordan,2023,41,14.317073170731707,4.853658536585366,4.878048780487805,0.8536585365853658,0.2926829268292683,0.5121951219512195,1.2195121951219512,-2.8536585365853657,88,116,1,1,22,48,3.2906000638922692,12,0.7586206896551724,1.0,0.4583333333333333,DEN
201599,DeAndre Jordan,2024,36,9.75,3.2222222222222223,3.8055555555555554,0.5277777777777778,0.1111111111111111,0.3888888888888889,0.5277777777777778,-3.3055555555555554,49,80,0,0,18,34,2.8993704844930055,11,0.6125,0.0,0.5294117647058824,DEN
201599,DeAndre Jordan,2025,60,10.95,3.316666666666667,4.383333333333334,0.9,0.23333333333333334,0.35,0.6833333333333333,-0.6666666666666666,90,136,0,0,19,52,2.971569617003877,12,0.6617647058823529,0.0,0.36538461538461536,DEN
201609,Goran Dragic,2022,25,22.88,7.76,3.28,3.68,0.84,0.16,1.56,0.28,75,180,21,73,23,29,5.150080905513363,21,0.4166666666666667,0.2876712328767123,0.7931034482758621,CHI
201609,Goran Dragic,2023,60,14.583333333333334,6.15,1.35,2.533333333333333,0.21666666666666667,0.06666666666666667,1.05,0.0,141,337,52,146,35,49,4.8286749419395845,16,0.41839762611275966,0.3561643835616438,0.7142857142857143,CHI
201933,Blake Griffin,2022,56,17.142857142857142,6.446428571428571,4.035714285714286,1.9285714285714286,0.4642857142857143,0.21428571428571427,0.5714285714285714,-1.875,132,313,40,149,57,78,5.026908114816224,19,0.4217252396166134,0.2684563758389262,0.7307692307692307,BKN
201933,Blake Griffin,2023,42,13.69047619047619,4.0476190476190474,3.738095238095238,1.4523809523809523,0.3333333333333333,0.21428571428571427,0.5238095238095238,2.5,63,131,23,66,21,32,4.4280281409662825,15,0.48091603053435117,0.3484848484848485,0.65625,BKN
201935,James Harden,2022,30,36.166666666666664,16.0,7.133333333333334,10.0,1.0,0.43333333333333335,4.7,-3.2333333333333334,164,425,59,190,93,106,5.971195224893681,39,0.38588235294117645,0.3105263157894737,0.8773584905660378,LAC
201935,James Harden,2023,39,36.61538461538461,19.076923076923077,6.461538461538462,10.384615384615385,1.3333333333333333,0.5384615384615384,3.128205128205128,3.641025641025641,259,574,99,267,127,152,8.688724136805476,45,0.45121951219512196,0.3707865168539326,0.8355263157894737,LAC
201935,James Harden,2024,54,34.05555555555556,14.962962962962964,4.777777777777778,8.462962962962964,1.1296296296296295,0.5925925925925926,2.5,1.6481481481481481,257,611,132,356,162,187,6.655861264210192,35,0.4206219312602291,0.3707865168539326,0.8663101604278075,LAC
201935,James Harden,2025,39,35.07692307692308,18.153846153846153,5.153846153846154,8.41025641025641,1.564102564102564,0.6923076923076923,4.282051282051282,-0.7692307692307693,236,588,102,298,134,160,5.4024286036757365,30,0.4013605442176871,0.3422818791946309,0.8375,LAC
201935,James Harden,2026,38,35.68421052631579,19.31578947368421,4.2894736842105265,7.815789473684211,1.1842105263157894,0.2894736842105263,3.6842105263157894,-1.2894736842105263,252,586,112,296,118,148,4.882983487404456,35,0.4300341296928328,0.3783783783783784,0.7972972972972973,LAC
201937,Ricky Rubio,2022,30,28.0,11.866666666666667,4.033333333333333,6.866666666666666,1.5333333333333334,0.23333333333333334,2.6,6.0,122,342,49,143,63,76,7.52803190533994,37,0.3567251461988304,0.34265734265734266,0.8289473684210527,CLE
201937,Ricky Rubio,2023,35,15.942857142857143,4.628571428571429,2.085714285714286,3.3142857142857145,0.7142857142857143,0.17142857142857143,1.0285714285714285,1.0571428571428572,60,176,21,81,21,27,3.6709168135631782,13,0.3409090909090909,0.25925925925925924,0.7777777777777778,CLE
201939,Stephen Curry,2022,54,33.611111111111114,23.314814814814813,5.111111111111111,5.518518518518518,1.2407407407407407,0.4074074074074074,3.074074074074074,5.944444444444445,451,997,230,582,127,153,8.89524798740947,45,0.45235707121364094,0.3951890034364261,0.8300653594771242,GSW
201939,Stephen Curry,2023,47,34.787234042553195,28.06382978723404,5.638297872340425,6.617021276595745,0.8723404255319149,0.3404255319148936,3.1914893617021276,4.723404255319149,476,973,227,544,140,162,8.385816844190602,50,0.4892086330935252,0.4172794117647059,0.8641975308641975,GSW
201939,Stephen Curry,2024,53,32.283018867924525,24.41509433962264,4.30188679245283,5.320754716981132,0.7547169811320755,0.3584905660377358,2.7735849056603774,2.7169811320754715,450,1032,256,631,138,151,9.230872036195777,46,0.436046511627907,0.40570522979397783,0.9139072847682119,GSW
201939,Stephen Curry,2025,57,32.03508771929825,22.05263157894737,4.43859649122807,6.0,1.1403508771929824,0.45614035087719296,2.8421052631578947,3.473684210526316,443,995,234,609,137,149,8.376030965609075,38,0.4452261306532663,0.3842364532019704,0.9194630872483222,GSW
201939,Stephen Curry,2026,29,30.0,24.79310344827586,3.1724137931034484,4.724137931034483,0.9310344827586207,0.4482758620689655,2.793103448275862,1.4137931034482758,251,533,133,327,84,95,10.300413689143156,48,0.4709193245778612,0.40672782874617736,0.8842105263157894,GSW
201942,DeMar DeRozan,2022,32,34.90625,22.8125,4.6875,5.0625,1.0,0.375,2.34375,-3.59375,300,596,20,50,110,139,7.082178906559488,38,0.5033557046979866,0.4,0.7913669064748201,CHI
201942,DeMar DeRozan,2023,37,34.75675675675676,19.675675675675677,4.0,5.027027027027027,1.0810810810810811,0.5405405405405406,2.3513513513513513,-1.5135135135135136,287,588,23,76,131,161,7.249728171356396,33,0.4880952380952381,0.3026315789473684,0.8136645962732919,CHI
201942,DeMar DeRozan,2024,32,36.90625,20.71875,4.3125,5.59375,0.90625,0.46875,1.59375,-2.34375,263,527,32,81,105,127,5.798967510992657,30,0.4990512333965844,0.3950617283950617,0.8267716535433071,CHI
201942,DeMar DeRozan,2025,48,35.458333333333336,20.3125,3.5208333333333335,4.5625,0.7291666666666666,0.4375,1.3958333333333333,0.10416666666666667,385,805,54,151,151,181,7.936332423760079,35,0.4782608695652174,0.3576158940397351,0.8342541436464088,CHI
201942,DeMar DeRozan,2026,51,29.568627450980394,14.862745098039216,2.627450980392157,3.4313725490196076,1.1568627450980393,0.35294117647058826,1.1372549019607843,-9.137254901960784,294,606,32,99,138,168,7.496718236250146,39,0.48514851485148514,0.32323232323232326,0.8214285714285714,CHI
201949,James Johnson,2022,60,18.933333333333334,5.283333333333333,3.433333333333333,2.0833333333333335,0.48333333333333334,0.43333333333333335,0.7833333333333333,-1.15,136,294,19,78,26,52,4.9952237074034676,19,0.46258503401360546,0.24358974358974358,0.5,BKN
201949,James Johnson,2023,18,9.055555555555555,2.8333333333333335,1.6666666666666667,0.8333333333333334,0.3888888888888889,0.3333333333333333,0.4444444444444444,-0.3888888888888889,22,49,3,15,4,8,2.684377460965796,8,0.4489795918367347,0.2,0.5,BKN
201949,James Johnson,2025,17,3.2941176470588234,0.8823529411764706,0.4117647058823529,0.35294117647058826,0.11764705882352941,0.23529411764705882,0.29411764705882354,-1.1176470588235294,7,16,0,4,1,3,1.3173056280328643,4,0.4375,0.0,0.3333333333333333,BKN
201950,Jrue Holiday,2022,68,33.8235294117647,18.044117647058822,4.602941176470588,6.75,1.5294117647058822,0.4117647058823529,2.676470588235294,6.1911764705882355,493,1041,131,347,110,145,6.463292039352129,40,0.473583093179635,0.37752161383285304,0.7586206896551724,BOS
201950,Jrue Holiday,2023,63,32.42857142857143,18.333333333333332,5.0476190476190474,7.253968253968254,1.1587301587301588,0.3492063492063492,2.6825396825396823,6.777777777777778,452,974,142,394,109,130,7.424892743876137,37,0.46406570841889117,0.3604060913705584,0.8384615384615385,BOS
201950,Jrue Holiday,2024,86,33.86046511627907,12.604651162790697,5.5813953488372094,4.767441860465116,0.9418604651162791,0.686046511627907,1.744186046511628,6.569767441860465,418,864,169,401,79,92,5.043992512396929,28,0.4837962962962963,0.42144638403990026,0.8586956521739131,BOS
201950,Jrue Holiday,2025,69,30.956521739130434,10.81159420289855,4.246376811594203,3.9130434782608696,1.0,0.391304347826087,1.318840579710145,4.913043478260869,280,627,115,327,71,82,5.372247208403685,25,0.44657097288676234,0.3516819571865443,0.8658536585365854,BOS
201950,Jrue Holiday,2026,57,30.36842105263158,16.087719298245613,4.5964912280701755,6.105263157894737,1.0350877192982457,0.14035087719298245,2.8771929824561404,1.8771929824561404,342,777,148,395,85,102,7.186993961700106,35,0.44015444015444016,0.37468354430379747,0.8333333333333334,BOS
201959,Taj Gibson,2022,48,17.958333333333332,4.458333333333333,4.270833333333333,0.625,0.4166666666666667,0.5625,0.5208333333333334,-0.08333333333333333,80,158,15,38,39,48,3.7186037950280704,13,0.5063291139240507,0.39473684210526316,0.8125,NYK
201959,Taj Gibson,2023,48,10.041666666666666,3.5,1.9375,0.7083333333333334,0.3125,0.25,0.5416666666666666,-0.08333333333333333,65,125,8,24,30,42,3.494676803002934,14,0.52,0.3333333333333333,0.7142857142857143,NYK
201959,Taj Gibson,2024,17,11.058823529411764,2.0,2.0,0.47058823529411764,0.17647058823529413,0.23529411764705882,0.29411764705882354,-1.8823529411764706,15,36,2,9,2,2,2.1505813167606567,8,0.4166666666666667,0.2222222222222222,1.0,NYK
201959,Taj Gibson,2025,35,10.714285714285714,2.942857142857143,3.1142857142857143,0.5428571428571428,0.22857142857142856,0.34285714285714286,0.6285714285714286,-2.8857142857142857,45,87,1,2,12,18,2.3879951860092516,10,0.5172413793103449,0.5,0.6666666666666666,NYK
201961,Wayne Ellington,2022,43,18.976744186046513,6.674418604651163,1.7906976744186047,0.6976744186046512,0.5348837209302325,0.11627906976744186,0.4418604651162791,-1.372093023255814,98,237,82,211,9,11,4.150277846307448,18,0.41350210970464135,0.3886255924170616,0.8181818181818182,LAL
201976,Patrick Beverley,2022,59,25.610169491525422,8.813559322033898,4.016949152542373,4.576271186440678,1.11864406779661,0.7966101694915254,1.3389830508474576,0.7966101694915254,173,434,83,242,91,127,3.7346216919207555,20,0.3986175115207373,0.34297520661157027,0.7165354330708661,MIN
201976,Patrick Beverley,2023,68,27.029411764705884,6.0588235294117645,3.6029411764705883,2.8970588235294117,0.9411764705882353,0.5735294117647058,0.8529411764705882,-1.2058823529411764,143,362,79,242,47,65,4.206896799876512,18,0.39502762430939226,0.32644628099173556,0.7230769230769231,MIN
201976,Patrick Beverley,2024,78,21.205128205128204,6.358974358974359,3.2948717948717947,3.1153846153846154,0.6153846153846154,0.41025641025641024,0.8974358974358975,-0.8974358974358975,172,415,65,192,87,105,5.152163481954793,26,0.41445783132530123,0.3385416666666667,0.8285714285714286,MIN
201980,Danny Green,2022,73,22.575342465753426,6.315068493150685,2.643835616438356,0.9726027397260274,0.958904109589041,0.5205479452054794,0.7671232876712328,1.5753424657534247,159,400,132,339,11,15,4.418637020648283,21,0.3975,0.3893805309734513,0.7333333333333333,PHI
201980,Danny Green,2023,15,11.933333333333334,4.266666666666667,1.4,0.4666666666666667,0.5333333333333333,0.26666666666666666,0.8,-2.0,23,54,17,41,1,1,5.7627704977314345,21,0.42592592592592593,0.4146341463414634,1.0,PHI
201988,Patty Mills,2022,86,28.302325581395348,11.093023255813954,1.9186046511627908,2.13953488372093,0.5930232558139535,0.22093023255813954,0.872093023255814,1.441860465116279,335,815,236,586,48,59,7.6629404692159095,34,0.4110429447852761,0.40273037542662116,0.8135593220338984,BKN
201988,Patty Mills,2023,41,13.975609756097562,6.0,1.0731707317073171,1.3658536585365855,0.36585365853658536,0.07317073170731707,0.7317073170731707,-1.6341463414634145,86,211,49,136,25,30,6.511528238439883,24,0.4075829383886256,0.3602941176470588,0.8333333333333334,BKN
201988,Patty Mills,2024,36,13.11111111111111,4.027777777777778,1.0,1.0555555555555556,0.5833333333333334,0.027777777777777776,0.4722222222222222,-0.2222222222222222,52,148,27,98,14,15,4.5449256546558825,17,0.35135135135135137,0.2755102040816326,0.9333333333333333,BKN
201988,Patty Mills,2025,30,10.833333333333334,3.8,0.7333333333333333,0.8666666666666667,0.43333333333333335,0.1,0.6,-0.3,37,98,27,76,13,14,4.147288270665545,14,0.37755102040816324,0.35526315789473684,0.9285714285714286,BKN
202066,Garrett Temple,2022,60,18.366666666666667,5.15,2.4,1.2333333333333334,0.7166666666666667,0.38333333333333336,0.7,-5.466666666666667,111,295,59,185,28,41,4.9397213947374725,22,0.376271186440678,0.31891891891891894,0.6829268292682927,NOP
202066,Garrett Temple,2023,25,6.52,2.0,0.68,0.52,0.36,0.08,0.16,-0.68,18,45,11,26,3,4,2.19848432637882,6,0.4,0.4230769230769231,0.75,NOP
202066,Garrett Temple,2024,26,10.23076923076923,3.0384615384615383,1.6153846153846154,0.8076923076923077,0.46153846153846156,0.11538461538461539,0.5,-3.1538461538461537,28,70,11,35,12,16,3.3284322944085165,15,0.4,0.3142857142857143,0.75,NOP
202066,Garrett Temple,2025,27,8.37037037037037,1.962962962962963,1.0740740740740742,1.1481481481481481,0.6296296296296297,0.07407407407407407,0.37037037037037035,-1.037037037037037,18,60,6,28,11,12,3.2519991659744587,12,0.3,0.21428571428571427,0.9166666666666666,NOP
202066,Garrett Temple,2026,23,3.260869565217391,0.7391304347826086,0.391304347826087,0.43478260869565216,0.17391304347826086,0.08695652173913043,0.30434782608695654,-0.17391304347826086,4,16,3,12,6,9,1.5140971298358223,5,0.25,0.25,0.6666666666666666,NOP
202083,Wesley Matthews,2022,61,22.131147540983605,5.295081967213115,2.1147540983606556,0.819672131147541,0.5245901639344263,0.18032786885245902,0.39344262295081966,2.4098360655737703,112,284,71,202,28,37,3.87016047167333,16,0.39436619718309857,0.35148514851485146,0.7567567567567568,MIL
202083,Wesley Matthews,2023,54,15.925925925925926,3.537037037037037,2.1481481481481484,0.6481481481481481,0.4074074074074074,0.25925925925925924,0.3333333333333333,0.3888888888888889,62,169,43,131,24,28,2.7657812227627985,11,0.3668639053254438,0.3282442748091603,0.8571428571428571,MIL
202083,Wesley Matthews,2024,37,11.45945945945946,2.972972972972973,1.4324324324324325,0.6486486486486487,0.43243243243243246,0.2972972972972973,0.21621621621621623,-2.054054054054054,34,99,24,71,18,24,2.8527422137547123,13,0.3434343434343434,0.3380281690140845,0.75,MIL
202322,John Wall,2023,31,22.032258064516128,10.580645161290322,2.774193548387097,5.419354838709677,0.8387096774193549,0.3870967741935484,2.3870967741935485,-1.8709677419354838,121,302,31,99,55,84,4.303287065708314,17,0.40066225165562913,0.31313131313131315,0.6547619047619048,LAC
202324,Derrick Favors,2022,38,16.473684210526315,5.0,4.605263157894737,0.6578947368421053,0.42105263157894735,0.23684210526315788,0.21052631578947367,-3.526315789473684,86,169,2,14,16,25,3.69806377387893,15,0.5088757396449705,0.14285714285714285,0.64,OKC
202326,DeMarcus Cousins,2022,51,14.509803921568627,8.647058823529411,5.352941176470588,1.392156862745098,0.6862745098039216,0.4117647058823529,1.7058823529411764,0.3333333333333333,156,333,38,124,91,123,5.180052236847673,22,0.46846846846846846,0.3064516129032258,0.7398373983739838,DEN
202330,Gordon Hayward,2022,40,31.575,13.85,4.575,3.475,0.975,0.35,1.525,-1.95,210,473,68,179,66,80,7.512553596378634,30,0.4439746300211416,0.37988826815642457,0.825,CHA
202330,Gordon Hayward,2023,47,31.48936170212766,14.148936170212766,4.361702127659575,4.0638297872340425,0.8723404255319149,0.23404255319148937,1.9574468085106382,-2.851063829787234,253,539,49,151,110,139,6.248404051555035,27,0.46938775510204084,0.32450331125827814,0.7913669064748201,CHA
202330,Gordon Hayward,2024,56,21.75,8.089285714285714,3.2857142857142856,2.642857142857143,0.6428571428571429,0.21428571428571427,1.1428571428571428,-2.75,171,371,35,84,76,104,7.476695394756566,27,0.4609164420485175,0.4166666666666667,0.7307692307692307,CHA
202331,Paul George,2022,20,34.6,21.55,6.45,6.05,2.2,0.3,3.95,3.75,170,409,58,163,33,41,6.176994670379337,32,0.4156479217603912,0.3558282208588957,0.8048780487804879,LAC
202331,Paul George,2023,34,33.88235294117647,21.61764705882353,5.852941176470588,4.970588235294118,1.5,0.35294117647058826,2.9705882352941178,3.411764705882353,280,622,97,267,78,96,8.168730867942088,40,0.45016077170418006,0.36329588014981273,0.8125,LAC
202331,Paul George,2024,60,33.75,21.3,5.45,3.75,1.4666666666666666,0.43333333333333335,1.8166666666666667,5.6,472,1017,203,486,131,151,7.811985576283907,41,0.464110127826942,0.4176954732510288,0.8675496688741722,LAC
202331,Paul George,2025,38,32.44736842105263,16.57894736842105,5.315789473684211,4.342105263157895,1.8157894736842106,0.4473684210526316,2.473684210526316,-2.026315789473684,235,536,94,249,66,81,7.646343690614024,33,0.43843283582089554,0.37751004016064255,0.8148148148148148,LAC
202331,Paul George,2026,45,31.77777777777778,16.511111111111113,5.022222222222222,3.533333333333333,1.5555555555555556,0.37777777777777777,1.6222222222222222,1.0222222222222221,270,613,123,306,80,102,6.517885261557485,39,0.44045676998368677,0.4019607843137255,0.7843137254901961,LAC
202334,Ed Davis,2022,31,6.483870967741935,0.9032258064516129,2.064516129032258,0.22580645161290322,0.0967741935483871,0.2903225806451613,0.16129032258064516,0.5161290322580645,11,16,0,0,6,14,1.9035902694588704,7,0.6875,0.0,0.42857142857142855,CLE
202339,Eric Bledsoe,2022,52,24.826923076923077,9.346153846153847,3.3846153846153846,4.1923076923076925,1.2692307692307692,0.2692307692307692,2.1346153846153846,-1.2307692307692308,180,440,45,151,81,107,5.586695032631723,22,0.4090909090909091,0.2980132450331126,0.7570093457943925,LAC
202340,Avery Bradley,2022,62,22.774193548387096,6.354838709677419,2.193548387096774,0.7580645161290323,0.8548387096774194,0.14516129032258066,0.6129032258064516,-2.9193548387096775,148,350,82,210,16,18,5.194880121981226,22,0.4228571428571429,0.3904761904761905,0.8888888888888888,LAL
202355,Hassan Whiteside,2022,56,16.571428571428573,7.214285714285714,6.678571428571429,0.35714285714285715,0.2857142857142857,1.0178571428571428,0.7321428571428571,2.4464285714285716,161,256,0,0,82,123,4.475038997145615,16,0.62890625,0.0,0.6666666666666666,UTA
202357,Nemanja Bjelica,2022,86,15.0,5.534883720930233,3.7790697674418605,2.046511627906977,0.5232558139534884,0.32558139534883723,1.0930232558139534,1.313953488372093,178,376,57,157,63,88,4.117959730165083,19,0.4734042553191489,0.3630573248407643,0.7159090909090909,GSW
202362,Lance Stephenson,2022,43,17.0,7.5813953488372094,2.627906976744186,3.488372093023256,0.5348837209302325,0.09302325581395349,1.5813953488372092,-2.6511627906976742,130,284,26,83,40,55,6.389099937130779,30,0.45774647887323944,0.3132530120481928,0.7272727272727273,IND
202397,Ish Smith,2022,65,17.353846153846153,6.3076923076923075,2.1538461538461537,3.753846153846154,0.7230769230769231,0.35384615384615387,1.2,-2.3846153846153846,185,430,25,67,15,24,5.237852246278636,22,0.43023255813953487,0.373134328358209,0.625,CHA
202397,Ish Smith,2023,46,8.891304347826088,2.391304347826087,1.1956521739130435,2.1956521739130435,0.17391304347826086,0.15217391304347827,0.9565217391304348,-0.8913043478260869,53,133,2,12,2,4,3.3431738803422864,11,0.39849624060150374,0.16666666666666666,0.5,CHA
202397,Ish Smith,2024,43,17.209302325581394,3.2325581395348837,1.7674418604651163,3.372093023255814,0.3953488372093023,0.09302325581395349,1.0930232558139534,-6.511627906976744,66,158,4,8,3,4,2.810161911132063,10,0.4177215189873418,0.5,0.75,CHA
202681,Kyrie Irving,2022,21,37.142857142857146,21.238095238095237,4.523809523809524,5.476190476190476,1.2857142857142858,0.47619047619047616,2.1904761904761907,2.3333333333333335,177,410,51,149,41,45,7.306878690006848,35,0.4317073170731707,0.3422818791946309,0.9111111111111111,DAL
202681,Kyrie Irving,2023,39,37.1025641025641,25.17948717948718,4.82051282051282,5.487179487179487,0.8717948717948718,0.46153846153846156,2.0256410256410255,4.3076923076923075,378,767,128,331,98,116,8.217029156036086,48,0.49282920469361147,0.3867069486404834,0.8448275862068966,DAL
202681,Kyrie Irving,2024,65,35.8,22.876923076923077,4.323076923076923,4.984615384615385,1.1846153846153846,0.4,1.7692307692307692,5.369230769230769,585,1208,181,446,136,157,7.266162356059446,39,0.48427152317880795,0.40582959641255606,0.8662420382165605,DAL
202681,Kyrie Irving,2025,37,35.13513513513514,22.0,4.702702702702703,4.72972972972973,1.2702702702702702,0.4594594594594595,2.108108108108108,4.648648648648648,307,657,102,237,98,109,7.874007874011811,43,0.4672754946727549,0.43037974683544306,0.8990825688073395,DAL
202683,Enes Freedom,2022,35,11.771428571428572,3.657142857142857,4.571428571428571,0.22857142857142856,0.14285714285714285,0.4,0.5714285714285714,2.0,51,97,2,5,24,28,3.5723024141042603,15,0.5257731958762887,0.4,0.8571428571428571,BOS
202684,Tristan Thompson,2022,60,14.9,5.466666666666667,4.716666666666667,0.55,0.36666666666666664,0.3333333333333333,0.8333333333333334,-1.35,137,260,1,3,53,99,4.46252443060935,17,0.5269230769230769,0.3333333333333333,0.5353535353535354,CLE
202684,Tristan Thompson,2024,58,10.758620689655173,2.9655172413793105,3.2586206896551726,1.0344827586206897,0.22413793103448276,0.3275862068965517,0.5344827586206896,-0.8103448275862069,79,133,0,1,14,46,2.8032907807524907,10,0.5939849624060151,0.0,0.30434782608695654,CLE
202684,Tristan Thompson,2025,43,8.30232558139535,1.7674418604651163,3.4651162790697674,0.5813953488372093,0.06976744186046512,0.3023255813953488,0.37209302325581395,-1.3488372093023255,34,77,0,3,8,33,2.180401986772225,8,0.44155844155844154,0.0,0.24242424242424243,CLE
202685,Jonas Valanciunas,2022,65,29.56923076923077,16.338461538461537,11.23076923076923,2.4307692307692306,0.5384615384615384,0.6461538461538462,2.4461538461538463,-0.6153846153846154,427,786,50,138,158,201,5.935267799025909,39,0.5432569974554707,0.36231884057971014,0.7860696517412935,NOP
202685,Jonas Valanciunas,2023,69,24.52173913043478,13.478260869565217,9.942028985507246,1.826086956521739,0.2318840579710145,0.4492753623188406,2.028985507246377,-0.5797101449275363,384,713,32,95,130,162,6.10594863192053,37,0.5385694249649369,0.3368421052631579,0.8024691358024691,NOP
202685,Jonas Valanciunas,2024,75,22.8,11.2,8.72,1.8533333333333333,0.37333333333333335,0.64,1.3333333333333333,1.08,346,637,31,104,117,152,5.65446487061092,29,0.543171114599686,0.2980769230769231,0.7697368421052632,NOP
202685,Jonas Valančiūnas,2025,77,18.415584415584416,10.103896103896103,7.532467532467533,2.0,0.4025974025974026,0.42857142857142855,1.4545454545454546,-3.935064935064935,319,583,8,35,132,152,5.554951360780985,23,0.5471698113207547,0.22857142857142856,0.868421052631579,NOP
202685,Jonas Valančiūnas,2026,64,12.609375,7.984375,4.703125,1.15625,0.1875,0.484375,1.140625,-1.28125,214,372,8,25,75,101,4.671739377311603,23,0.5752688172043011,0.32,0.7425742574257426,NOP
202687,Bismack Biyombo,2022,42,13.095238095238095,5.214285714285714,4.214285714285714,0.5952380952380952,0.2619047619047619,0.5238095238095238,0.7380952380952381,1.2380952380952381,91,154,0,0,37,70,5.714917212492637,21,0.5909090909090909,0.0,0.5285714285714286,PHX
202687,Bismack Biyombo,2023,53,11.981132075471699,3.3207547169811322,3.490566037735849,0.7924528301886793,0.2830188679245283,0.8301886792452831,0.7547169811320755,-0.03773584905660377,78,137,0,0,20,59,3.087029845272365,11,0.5693430656934306,0.0,0.3389830508474576,PHX
202687,Bismack Biyombo,2024,33,19.181818181818183,4.333333333333333,5.090909090909091,1.2121212121212122,0.24242424242424243,0.6666666666666666,0.8484848484848485,-2.1818181818181817,63,108,0,0,17,40,4.262237284181475,15,0.5833333333333334,0.0,0.425,PHX
202687,Bismack Biyombo,2025,25,18.76,5.12,5.52,1.2,0.52,0.64,1.0,-3.16,60,104,0,0,8,20,3.811386449399571,13,0.5769230769230769,0.0,0.4,PHX
202687,Bismack Biyombo,2026,34,4.970588235294118,0.8529411764705882,0.8529411764705882,0.14705882352941177,0.11764705882352941,0.11764705882352941,0.29411764705882354,-2.9705882352941178,12,22,0,0,5,7,1.3736117607105038,5,0.5454545454545454,0.0,0.7142857142857143,PHX
202689,Kemba Walker,2022,35,24.771428571428572,10.228571428571428,2.742857142857143,3.4285714285714284,0.7428571428571429,0.2,1.3428571428571427,-5.457142857142857,127,323,61,174,43,52,6.825926846291598,26,0.3931888544891641,0.3505747126436782,0.8269230769230769,NYK
202691,Klay Thompson,2022,49,32.02040816326531,19.73469387755102,3.857142857142857,2.510204081632653,0.6938775510204082,0.4897959183673469,1.2857142857142858,1.7346938775510203,371,861,171,448,54,63,8.015026279339537,41,0.43089430894308944,0.38169642857142855,0.8571428571428571,GSW
202691,Klay Thompson,2023,78,33.41025641025641,21.23076923076923,4.102564102564102,2.3974358974358974,0.6923076923076923,0.38461538461538464,1.8076923076923077,1.6153846153846154,604,1395,331,822,117,134,8.954318521239914,54,0.4329749103942652,0.402676399026764,0.8731343283582089,GSW
202691,Klay Thompson,2024,74,29.7027027027027,17.5,3.324324324324324,2.22972972972973,0.6486486486486487,0.4189189189189189,1.5,-0.40540540540540543,466,1082,255,667,108,117,7.742871224198457,35,0.43068391866913125,0.3823088455772114,0.9230769230769231,GSW
202691,Klay Thompson,2025,72,27.38888888888889,13.958333333333334,3.4305555555555554,2.0277777777777777,0.7083333333333334,0.3888888888888889,1.2361111111111112,-0.6527777777777778,362,870,219,554,62,70,6.726942883909471,29,0.4160919540229885,0.3953068592057762,0.8857142857142857,GSW
202691,Klay Thompson,2026,68,21.58823529411765,11.75,2.0588235294117645,1.3823529411764706,0.4852941176470588,0.27941176470588236,0.9117647058823529,-1.9705882352941178,282,711,201,517,34,45,5.981002262138136,26,0.39662447257383965,0.38878143133462284,0.7555555555555555,GSW
202692,Alec Burks,2022,72,28.0,11.055555555555555,4.861111111111111,2.9444444444444446,1.0833333333333333,0.2916666666666667,1.0416666666666667,1.9444444444444444,248,651,137,345,163,201,6.497862896539309,34,0.38095238095238093,0.39710144927536234,0.8109452736318408,NYK
202692,Alec Burks,2023,43,21.697674418604652,11.232558139534884,3.186046511627907,2.255813953488372,0.7674418604651163,0.11627906976744186,1.186046511627907,-0.9302325581395349,154,368,75,195,100,127,5.532747570697865,21,0.41847826086956524,0.38461538461538464,0.7874015748031497,NYK
202692,Alec Burks,2024,63,17.476190476190474,9.333333333333334,2.0952380952380953,1.1428571428571428,0.4126984126984127,0.1746031746031746,0.7142857142857143,-4.4603174603174605,187,518,110,299,104,125,6.860358309085047,34,0.361003861003861,0.36789297658862874,0.832,NYK
202692,Alec Burks,2025,51,17.176470588235293,6.901960784313726,2.4901960784313726,1.1764705882352942,0.5294117647058824,0.1568627450980392,0.5686274509803921,1.8431372549019607,116,280,88,215,32,42,5.696507357884423,24,0.4142857142857143,0.40930232558139534,0.7619047619047619,NYK
202693,Markieff Morris,2022,18,16.833333333333332,7.166666666666667,2.5555555555555554,1.2777777777777777,0.3333333333333333,0.05555555555555555,1.1666666666666667,1.1666666666666667,54,115,13,39,8,9,4.259936481161358,16,0.46956521739130436,0.3333333333333333,0.8888888888888888,DAL
202693,Markieff Morris,2023,34,9.441176470588236,3.4411764705882355,1.7647058823529411,0.8529411764705882,0.23529411764705882,0.11764705882352941,0.5,0.0,43,108,27,68,4,4,3.192711173059835,13,0.39814814814814814,0.39705882352941174,1.0,DAL
202693,Markieff Morris,2024,27,8.518518518518519,2.5555555555555554,1.5925925925925926,0.5925925925925926,0.18518518518518517,0.1111111111111111,0.48148148148148145,-1.8888888888888888,24,73,16,45,5,6,2.665063620734804,10,0.3287671232876712,0.35555555555555557,0.8333333333333334,DAL
202693,Markieff Morris,2025,15,11.0,3.7333333333333334,1.5333333333333334,1.4,0.13333333333333333,0.2,0.3333333333333333,-1.8666666666666667,21,70,9,36,5,6,3.2396354880199243,11,0.3,0.25,0.8333333333333334,DAL
202694,Marcus Morris Sr.,2022,51,29.11764705882353,14.352941176470589,4.215686274509804,2.019607843137255,0.5294117647058824,0.35294117647058826,1.2549019607843137,-2.7254901960784315,274,643,88,258,96,117,7.307047363776329,29,0.4261275272161742,0.34108527131782945,0.8205128205128205,LAC
202694,Marcus Morris Sr.,2023,67,27.83582089552239,11.029850746268657,3.985074626865672,1.6865671641791045,0.6417910447761194,0.2835820895522388,0.8507462686567164,-0.835820895522388,279,661,111,314,70,89,4.929718626347913,22,0.42208774583963693,0.3535031847133758,0.7865168539325843,LAC
202694,Marcus Morris Sr.,2024,57,16.31578947368421,6.2105263157894735,2.719298245614035,0.6666666666666666,0.3333333333333333,0.22807017543859648,0.5614035087719298,-1.5614035087719298,134,303,54,134,32,41,5.706314929548487,25,0.44224422442244227,0.40298507462686567,0.7804878048780488,LAC
202695,Kawhi Leonard,2023,33,31.727272727272727,20.242424242424242,6.242424242424242,3.9393939393939394,1.0606060606060606,0.5454545454545454,1.5454545454545454,4.454545454545454,258,505,56,150,96,123,7.591237971463806,33,0.5108910891089109,0.37333333333333335,0.7804878048780488,LAC
202695,Kawhi Leonard,2024,49,33.61224489795919,21.714285714285715,6.204081632653061,3.5306122448979593,1.653061224489796,0.8163265306122449,1.6938775510204083,6.489795918367347,435,820,88,232,106,130,7.170541588099652,38,0.5304878048780488,0.3793103448275862,0.8153846153846154,LAC
202695,Kawhi Leonard,2025,38,33.078947368421055,22.0,6.2894736842105265,3.526315789473684,1.5526315789473684,0.39473684210526316,2.1315789473684212,6.552631578947368,332,658,82,205,90,119,7.040423820166479,39,0.5045592705167173,0.4,0.7563025210084033,LAC
202695,Kawhi Leonard,2026,32,32.09375,24.5625,6.1875,3.75,1.5625,0.34375,2.1875,0.40625,306,599,76,197,98,109,5.447328436653531,41,0.5108514190317195,0.38578680203045684,0.8990825688073395,LAC
202696,Nikola Vucevic,2022,69,33.14492753623188,17.420289855072465,10.579710144927537,3.0869565217391304,0.9710144927536232,0.7536231884057971,1.8695652173913044,-1.8985507246376812,510,1095,103,334,79,102,6.1222972358552035,31,0.4657534246575342,0.3083832335329341,0.7745098039215687,CHI
202696,Nikola Vucevic,2023,75,33.373333333333335,17.493333333333332,11.0,3.24,0.7333333333333333,0.52,1.6533333333333333,-0.72,553,1054,107,317,99,121,6.200203425898421,43,0.5246679316888045,0.33753943217665616,0.8181818181818182,CHI
202696,Nikola Vucevic,2024,70,34.52857142857143,18.17142857142857,10.657142857142857,3.4,0.7142857142857143,0.6428571428571429,1.6142857142857143,-3.085714285714286,552,1141,89,296,79,98,6.13843068405435,33,0.48378615249780893,0.30067567567567566,0.8061224489795918,CHI
202696,Nikola Vučević,2025,66,31.12121212121212,17.893939393939394,10.0,3.4545454545454546,0.8636363636363636,0.5757575757575758,1.5909090909090908,-1.5454545454545454,488,935,113,288,92,117,6.912928329483685,40,0.5219251336898396,0.3923611111111111,0.7863247863247863,CHI
202696,Nikola Vučević,2026,67,27.402985074626866,14.059701492537313,7.970149253731344,3.2388059701492535,0.5970149253731343,0.5522388059701493,1.3134328358208955,-1.0746268656716418,387,796,98,275,70,88,7.308941383809795,35,0.4861809045226131,0.3563636363636364,0.7954545454545454,CHI
202699,Tobias Harris,2022,76,35.23684210526316,16.88157894736842,6.644736842105263,3.3026315789473686,0.7105263157894737,0.5526315789473685,1.5263157894736843,1.8026315789473684,519,1065,109,304,136,166,6.226753258348277,33,0.48732394366197185,0.35855263157894735,0.8192771084337349,PHI
202699,Tobias Harris,2023,80,33.225,14.5875,5.825,2.3125,0.8625,0.5125,1.1,2.4125,467,926,133,345,100,117,6.271683903653131,27,0.5043196544276458,0.3855072463768116,0.8547008547008547,PHI
202699,Tobias Harris,2024,62,33.645161290322584,15.53225806451613,6.758064516129032,2.9516129032258065,0.9032258064516129,0.45161290322580644,1.1774193548387097,2.064516129032258,384,810,77,225,118,141,7.077365773574706,33,0.4740740740740741,0.3422222222222222,0.8368794326241135,PHI
202699,Tobias Harris,2025,69,31.884057971014492,13.304347826086957,5.942028985507246,2.1449275362318843,1.0144927536231885,0.6521739130434783,1.173913043478261,2.0434782608695654,355,755,90,258,118,136,5.735094101043686,27,0.47019867549668876,0.3488372093023256,0.8676470588235294,PHI
202699,Tobias Harris,2026,66,28.727272727272727,13.757575757575758,5.590909090909091,2.409090909090909,1.0454545454545454,0.42424242424242425,0.9696969696969697,4.803030303030303,346,755,91,248,125,148,6.612483778803676,30,0.45827814569536424,0.36693548387096775,0.8445945945945946,PHI
202704,Reggie Jackson,2022,71,31.211267605633804,16.492957746478872,3.6056338028169015,4.887323943661972,0.7183098591549296,0.2112676056338028,2.267605633802817,-1.0845070422535212,454,1161,162,489,101,123,7.383133750915219,36,0.39104220499569337,0.3312883435582822,0.8211382113821138,LAC
202704,Reggie Jackson,2023,73,22.45205479452055,9.219178082191782,1.9589041095890412,3.1780821917808217,0.6575342465753424,0.0684931506849315,1.5616438356164384,-1.2602739726027397,257,630,94,285,65,72,6.342639161838763,27,0.40793650793650793,0.3298245614035088,0.9027777777777778,LAC
202704,Reggie Jackson,2024,93,20.49462365591398,9.161290322580646,1.8279569892473118,3.3870967741935485,0.4731182795698925,0.13978494623655913,1.1935483870967742,0.978494623655914,335,792,109,303,73,89,6.294045361500242,35,0.42297979797979796,0.35973597359735976,0.8202247191011236,LAC
202704,Reggie Jackson,2025,31,12.419354838709678,4.387096774193548,1.3548387096774193,1.4516129032258065,0.5161290322580645,0.0967741935483871,0.5483870967741935,-0.6129032258064516,52,133,25,74,7,9,3.684900897399537,13,0.39097744360902253,0.33783783783783783,0.7777777777777778,LAC
202709,Cory Joseph,2022,64,24.5625,7.8125,2.6875,3.59375,0.65625,0.265625,1.328125,-3.078125,173,389,61,151,93,105,4.969350505291858,21,0.44473007712082263,0.40397350993377484,0.8857142857142857,DET
202709,Cory Joseph,2023,62,19.822580645161292,6.887096774193548,1.7096774193548387,3.5,0.5483870967741935,0.14516129032258066,0.9032258064516129,-1.7741935483870968,150,351,70,180,57,72,5.248277902445801,22,0.42735042735042733,0.3888888888888889,0.7916666666666666,DET
202709,Cory Joseph,2024,26,11.423076923076923,2.423076923076923,1.1538461538461537,1.6153846153846154,0.15384615384615385,0.11538461538461539,0.46153846153846156,-0.46153846153846156,23,64,13,42,4,7,2.452314448403009,8,0.359375,0.30952380952380953,0.5714285714285714,DET
202709,Cory Joseph,2025,56,13.428571428571429,3.767857142857143,1.4821428571428572,1.5892857142857142,0.5535714285714286,0.125,0.35714285714285715,0.26785714285714285,75,184,45,127,16,20,3.761001179224738,13,0.4076086956521739,0.3543307086614173,0.8,DET
202710,Jimmy Butler,2022,27,32.370370370370374,15.925925925925926,6.148148148148148,4.925925925925926,1.3333333333333333,0.4444444444444444,1.8148148148148149,1.4074074074074074,159,402,19,74,93,110,7.3376055931383934,32,0.39552238805970147,0.25675675675675674,0.8454545454545455,MIA
202710,Jimmy Butler,2023,27,34.148148148148145,19.555555555555557,5.666666666666667,5.481481481481482,1.5925925925925926,0.2222222222222222,1.5185185185185186,-1.5555555555555556,210,407,20,55,88,110,6.034091183455584,30,0.515970515970516,0.36363636363636365,0.8,MIA
202710,Jimmy Butler,2024,22,32.18181818181818,16.0,4.409090909090909,4.454545454545454,1.1363636363636365,0.2727272727272727,1.3181818181818181,2.727272727272727,129,269,23,57,71,86,4.790864322059325,28,0.4795539033457249,0.40350877192982454,0.8255813953488372,MIA
202710,Jimmy Butler III,2025,31,29.322580645161292,12.193548387096774,5.258064516129032,4.387096774193548,1.096774193548387,0.2903225806451613,1.2580645161290323,-2.193548387096774,137,287,19,59,85,104,6.605146250405611,25,0.47735191637630664,0.3220338983050847,0.8173076923076923,MIA
202711,Bojan Bogdanovic,2022,60,31.2,17.2,4.033333333333333,1.8,0.5333333333333333,0.016666666666666666,1.7833333333333334,1.5333333333333334,367,805,165,414,133,168,6.547868070691898,35,0.45590062111801244,0.39855072463768115,0.7916666666666666,DET
202711,Bojan Bogdanovic,2023,42,31.61904761904762,20.904761904761905,3.6666666666666665,2.5952380952380953,0.6190476190476191,0.09523809523809523,2.2142857142857144,-5.238095238095238,315,636,114,258,134,159,7.34783699319149,34,0.49528301886792453,0.4418604651162791,0.8427672955974843,DET
202711,Bojan Bogdanovic,2024,56,24.285714285714285,13.696428571428571,2.6607142857142856,1.5714285714285714,0.4642857142857143,0.10714285714285714,1.6428571428571428,-4.839285714285714,277,624,123,310,90,118,7.926754793636645,36,0.4439102564102564,0.3967741935483871,0.7627118644067796,DET
202722,Davis Bertans,2022,74,13.472972972972974,5.1891891891891895,1.9324324324324325,0.5,0.33783783783783783,0.1891891891891892,0.2972972972972973,0.581081081081081,121,330,96,281,46,52,5.288073102917483,21,0.36666666666666664,0.3416370106761566,0.8846153846153846,DAL
202722,Davis Bertans,2023,45,10.911111111111111,4.5777777777777775,1.1777777777777778,0.4666666666666667,0.24444444444444444,0.17777777777777778,0.2222222222222222,-0.8222222222222222,69,160,55,141,13,15,4.764875696599063,19,0.43125,0.3900709219858156,0.8666666666666667,DAL
202722,Davis Bertans,2024,40,16.6,6.875,1.5,0.85,0.625,0.3,0.45,-2.3,89,231,73,197,24,27,4.905190866408507,16,0.3852813852813853,0.37055837563451777,0.8888888888888888,DAL
202738,Isaiah Thomas,2022,22,14.454545454545455,7.636363636363637,1.3181818181818181,1.5454545454545454,0.3181818181818182,0.18181818181818182,0.6363636363636364,-0.4090909090909091,63,159,27,78,15,17,4.39204317943748,15,0.39622641509433965,0.34615384615384615,0.8823529411764706,CHA
202954,Brad Wanamaker,2022,23,13.869565217391305,3.608695652173913,1.6956521739130435,2.391304347826087,0.30434782608695654,0.2608695652173913,1.0,-1.9130434782608696,28,77,4,17,23,25,3.0709656526124958,12,0.36363636363636365,0.23529411764705882,0.92,IND
203076,Anthony Davis,2023,18,32.22222222222222,20.055555555555557,11.0,2.7222222222222223,1.0555555555555556,1.0,1.7777777777777777,-1.7222222222222223,154,279,5,22,48,72,7.455532665092512,31,0.5519713261648745,0.22727272727272727,0.6666666666666666,LAL
203076,Anthony Davis,2024,27,33.629629629629626,21.962962962962962,11.222222222222221,3.3703703703703702,1.0740740740740742,1.037037037037037,2.259259259259259,1.2592592592592593,257,427,8,26,71,97,8.400922483602535,36,0.6018735362997658,0.3076923076923077,0.7319587628865979,LAL
203076,Anthony Davis,2025,16,30.0,16.9375,9.125,3.25,1.3125,1.0,1.1875,-4.8125,111,248,10,41,39,58,9.712320354408964,33,0.4475806451612903,0.24390243902439024,0.6724137931034483,LAL
203078,Bradley Beal,2022,27,34.81481481481482,21.37037037037037,4.592592592592593,6.407407407407407,0.7037037037037037,0.2962962962962963,3.5185185185185186,-3.4814814814814814,233,504,40,138,71,95,5.53414678399305,30,0.4623015873015873,0.2898550724637681,0.7473684210526316,PHX
203078,Bradley Beal,2023,37,32.972972972972975,21.972972972972972,3.7837837837837838,5.27027027027027,0.8378378378378378,0.5945945945945946,3.0,0.6216216216216216,323,642,63,164,104,122,7.907403304943224,37,0.5031152647975078,0.38414634146341464,0.8524590163934426,PHX
203078,Bradley Beal,2024,53,33.528301886792455,17.28301886792453,4.245283018867925,4.981132075471698,0.9622641509433962,0.39622641509433965,2.452830188679245,0.9811320754716981,364,726,103,240,85,109,7.962357011131445,37,0.5013774104683195,0.42916666666666664,0.7798165137614679,PHX
203078,Bradley Beal,2025,49,31.836734693877553,16.306122448979593,3.2857142857142856,3.693877551020408,1.0816326530612246,0.5306122448979592,1.8775510204081634,-5.061224489795919,312,634,95,240,80,105,7.497788789682855,30,0.4921135646687697,0.3958333333333333,0.7619047619047619,PHX
203081,Damian Lillard,2022,19,35.8421052631579,20.42105263157895,4.0,7.526315789473684,0.6842105263157895,0.3157894736842105,2.5789473684210527,1.105263157894737,140,363,54,175,54,62,6.719092113552944,31,0.3856749311294766,0.30857142857142855,0.8709677419354839,MIL
203081,Damian Lillard,2024,31,34.193548387096776,20.741935483870968,4.387096774193548,6.806451612903226,0.967741935483871,0.3548387096774194,2.935483870967742,5.580645161290323,227,526,95,253,94,104,7.873871313551269,40,0.43155893536121676,0.37549407114624506,0.9038461538461539,MIL
203081,Damian Lillard,2025,30,35.2,20.5,4.266666666666667,6.466666666666667,1.1333333333333333,0.2,2.7,-0.9666666666666667,210,500,89,263,106,119,8.122977201783202,35,0.42,0.33840304182509506,0.8907563025210085,MIL
203082,Terrence Ross,2022,58,22.310344827586206,9.03448275862069,2.5172413793103448,1.8275862068965518,0.3620689655172414,0.1724137931034483,1.2413793103448276,-5.982758620689655,193,494,66,234,72,88,6.688470092921703,32,0.39068825910931176,0.28205128205128205,0.8181818181818182,ORL
203082,Terrence Ross,2023,69,20.246376811594203,7.884057971014493,2.347826086956522,1.391304347826087,0.5217391304347826,0.17391304347826086,0.6376811594202898,-1.1884057971014492,208,492,101,280,27,34,6.865378255043581,30,0.42276422764227645,0.3607142857142857,0.7941176470588235,ORL
203083,Andre Drummond,2022,71,18.549295774647888,7.450704225352113,8.394366197183098,1.6338028169014085,1.0845070422535212,0.704225352112676,1.591549295774648,0.11267605633802817,228,392,0,3,73,140,5.022204218395306,20,0.5816326530612245,0.0,0.5214285714285715,PHI
203083,Andre Drummond,2023,69,12.521739130434783,5.898550724637682,6.565217391304348,0.4782608695652174,0.6521739130434783,0.42028985507246375,1.0869565217391304,0.5362318840579711,170,280,0,3,67,126,4.5411352802375955,21,0.6071428571428571,0.0,0.5317460317460317,PHI
203083,Andre Drummond,2024,74,16.283783783783782,7.9324324324324325,8.297297297297296,0.43243243243243246,0.9459459459459459,0.47297297297297297,0.972972972972973,-0.43243243243243246,238,437,0,3,111,184,4.869055437303674,24,0.5446224256292906,0.0,0.6032608695652174,PHI
203083,Andre Drummond,2025,38,18.763157894736842,7.157894736842105,7.7105263157894735,0.8947368421052632,0.8947368421052632,0.42105263157894735,1.3421052631578947,-5.578947368421052,112,220,3,20,45,74,4.414511180367898,25,0.509090909090909,0.15,0.6081081081081081,PHI
203083,Andre Drummond,2026,71,18.464788732394368,5.971830985915493,7.746478873239437,1.0985915492957747,0.5774647887323944,0.5774647887323944,0.9436619718309859,-2.084507042253521,166,338,33,92,59,92,4.481619066446906,17,0.4911242603550296,0.358695652173913,0.6413043478260869,PHI
203084,Harrison Barnes,2022,50,32.7,13.66,5.6,2.4,0.58,0.24,1.44,-6.68,236,530,84,236,127,168,6.2388185694774885,29,0.44528301886792454,0.3559322033898305,0.7559523809523809,SAC
203084,Harrison Barnes,2023,59,30.677966101694917,12.457627118644067,4.067796610169491,1.3728813559322033,0.711864406779661,0.1016949152542373,0.847457627118644,0.2033898305084746,248,549,87,243,152,192,5.230289877567957,30,0.4517304189435337,0.35802469135802467,0.7916666666666666,SAC
203084,Harrison Barnes,2024,78,28.987179487179485,11.705128205128204,3.0256410256410255,1.3076923076923077,0.6410256410256411,0.14102564102564102,0.717948717948718,-0.6410256410256411,324,687,142,362,123,160,6.772958022382862,39,0.47161572052401746,0.39226519337016574,0.76875,SAC
203084,Harrison Barnes,2025,76,26.93421052631579,12.0,3.6447368421052633,1.5657894736842106,0.4342105263157895,0.17105263157894737,0.6447368421052632,-0.6710526315789473,321,627,146,330,124,157,6.592925501373928,29,0.5119617224880383,0.44242424242424244,0.7898089171974523,SAC
203084,Harrison Barnes,2026,95,22.28421052631579,8.115789473684211,2.431578947368421,1.6,0.5263157894736842,0.1368421052631579,0.6842105263157895,3.7263157894736842,263,595,141,375,104,127,6.23282859507886,31,0.44201680672268906,0.376,0.8188976377952756,SAC
203085,Austin Rivers,2022,72,22.125,5.888888888888889,1.625,1.3333333333333333,0.8055555555555556,0.09722222222222222,0.8055555555555556,0.625,154,368,83,243,33,45,5.061747055620823,25,0.41847826086956524,0.34156378600823045,0.7333333333333333,DEN
203085,Austin Rivers,2023,55,19.381818181818183,4.8545454545454545,1.6,1.3818181818181818,0.5272727272727272,0.07272727272727272,0.45454545454545453,-2.981818181818182,96,218,45,129,30,39,4.828227885237451,21,0.44036697247706424,0.3488372093023256,0.7692307692307693,DEN
203087,Jeremy Lamb,2022,53,16.60377358490566,6.773584905660377,2.7547169811320753,1.320754716981132,0.4716981132075472,0.37735849056603776,0.6415094339622641,-0.1509433962264151,121,326,48,159,69,81,4.388102399732373,16,0.37116564417177916,0.3018867924528302,0.8518518518518519,IND
203090,Maurice Harkless,2022,46,18.32608695652174,4.543478260869565,2.391304347826087,0.5,0.6304347826086957,0.45652173913043476,0.6521739130434783,-1.9130434782608696,80,177,30,99,19,27,4.8060449054134144,18,0.4519774011299435,0.30303030303030304,0.7037037037037037,SAC
203095,Evan Fournier,2022,80,29.5,14.0625,2.625,2.1375,0.9875,0.25,1.3125,-1.1625,402,965,241,619,80,113,8.338326563131101,41,0.41658031088082903,0.3893376413570275,0.7079646017699115,NYK
203095,Evan Fournier,2023,27,17.0,6.111111111111111,1.8148148148148149,1.3333333333333333,0.5925925925925926,0.1111111111111111,0.8148148148148148,-2.0,56,166,35,114,18,21,5.0864324306722954,17,0.3373493975903614,0.30701754385964913,0.8571428571428571,NYK
203095,Evan Fournier,2024,32,18.25,6.875,1.8125,1.5,0.90625,0.21875,0.65625,-4.375,79,221,33,130,29,36,5.971707488028918,21,0.3574660633484163,0.25384615384615383,0.8055555555555556,NYK
203107,Tomas Satoransky,2022,55,16.490909090909092,3.6,2.290909090909091,3.3454545454545452,0.5272727272727272,0.09090909090909091,0.8363636363636363,-2.963636363636364,72,191,11,53,43,54,3.582881108414991,16,0.3769633507853403,0.20754716981132076,0.7962962962962963,NOP
203109,Jae Crowder,2022,79,28.468354430379748,9.354430379746836,5.189873417721519,1.9113924050632911,1.3037974683544304,0.46835443037974683,0.9240506329113924,4.430379746835443,256,643,144,424,83,107,4.613352901294865,19,0.39813374805598756,0.33962264150943394,0.7757009345794392,PHX
203109,Jae Crowder,2023,21,18.142857142857142,6.238095238095238,3.4761904761904763,1.4285714285714286,0.6666666666666666,0.2857142857142857,0.38095238095238093,-0.7142857142857143,48,107,24,61,11,14,6.71494424328871,24,0.4485981308411215,0.39344262295081966,0.7857142857142857,PHX
203109,Jae Crowder,2024,54,22.185185185185187,5.944444444444445,3.0925925925925926,1.2592592592592593,0.7037037037037037,0.2037037037037037,0.42592592592592593,-1.7407407407407407,117,282,59,173,28,38,4.619142559763812,21,0.4148936170212766,0.34104046242774566,0.7368421052631579,PHX
203110,Draymond Green,2022,55,29.836363636363636,7.636363636363637,7.363636363636363,6.472727272727273,1.1272727272727272,0.6909090909090909,2.9454545454545453,3.8727272727272726,166,327,17,75,71,108,3.821787619172552,17,0.5076452599388379,0.22666666666666666,0.6574074074074074,GSW
203110,Draymond Green,2023,74,31.2027027027027,8.202702702702704,7.135135135135135,6.783783783783784,0.9864864864864865,0.6351351351351351,2.7972972972972974,4.094594594594595,246,479,39,131,76,106,4.3161999069124395,20,0.5135699373695198,0.29770992366412213,0.7169811320754716,GSW
203110,Draymond Green,2024,53,27.150943396226417,8.584905660377359,7.2075471698113205,5.90566037735849,0.9622641509433962,0.7924528301886793,2.4716981132075473,2.4716981132075473,180,359,50,127,45,62,4.947547808546368,23,0.5013927576601671,0.3937007874015748,0.7258064516129032,GSW
203110,Draymond Green,2025,72,29.166666666666668,8.958333333333334,5.847222222222222,5.458333333333333,1.5277777777777777,0.7222222222222222,2.5416666666666665,2.9583333333333335,228,547,89,274,100,142,5.185129061101728,23,0.41681901279707495,0.3248175182481752,0.704225352112676,GSW
203110,Draymond Green,2026,68,27.544117647058822,8.352941176470589,5.382352941176471,5.5,0.9558823529411765,0.5294117647058824,2.6911764705882355,-2.1323529411764706,204,477,100,303,60,86,4.802874468551854,21,0.4276729559748428,0.33003300330033003,0.6976744186046512,GSW
203114,Khris Middleton,2022,49,32.142857142857146,18.367346938775512,5.469387755102041,5.510204081632653,1.2448979591836735,0.14285714285714285,2.816326530612245,5.387755102040816,323,737,124,329,130,150,5.7723979619645505,34,0.43826322930800543,0.3768996960486322,0.8666666666666667,MIL
203114,Khris Middleton,2023,32,24.4375,13.84375,4.34375,4.875,0.75,0.15625,2.25,3.6875,164,391,49,155,66,75,6.2893118501460155,24,0.4194373401534527,0.3161290322580645,0.88,MIL
203114,Khris Middleton,2024,54,27.35185185185185,14.61111111111111,4.888888888888889,5.2407407407407405,0.8703703703703703,0.2777777777777778,2.2962962962962963,1.5,308,629,91,241,82,100,5.819345313195792,27,0.48966613672496023,0.3775933609958506,0.82,MIL
203114,Khris Middleton,2025,34,22.61764705882353,11.676470588235293,3.6176470588235294,3.8823529411764706,0.9117647058823529,0.20588235294117646,1.3823529411764706,0.9705882352941176,149,307,45,123,54,66,6.3423568329193225,22,0.48534201954397393,0.36585365853658536,0.8181818181818182,MIL
203114,Khris Middleton,2026,59,22.796610169491526,9.677966101694915,3.5762711864406778,2.847457627118644,0.6271186440677966,0.13559322033898305,1.7627118644067796,-6.1525423728813555,211,501,57,168,92,108,5.572223842466779,25,0.42115768463073855,0.3392857142857143,0.8518518518518519,MIL
203115,Will Barton,2022,74,32.2027027027027,14.41891891891892,4.783783783783784,3.824324324324324,0.7837837837837838,0.3783783783783784,1.7567567567567568,0.5,402,929,164,448,99,124,6.146625662461616,30,0.4327233584499462,0.36607142857142855,0.7983870967741935,DEN
203115,Will Barton,2023,57,17.403508771929825,6.649122807017544,2.4035087719298245,1.9649122807017543,0.49122807017543857,0.22807017543859648,0.8421052631578947,-2.9473684210526314,138,365,66,181,37,47,5.75850683793171,22,0.3780821917808219,0.36464088397790057,0.7872340425531915,DEN
203145,Kent Bazemore,2022,39,13.974358974358974,3.3846153846153846,1.7692307692307692,0.8717948717948718,0.6410256410256411,0.23076923076923078,0.5384615384615384,-3.0256410256410255,45,139,29,80,13,17,3.780945193824482,13,0.3237410071942446,0.3625,0.7647058823529411,LAL
203200,Justin Holiday,2022,71,27.464788732394368,9.901408450704226,2.535211267605634,1.676056338028169,0.7464788732394366,0.38028169014084506,0.9295774647887324,-2.647887323943662,247,627,167,456,42,54,5.578414853131833,27,0.3939393939393939,0.36622807017543857,0.7777777777777778,DEN
203200,Justin Holiday,2023,44,14.681818181818182,4.2727272727272725,1.2045454545454546,0.8409090909090909,0.38636363636363635,0.29545454545454547,0.45454545454545453,-2.772727272727273,71,190,41,131,5,8,4.458405369133449,16,0.3736842105263158,0.31297709923664124,0.625,DEN
203200,Justin Holiday,2024,68,14.867647058823529,3.9558823529411766,1.338235294117647,1.0441176470588236,0.6176470588235294,0.1323529411764706,0.25,1.161764705882353,99,229,66,165,5,8,4.1481296757512425,15,0.43231441048034935,0.4,0.625,DEN
203210,JaMychal Green,2022,70,16.114285714285714,6.085714285714285,4.085714285714285,0.8428571428571429,0.5857142857142857,0.38571428571428573,0.8142857142857143,-1.7142857142857142,159,334,32,125,76,87,4.200561926325383,20,0.47604790419161674,0.256,0.8735632183908046,DEN
203210,JaMychal Green,2023,64,13.21875,6.078125,3.28125,0.84375,0.390625,0.375,0.84375,-2.765625,145,275,47,129,52,67,4.788560069549358,18,0.5272727272727272,0.3643410852713178,0.7761194029850746,DEN
203457,Nerlens Noel,2022,20,21.25,3.25,5.45,0.95,1.2,0.8,0.7,-3.1,24,47,0,2,17,25,2.5520889276702023,8,0.5106382978723404,0.0,0.68,NYK
203457,Nerlens Noel,2023,15,10.2,1.8666666666666667,2.4,0.4666666666666667,0.8,0.2,0.7333333333333333,-3.533333333333333,10,29,0,0,8,12,1.846489590960049,6,0.3448275862068966,0.0,0.6666666666666666,NYK
203458,Alex Len,2022,36,15.527777777777779,5.833333333333333,4.083333333333333,1.1111111111111112,0.3611111111111111,0.5,1.1111111111111112,-2.2777777777777777,85,162,6,19,34,53,4.500793580819148,18,0.5246913580246914,0.3157894736842105,0.6415094339622641,SAC
203458,Alex Len,2023,30,7.166666666666667,2.066666666666667,2.6666666666666665,0.43333333333333335,0.13333333333333333,0.4666666666666667,0.7666666666666667,1.3666666666666667,23,39,0,2,16,22,2.1323992207796385,6,0.5897435897435898,0.0,0.7272727272727273,SAC
203458,Alex Len,2024,48,9.145833333333334,2.4166666666666665,2.5833333333333335,1.0416666666666667,0.22916666666666666,0.5625,0.5208333333333334,2.5833333333333335,48,79,0,3,20,34,2.834688870565481,11,0.6075949367088608,0.0,0.5882352941176471,SAC
203458,Alex Len,2025,44,7.954545454545454,1.5681818181818181,2.0454545454545454,0.8409090909090909,0.20454545454545456,0.3181818181818182,0.4090909090909091,-3.2045454545454546,30,61,2,8,7,15,2.276244635488894,10,0.4918032786885246,0.25,0.4666666666666667,SAC
203463,Ben McLemore,2022,62,19.919354838709676,9.983870967741936,1.6129032258064515,0.9354838709677419,0.6129032258064516,0.16129032258064516,0.7903225806451613,-5.403225806451613,207,522,146,408,59,75,7.331700617884698,28,0.39655172413793105,0.35784313725490197,0.7866666666666666,POR
203468,CJ McCollum,2022,63,34.98412698412698,21.77777777777778,4.492063492063492,5.158730158730159,1.0476190476190477,0.31746031746031744,2.111111111111111,-0.8888888888888888,539,1195,185,479,109,158,7.026320205288123,38,0.4510460251046025,0.3862212943632568,0.689873417721519,NOP
203468,CJ McCollum,2023,68,35.26470588235294,20.235294117647058,4.1911764705882355,5.779411764705882,0.9117647058823529,0.5441176470588235,2.2941176470588234,1.2647058823529411,526,1202,187,482,137,181,7.647295194563938,42,0.43760399334442596,0.3879668049792531,0.7569060773480663,NOP
203468,CJ McCollum,2024,69,32.79710144927536,19.231884057971016,4.27536231884058,4.608695652173913,0.9565217391304348,0.6231884057971014,1.7971014492753623,2.4057971014492754,497,1093,239,569,94,116,7.174597606130198,33,0.454711802378774,0.4200351493848858,0.8103448275862069,NOP
203468,CJ McCollum,2025,52,32.40384615384615,20.153846153846153,3.769230769230769,4.115384615384615,0.8653846153846154,0.38461538461538464,1.9230769230769231,-5.25,396,915,154,424,102,139,9.742537849070597,50,0.43278688524590164,0.3632075471698113,0.7338129496402878,NOP
203468,CJ McCollum,2026,73,29.684931506849313,18.10958904109589,3.4383561643835616,3.6164383561643834,0.7808219178082192,0.4383561643835616,1.917808219178082,0.1095890410958904,500,1107,180,483,142,193,7.40037845097506,46,0.45167118337850043,0.37267080745341613,0.7357512953367875,NOP
203469,Cody Zeller,2022,27,13.148148148148149,5.185185185185185,4.62962962962963,0.8148148148148148,0.2962962962962963,0.2222222222222222,0.7037037037037037,-1.037037037037037,51,90,0,4,38,49,3.0889011867184326,10,0.5666666666666667,0.0,0.7755102040816326,NOP
203469,Cody Zeller,2023,37,10.621621621621621,3.945945945945946,3.108108108108108,0.4594594594594595,0.13513513513513514,0.21621621621621623,0.7297297297297297,-1.4324324324324325,58,98,0,2,30,50,4.527360930718579,20,0.5918367346938775,0.0,0.6,NOP
203469,Cody Zeller,2024,42,7.571428571428571,1.8095238095238095,2.6666666666666665,0.9285714285714286,0.21428571428571427,0.11904761904761904,0.38095238095238093,1.119047619047619,26,62,1,3,23,38,2.144056961817209,9,0.41935483870967744,0.3333333333333333,0.6052631578947368,NOP
203471,Dennis Schroder,2022,57,28.19298245614035,12.719298245614034,3.3508771929824563,4.421052631578948,0.8245614035087719,0.10526315789473684,2.210526315789474,-0.9122807017543859,272,634,69,212,112,132,7.617541752815648,38,0.42902208201892744,0.32547169811320753,0.8484848484848485,LAL
203471,Dennis Schroder,2023,65,28.29230769230769,9.476923076923077,2.1384615384615384,4.138461538461539,0.7384615384615385,0.12307692307692308,1.676923076923077,0.8769230769230769,224,561,62,200,106,136,6.24526743899854,30,0.39928698752228164,0.31,0.7794117647058824,LAL
203471,Dennis Schroder,2024,73,30.986301369863014,13.794520547945206,2.9452054794520546,6.136986301369863,0.7397260273972602,0.1780821917808219,1.8767123287671232,-1.1506849315068493,369,849,129,344,140,172,6.668664084335843,31,0.43462897526501765,0.375,0.813953488372093,LAL
203471,Dennis Schröder,2025,71,27.887323943661972,12.309859154929578,2.563380281690141,5.23943661971831,0.8873239436619719,0.14084507042253522,1.8450704225352113,-2.267605633802817,314,753,121,343,125,157,6.359675529224908,34,0.4169986719787517,0.35276967930029157,0.7961783439490446,LAL
203471,Dennis Schröder,2026,78,22.346153846153847,8.923076923076923,2.423076923076923,4.333333333333333,0.7051282051282052,0.1794871794871795,1.6666666666666667,-3.9871794871794872,247,632,68,223,134,165,6.322027520347566,27,0.39082278481012656,0.30493273542600896,0.8121212121212121,LAL
203473,Dewayne Dedmon,2022,78,14.717948717948717,5.769230769230769,5.243589743589744,0.6666666666666666,0.3076923076923077,0.5,0.9358974358974359,0.16666666666666666,177,322,19,56,77,103,4.089654597307054,20,0.5496894409937888,0.3392857142857143,0.7475728155339806,MIA
203473,Dewayne Dedmon,2023,38,11.026315789473685,5.052631578947368,3.4473684210526314,0.631578947368421,0.23684210526315788,0.42105263157894735,0.6842105263157895,-3.3157894736842106,74,145,11,38,33,49,4.235929767563737,14,0.5103448275862069,0.2894736842105263,0.673469387755102,MIA
203476,Gorgui Dieng,2022,48,8.145833333333334,3.3333333333333335,2.5833333333333335,0.7291666666666666,0.22916666666666666,0.2916666666666667,0.4375,-1.0833333333333333,55,117,30,72,20,27,3.2833126326884607,12,0.4700854700854701,0.4166666666666667,0.7407407407407407,ATL
203476,Gorgui Dieng,2023,31,11.580645161290322,3.903225806451613,3.4516129032258065,1.7096774193548387,0.12903225806451613,0.45161290322580644,1.032258064516129,-4.903225806451613,45,117,21,75,10,13,3.663830770379344,14,0.38461538461538464,0.28,0.7692307692307693,ATL
203482,Kelly Olynyk,2022,38,18.81578947368421,8.789473684210526,4.394736842105263,2.710526315789474,0.7631578947368421,0.4473684210526316,1.394736842105263,-2.263157894736842,121,271,38,112,54,72,5.541772058948547,22,0.44649446494464945,0.3392857142857143,0.75,UTA
203482,Kelly Olynyk,2023,54,27.64814814814815,11.666666666666666,5.796296296296297,3.814814814814815,0.8703703703703703,0.46296296296296297,2.2962962962962963,-0.037037037037037035,220,433,76,182,114,137,5.856781265546191,23,0.5080831408775982,0.4175824175824176,0.8321167883211679,UTA
203482,Kelly Olynyk,2024,73,22.36986301369863,9.465753424657533,5.342465753424658,4.410958904109589,0.9315068493150684,0.3698630136986301,2.0136986301369864,-2.835616438356164,259,464,57,147,116,142,5.565474402712229,27,0.5581896551724138,0.3877551020408163,0.8169014084507042,UTA
203482,Kelly Olynyk,2025,41,20.0,8.731707317073171,4.780487804878049,2.926829268292683,0.7317073170731707,0.34146341463414637,1.6829268292682926,-1.7804878048780488,129,250,31,74,69,90,4.995119569359188,26,0.516,0.4189189189189189,0.7666666666666667,UTA
203482,Kelly Olynyk,2026,50,7.94,3.16,1.66,1.04,0.38,0.06,0.56,-0.66,55,111,17,55,31,45,3.0596785211948694,11,0.4954954954954955,0.3090909090909091,0.6888888888888889,UTA
203484,Kentavious Caldwell-Pope,2022,69,29.942028985507246,12.405797101449275,3.289855072463768,1.7536231884057971,1.0144927536231885,0.36231884057971014,1.3043478260869565,-3.6666666666666665,318,737,136,356,84,97,6.483732677155576,35,0.4314789687924016,0.38202247191011235,0.865979381443299,DEN
203484,Kentavious Caldwell-Pope,2023,95,31.789473684210527,10.76842105263158,2.831578947368421,2.231578947368421,1.431578947368421,0.47368421052631576,1.0526315789473684,5.978947368421053,362,784,169,406,130,158,4.714063683975148,21,0.461734693877551,0.41625615763546797,0.8227848101265823,DEN
203484,Kentavious Caldwell-Pope,2024,82,31.902439024390244,9.829268292682928,2.4390243902439024,2.426829268292683,1.353658536585366,0.4634146341463415,1.0,5.548780487804878,290,631,139,349,87,97,5.042547068642598,24,0.4595879556259905,0.3982808022922636,0.8969072164948454,DEN
203484,Kentavious Caldwell-Pope,2025,81,29.617283950617285,8.222222222222221,2.271604938271605,1.728395061728395,1.2839506172839505,0.41975308641975306,0.7777777777777778,-0.6296296296296297,240,568,117,351,69,83,5.310367218940701,24,0.4225352112676056,0.3333333333333333,0.8313253012048193,DEN
203484,Kentavious Caldwell-Pope,2026,49,21.040816326530614,8.122448979591837,2.4489795918367347,2.7346938775510203,0.8571428571428571,0.16326530612244897,1.163265306122449,-2.204081632653061,145,352,52,166,56,62,4.884638561608321,20,0.4119318181818182,0.3132530120481928,0.9032258064516129,DEN
203486,Mason Plumlee,2022,69,23.942028985507246,6.333333333333333,7.405797101449275,2.8840579710144927,0.8405797101449275,0.5652173913043478,1.3043478260869565,-0.7391304347826086,189,300,0,2,59,156,2.993456916964981,14,0.63,0.0,0.3782051282051282,CHA
203486,Mason Plumlee,2023,71,24.661971830985916,10.014084507042254,8.43661971830986,2.8309859154929575,0.6338028169014085,0.5070422535211268,1.4507042253521127,-2.8450704225352115,284,408,0,0,143,221,5.1561141452135075,25,0.696078431372549,0.0,0.6470588235294118,CHA
203486,Mason Plumlee,2024,49,13.938775510204081,4.795918367346939,4.836734693877551,1.163265306122449,0.3469387755102041,0.2653061224489796,0.7551020408163265,-0.42857142857142855,85,160,0,6,65,92,3.5647556708976955,12,0.53125,0.0,0.7065217391304348,CHA
203486,Mason Plumlee,2025,68,17.08823529411765,4.176470588235294,6.132352941176471,1.7794117647058822,0.45588235294117646,0.4264705882352941,0.8088235294117647,0.07352941176470588,106,174,0,3,72,115,3.5741241551929868,18,0.6091954022988506,0.0,0.6260869565217392,CHA
203486,Mason Plumlee,2026,26,7.346153846153846,1.3461538461538463,2.1923076923076925,0.8461538461538461,0.38461538461538464,0.11538461538461539,0.5,-0.38461538461538464,13,17,0,0,9,14,1.8317708959868904,6,0.7647058823529411,0.0,0.6428571428571429,CHA
203488,Mike Muscala,2022,39,13.64102564102564,7.435897435897436,2.948717948717949,0.5128205128205128,0.41025641025641024,0.5128205128205128,0.358974358974359,-0.358974358974359,100,222,62,146,28,35,3.6620016944638905,14,0.45045045045045046,0.4246575342465753,0.8,OKC
203488,Mike Muscala,2023,68,13.926470588235293,5.485294117647059,2.9558823529411766,0.7205882352941176,0.20588235294117646,0.3382352941176471,0.35294117647058826,2.926470588235294,128,288,80,206,37,50,5.591818776179762,27,0.4444444444444444,0.3883495145631068,0.74,OKC
203488,Mike Muscala,2024,50,11.48,2.92,2.38,0.7,0.16,0.24,0.4,-2.14,54,153,27,95,11,19,3.5099857549568485,13,0.35294117647058826,0.28421052631578947,0.5789473684210527,OKC
203490,Otto Porter Jr.,2022,78,21.192307692307693,7.217948717948718,5.089743589743589,1.5256410256410255,1.0384615384615385,0.3076923076923077,0.5897435897435898,3.5,212,458,90,242,49,59,4.876786881036559,20,0.462882096069869,0.371900826446281,0.8305084745762712,GSW
203490,Otto Porter Jr.,2024,15,11.533333333333333,2.6,1.9333333333333333,0.5333333333333333,0.3333333333333333,0.3333333333333333,0.13333333333333333,1.4666666666666666,14,33,8,23,3,3,2.667261838343906,6,0.42424242424242425,0.34782608695652173,1.0,GSW
203493,Reggie Bullock Jr.,2022,85,30.258823529411764,8.858823529411765,3.7529411764705882,1.3294117647058823,0.7411764705882353,0.17647058823529413,0.5529411764705883,3.4941176470588236,257,638,189,512,50,60,6.153111758592192,23,0.40282131661442006,0.369140625,0.8333333333333334,DAL
203493,Reggie Bullock Jr.,2023,78,30.358974358974358,7.1923076923076925,3.628205128205128,1.3846153846153846,0.6923076923076923,0.16666666666666666,0.46153846153846156,-1.1153846153846154,192,470,151,397,26,37,5.367186721802521,24,0.4085106382978723,0.380352644836272,0.7027027027027027,DAL
203493,Reggie Bullock Jr.,2024,44,9.5,2.1818181818181817,1.6590909090909092,0.3409090909090909,0.2727272727272727,0.11363636363636363,0.22727272727272727,-1.2045454545454546,34,82,27,67,1,1,2.5724183470461943,11,0.4146341463414634,0.40298507462686567,1.0,DAL
203496,Robert Covington,2022,59,26.372881355932204,7.898305084745763,5.288135593220339,1.1694915254237288,1.3220338983050848,0.7796610169491526,1.0169491525423728,-1.7118644067796611,160,397,95,268,51,63,4.385300348516375,19,0.40302267002518893,0.35447761194029853,0.8095238095238095,LAC
203496,Robert Covington,2023,46,15.391304347826088,5.326086956521739,3.1956521739130435,1.1521739130434783,0.7608695652173914,0.4782608695652174,0.6086956521739131,-1.0217391304347827,88,213,45,125,24,33,5.1512861299165404,27,0.4131455399061033,0.36,0.7272727272727273,LAC
203496,Robert Covington,2024,28,16.321428571428573,3.892857142857143,3.2857142857142856,0.8214285714285714,1.2142857142857142,0.6071428571428571,0.32142857142857145,4.035714285714286,39,89,16,50,15,19,3.965959654211825,16,0.43820224719101125,0.32,0.7894736842105263,LAC
203497,Rudy Gobert,2022,33,31.151515151515152,14.666666666666666,13.333333333333334,1.1515151515151516,0.696969696969697,1.0303030303030303,1.393939393939394,8.06060606060606,195,260,0,4,94,147,5.10922368532311,27,0.75,0.0,0.6394557823129252,MIN
203497,Rudy Gobert,2023,49,29.73469387755102,12.326530612244898,11.040816326530612,1.0,0.7959183673469388,0.9591836734693877,1.6938775510204083,-1.1224489795918366,249,375,0,2,106,174,6.097771980752618,26,0.664,0.0,0.6091954022988506,MIN
203497,Rudy Gobert,2024,47,32.723404255319146,11.48936170212766,11.46808510638298,1.446808510638298,0.8297872340425532,1.2553191489361701,1.5319148936170213,3.8297872340425534,231,351,0,0,78,137,4.456906416014373,21,0.6581196581196581,0.0,0.5693430656934306,MIN
203497,Rudy Gobert,2025,68,31.897058823529413,10.764705882352942,10.191176470588236,1.5588235294117647,0.7647058823529411,0.9705882352941176,1.2205882352941178,4.0588235294117645,296,454,0,0,140,222,5.707072457189121,27,0.6519823788546255,0.0,0.6306306306306306,MIN
203497,Rudy Gobert,2026,60,31.0,9.416666666666666,10.95,1.85,0.8833333333333333,1.0,1.4,-0.13333333333333333,233,372,0,6,99,194,4.917253148971837,24,0.6263440860215054,0.0,0.5103092783505154,MIN
203500,Steven Adams,2022,73,24.958904109589042,5.972602739726027,9.232876712328768,3.1506849315068495,0.7397260273972602,0.4794520547945205,1.4657534246575343,3.3972602739726026,174,335,0,1,88,162,3.890774711272972,17,0.5194029850746269,0.0,0.5432098765432098,MEM
203500,Steven Adams,2023,34,26.705882352941178,7.911764705882353,11.441176470588236,2.176470588235294,0.7647058823529411,0.8529411764705882,1.8529411764705883,6.588235294117647,119,201,0,1,31,84,3.760783663166604,15,0.5920398009950248,0.0,0.36904761904761907,MEM
203500,Steven Adams,2025,58,14.275862068965518,3.5172413793103448,5.827586206896552,1.1379310344827587,0.3793103448275862,0.3793103448275862,0.9482758620689655,2.8275862068965516,83,158,0,2,38,86,2.6835521060016956,11,0.5253164556962026,0.0,0.4418604651162791,MEM
203500,Steven Adams,2026,31,23.0,5.612903225806452,8.516129032258064,1.4838709677419355,0.6774193548387096,0.6129032258064516,1.1290322580645162,5.483870967741935,68,135,0,0,38,71,2.8830240992730616,12,0.5037037037037037,0.0,0.5352112676056338,MEM
203501,Tim Hardaway Jr.,2022,39,29.615384615384617,13.564102564102564,3.6153846153846154,2.282051282051282,0.8717948717948718,0.15384615384615385,0.7692307692307693,0.1282051282051282,191,482,91,277,56,76,5.775606014203968,28,0.3962655601659751,0.3285198555956679,0.7368421052631579,DAL
203501,Tim Hardaway Jr.,2023,68,30.38235294117647,14.014705882352942,3.6029411764705883,1.7941176470588236,0.6617647058823529,0.17647058823529413,0.8529411764705882,1.8235294117647058,325,810,201,527,102,137,7.547842722457191,31,0.4012345679012346,0.38140417457305503,0.7445255474452555,DAL
203501,Tim Hardaway Jr.,2024,89,24.1123595505618,11.898876404494382,2.9213483146067416,1.5056179775280898,0.47191011235955055,0.07865168539325842,0.7191011235955056,-0.449438202247191,372,953,199,587,116,141,7.521250113421403,32,0.39034627492130114,0.3390119250425894,0.8226950354609929,DAL
203501,Tim Hardaway Jr.,2025,80,28.1,10.6375,2.4,1.6125,0.4875,0.075,0.675,0.7875,284,713,174,486,109,129,6.302990550002254,32,0.39831697054698456,0.35802469135802467,0.8449612403100775,DAL
203501,Tim Hardaway Jr.,2026,78,26.03846153846154,12.73076923076923,2.6666666666666665,1.3333333333333333,0.5256410256410257,0.10256410256410256,0.5769230769230769,1.4102564102564104,330,745,206,515,127,158,6.539933430145086,30,0.4429530201342282,0.4,0.8037974683544303,DAL
203503,Tony Snell,2022,54,15.37037037037037,3.462962962962963,1.9074074074074074,0.5185185185185185,0.2962962962962963,0.16666666666666666,0.35185185185185186,-2.3333333333333335,69,172,45,129,4,4,3.719976480768433,13,0.4011627906976744,0.3488372093023256,1.0,POR
203504,Trey Burke,2022,51,9.431372549019608,4.823529411764706,0.7058823529411765,1.196078431372549,0.2549019607843137,0.0,0.5294117647058824,-0.43137254901960786,95,237,30,92,26,29,4.918153646859524,22,0.4008438818565401,0.32608695652173914,0.896551724137931,DAL
203506,Victor Oladipo,2022,19,21.94736842105263,8.736842105263158,2.9473684210526314,2.263157894736842,0.9473684210526315,0.15789473684210525,1.631578947368421,2.1052631578947367,60,154,21,70,25,33,6.144935631731927,23,0.38961038961038963,0.3,0.7575757575757576,MIA
203506,Victor Oladipo,2023,43,25.46511627906977,9.86046511627907,3.0697674418604652,3.3488372093023258,1.3255813953488371,0.27906976744186046,1.9069767441860466,-1.2325581395348837,157,401,64,205,46,64,6.270039854619431,30,0.3915211970074813,0.3121951219512195,0.71875,MIA
203507,Giannis Antetokounmpo,2024,17,33.0,27.0,12.058823529411764,7.470588235294118,0.9411764705882353,1.1176470588235294,3.0588235294117645,7.823529411764706,198,311,10,29,53,85,10.44629120788809,44,0.6366559485530546,0.3448275862068966,0.6235294117647059,MIL
203521,Matthew Dellavedova,2023,31,6.903225806451613,1.5161290322580645,0.41935483870967744,1.3225806451612903,0.22580645161290322,0.0,0.3225806451612903,-1.5806451612903225,17,50,9,27,4,7,1.947151213815292,7,0.34,0.3333333333333333,0.5714285714285714,SAC
203526,Raul Neto,2022,68,19.36764705882353,7.235294117647059,1.9411764705882353,3.073529411764706,0.7941176470588235,0.04411764705882353,1.1029411764705883,-1.0294117647058822,194,426,34,116,70,94,4.844192236035475,22,0.45539906103286387,0.29310344827586204,0.7446808510638298,WAS
203526,Raul Neto,2023,50,10.22,3.16,0.92,1.6,0.34,0.08,0.52,0.14,57,111,12,43,32,36,3.7815880478001977,14,0.5135135135135135,0.27906976744186046,0.8888888888888888,WAS
203552,Seth Curry,2022,68,33.338235294117645,14.617647058823529,3.1029411764705883,3.5588235294117645,0.7794117647058824,0.25,1.6470588235294117,2.926470588235294,374,766,170,396,76,89,6.856807080285974,29,0.48825065274151436,0.4292929292929293,0.8539325842696629,BKN
203552,Seth Curry,2023,64,19.8125,9.15625,1.609375,1.640625,0.5625,0.109375,0.8125,-1.296875,218,468,97,241,53,58,7.504958678227667,32,0.4658119658119658,0.4024896265560166,0.9137931034482759,BKN
203552,Seth Curry,2024,42,14.642857142857142,5.380952380952381,1.619047619047619,1.0476190476190477,0.5238095238095238,0.14285714285714285,0.5,1.3333333333333333,80,204,38,108,28,31,5.249633580487732,19,0.39215686274509803,0.35185185185185186,0.9032258064516129,BKN
203552,Seth Curry,2025,67,15.805970149253731,6.626865671641791,1.6865671641791045,0.8955223880597015,0.40298507462686567,0.1044776119402985,0.47761194029850745,-2.5522388059701493,164,343,83,182,33,39,5.986944940794657,26,0.478134110787172,0.45604395604395603,0.8461538461538461,BKN
203585,Rodney McGruder,2022,51,14.745098039215685,5.352941176470588,2.176470588235294,0.9411764705882353,0.4117647058823529,0.13725490196078433,0.47058823529411764,-1.0980392156862746,98,225,58,146,19,26,5.505718951823693,26,0.43555555555555553,0.3972602739726027,0.7307692307692307,DET
203585,Rodney McGruder,2023,32,16.34375,5.71875,2.3125,0.875,0.5,0.03125,0.34375,-1.375,62,152,41,97,18,22,6.170870043743766,20,0.40789473684210525,0.422680412371134,0.8181818181818182,DET
203648,Thanasis Antetokounmpo,2022,52,8.692307692307692,2.8653846153846154,1.9230769230769231,0.40384615384615385,0.3269230769230769,0.21153846153846154,0.40384615384615385,-2.25,63,117,1,11,22,39,3.3898860305548375,12,0.5384615384615384,0.09090909090909091,0.5641025641025641,MIL
203648,Thanasis Antetokounmpo,2023,38,4.894736842105263,0.9736842105263158,1.0263157894736843,0.3157894736842105,0.07894736842105263,0.07894736842105263,0.3157894736842105,-2.9473684210526314,16,38,0,7,5,14,2.1243357258117586,12,0.42105263157894735,0.0,0.35714285714285715,MIL
203648,Thanasis Antetokounmpo,2024,34,4.705882352941177,0.9411764705882353,0.38235294117647056,0.5,0.23529411764705882,0.14705882352941177,0.4117647058823529,-0.9705882352941176,16,30,0,1,0,2,1.4962817849708825,6,0.5333333333333333,0.0,0.0,MIL
203648,Thanasis Antetokounmpo,2026,33,4.454545454545454,1.4242424242424243,0.9090909090909091,0.45454545454545453,0.3939393939393939,0.18181818181818182,0.30303030303030304,0.15151515151515152,15,32,0,4,17,30,2.0160342108689373,8,0.46875,0.0,0.5666666666666667,MIL
203897,Zach LaVine,2022,42,33.904761904761905,21.88095238095238,4.523809523809524,4.523809523809524,0.6190476190476191,0.3333333333333333,2.7857142857142856,-0.38095238095238093,345,708,120,288,109,137,7.425080704012027,36,0.4872881355932203,0.4166666666666667,0.7956204379562044,CHI
203897,Zach LaVine,2023,53,35.62264150943396,22.71698113207547,4.245283018867925,4.188679245283019,0.9245283018867925,0.20754716981132076,2.4716981132075473,-1.0,455,943,135,364,159,196,7.88713011686801,41,0.48250265111346763,0.3708791208791209,0.8112244897959183,CHI
203897,Zach LaVine,2024,18,34.94444444444444,16.666666666666668,5.333333333333333,4.5,0.8888888888888888,0.3888888888888889,2.0555555555555554,-5.666666666666667,110,240,40,109,40,50,8.260465732490333,36,0.4583333333333333,0.3669724770642202,0.8,CHI
203897,Zach LaVine,2025,62,35.5,22.79032258064516,3.903225806451613,4.419354838709677,0.7580645161290323,0.16129032258064516,2.9516129032258065,-1.3225806451612903,531,1029,205,450,146,180,8.380572962090623,43,0.5160349854227405,0.45555555555555555,0.8111111111111111,CHI
203897,Zach LaVine,2026,31,30.35483870967742,17.258064516129032,2.5483870967741935,2.161290322580645,0.8387096774193549,0.2903225806451613,2.032258064516129,-8.96774193548387,199,420,69,191,68,78,8.278356285863694,35,0.4738095238095238,0.3612565445026178,0.8717948717948718,CHI
203901,Elfrid Payton,2022,52,10.788461538461538,2.9615384615384617,1.6923076923076923,1.9615384615384615,0.4807692307692308,0.11538461538461539,0.9038461538461539,-0.5576923076923077,69,178,4,18,12,32,3.1867466873713224,14,0.38764044943820225,0.2222222222222222,0.375,PHX
203901,Elfrid Payton,2025,24,21.25,3.5416666666666665,3.2916666666666665,6.916666666666667,1.0,0.4583333333333333,2.4583333333333335,-6.208333333333333,40,122,1,6,4,7,3.764585162972856,14,0.32786885245901637,0.16666666666666666,0.5714285714285714,PHX
203903,Jordan Clarkson,2022,82,27.024390243902438,15.597560975609756,3.4878048780487805,2.341463414634146,0.8292682926829268,0.1951219512195122,1.646341463414634,4.378048780487805,475,1131,187,591,142,169,5.402010956373493,26,0.41998231653404067,0.3164128595600677,0.8402366863905325,UTA
203903,Jordan Clarkson,2023,50,32.1,20.06,3.9,4.36,0.5,0.24,2.92,-0.6,373,842,135,387,122,148,6.888055322255259,39,0.44299287410926363,0.3488372093023256,0.8243243243243243,UTA
203903,Jordan Clarkson,2024,43,30.023255813953487,15.348837209302326,3.0,4.744186046511628,0.6511627906976745,0.06976744186046512,2.511627906976744,-5.325581395348837,251,608,70,236,88,105,8.268942815281287,37,0.4128289473684211,0.2966101694915254,0.8380952380952381,UTA
203903,Jordan Clarkson,2025,30,25.333333333333332,14.666666666666666,2.7666666666666666,3.6333333333333333,0.8333333333333334,0.2,2.2333333333333334,-7.4,154,385,64,191,68,85,6.30999936244236,24,0.4,0.33507853403141363,0.8,UTA
203903,Jordan Clarkson,2026,89,16.213483146067414,7.719101123595506,1.7191011235955056,1.1685393258426966,0.38202247191011235,0.11235955056179775,0.8876404494382022,2.2247191011235956,266,590,71,227,84,102,5.3064899459507116,27,0.45084745762711864,0.31277533039647576,0.8235294117647058,UTA
203914,Gary Harris,2022,59,28.271186440677965,10.745762711864407,1.9322033898305084,1.728813559322034,0.9491525423728814,0.15254237288135594,0.9661016949152542,-3.7288135593220337,230,527,108,283,66,78,5.66475254455121,23,0.4364326375711575,0.38162544169611307,0.8461538461538461,ORL
203914,Gary Harris,2023,48,24.729166666666668,8.270833333333334,2.0416666666666665,1.2291666666666667,0.9375,0.25,0.5833333333333334,-1.75,138,307,94,218,27,30,5.060231191982443,22,0.4495114006514658,0.43119266055045874,0.9,ORL
203914,Gary Harris,2024,59,24.152542372881356,6.593220338983051,1.694915254237288,1.4915254237288136,0.9322033898305084,0.288135593220339,0.559322033898305,1.576271186440678,138,318,83,223,30,41,4.545246262695203,17,0.4339622641509434,0.3721973094170404,0.7317073170731707,ORL
203914,Gary Harris,2025,54,14.88888888888889,2.8703703703703702,1.2777777777777777,0.6111111111111112,0.5555555555555556,0.24074074074074073,0.3148148148148148,1.2037037037037037,55,143,38,108,7,12,3.787000088666271,18,0.38461538461538464,0.35185185185185186,0.5833333333333334,ORL
203914,Gary Harris,2026,48,13.833333333333334,2.6666666666666665,1.2708333333333333,1.0625,0.5625,0.1875,0.3958333333333333,-2.75,46,104,28,68,8,9,2.6524443430367772,10,0.4423076923076923,0.4117647058823529,0.8888888888888888,ORL
203915,Spencer Dinwiddie,2022,70,28.142857142857142,12.085714285714285,3.7142857142857144,4.628571428571429,0.6142857142857143,0.21428571428571427,1.5,-0.7,293,711,117,333,143,183,6.9818457281908435,34,0.4120956399437412,0.35135135135135137,0.7814207650273224,DAL
203915,Spencer Dinwiddie,2023,66,34.54545454545455,15.863636363636363,3.393939393939394,6.5,0.803030303030303,0.2878787878787879,1.8484848484848484,-0.3333333333333333,372,839,145,399,158,201,6.899021923178931,33,0.4433849821215733,0.3634085213032581,0.7860696517412935,DAL
203915,Spencer Dinwiddie,2024,72,26.444444444444443,8.75,2.4166666666666665,4.291666666666667,0.5694444444444444,0.2222222222222222,1.0972222222222223,-0.16666666666666666,207,547,105,321,111,147,6.7045286355829745,29,0.37842778793418647,0.32710280373831774,0.7551020408163265,DAL
203915,Spencer Dinwiddie,2025,71,25.253521126760564,9.338028169014084,2.464788732394366,4.126760563380282,0.7887323943661971,0.22535211267605634,1.2535211267605635,-3.3380281690140845,227,558,91,274,118,156,6.585576581703448,28,0.4068100358422939,0.33211678832116787,0.7564102564102564,DAL
203917,Nik Stauskas,2022,20,3.15,1.4,0.35,0.3,0.0,0.0,0.05,1.4,7,25,6,19,8,10,1.8750438591361565,6,0.28,0.3157894736842105,0.8,BOS
203918,Rodney Hood,2022,52,13.653846153846153,3.1346153846153846,1.4807692307692308,0.7307692307692307,0.28846153846153844,0.11538461538461539,0.21153846153846154,0.17307692307692307,58,157,30,91,17,19,3.2177744479981882,14,0.36942675159235666,0.32967032967032966,0.8947368421052632,MIL
203920,Khem Birch,2022,60,17.233333333333334,4.383333333333334,4.016666666666667,0.9666666666666667,0.5,0.4,0.48333333333333334,0.25,105,212,2,18,51,69,3.4743206465152667,14,0.49528301886792453,0.1111111111111111,0.7391304347826086,TOR
203920,Khem Birch,2023,20,8.1,2.15,1.25,0.35,0.25,0.25,0.4,0.3,19,32,1,2,4,5,2.2307657406087453,9,0.59375,0.5,0.8,TOR
203924,Jerami Grant,2022,25,30.4,16.28,3.32,2.08,0.8,0.8,1.84,-6.84,144,342,48,135,71,86,6.642790578263526,27,0.42105263157894735,0.35555555555555557,0.8255813953488372,POR
203924,Jerami Grant,2023,40,34.675,17.35,4.325,2.425,0.9,0.725,1.775,-2.7,250,542,84,213,110,140,6.885696806628977,32,0.4612546125461255,0.39436619718309857,0.7857142857142857,POR
203924,Jerami Grant,2024,36,31.944444444444443,18.805555555555557,2.6944444444444446,2.5555555555555554,1.0,0.4444444444444444,1.8333333333333333,-8.666666666666666,248,545,77,191,104,129,7.158688804301063,30,0.45504587155963305,0.4031413612565445,0.8062015503875969,POR
203924,Jerami Grant,2025,34,31.764705882352942,12.235294117647058,3.5294117647058822,2.176470588235294,1.0294117647058822,0.7058823529411765,1.1764705882352942,-6.117647058823529,140,412,71,205,65,80,6.791522449613247,32,0.33980582524271846,0.3463414634146341,0.8125,POR
203924,Jerami Grant,2026,40,28.25,15.575,2.9,1.725,0.725,0.575,2.05,-2.0,218,493,88,240,99,124,7.6086573498000725,35,0.4421906693711968,0.36666666666666664,0.7983870967741935,POR
203925,Joe Harris,2023,78,20.102564102564102,7.294871794871795,2.1666666666666665,1.294871794871795,0.46153846153846156,0.16666666666666666,0.5641025641025641,-0.11538461538461539,203,453,143,345,20,30,5.381809125551506,18,0.4481236203090508,0.4144927536231884,0.6666666666666666,BKN
203925,Joe Harris,2024,16,10.6875,2.4375,0.8125,0.625,0.1875,0.125,0.25,-3.0,14,39,10,30,1,2,3.632606961031338,11,0.358974358974359,0.3333333333333333,0.5,BKN
203926,Doug McDermott,2022,51,23.96078431372549,11.333333333333334,2.2549019607843137,1.2549019607843137,0.2549019607843137,0.11764705882352941,0.8431372549019608,-0.7450980392156863,215,465,108,256,40,51,5.476008278542562,25,0.46236559139784944,0.421875,0.7843137254901961,SAS
203926,Doug McDermott,2023,63,20.38095238095238,9.904761904761905,2.1587301587301586,1.4285714285714286,0.20634920634920634,0.09523809523809523,0.9206349206349206,-3.7142857142857144,230,508,119,290,45,61,5.336164762999751,23,0.452755905511811,0.4103448275862069,0.7377049180327869,SAS
203926,Doug McDermott,2024,74,13.08108108108108,4.918918918918919,0.8378378378378378,1.0405405405405406,0.21621621621621623,0.05405405405405406,0.3918918918918919,-2.189189189189189,128,295,97,237,11,19,4.747765896401637,18,0.43389830508474575,0.4092827004219409,0.5789473684210527,SAS
203926,Doug McDermott,2025,43,8.116279069767442,3.4186046511627906,0.5116279069767442,0.16279069767441862,0.09302325581395349,0.046511627906976744,0.16279069767441862,0.7441860465116279,50,119,44,103,3,5,4.696668313255659,18,0.42016806722689076,0.42718446601941745,0.6,SAS
203926,Doug McDermott,2026,29,15.137931034482758,5.655172413793103,1.2758620689655173,0.7586206896551724,0.20689655172413793,0.13793103448275862,0.4482758620689655,-3.5172413793103448,54,139,48,123,8,9,4.5061534282813565,16,0.38848920863309355,0.3902439024390244,0.8888888888888888,SAS
203932,Aaron Gordon,2022,70,31.1,13.942857142857143,5.828571428571428,2.3857142857142857,0.5571428571428572,0.5285714285714286,1.7142857142857142,3.857142857142857,388,771,79,243,121,171,5.321233686872864,28,0.503242542153048,0.32510288065843623,0.7076023391812866,DEN
203932,Aaron Gordon,2023,73,31.273972602739725,14.808219178082192,6.041095890410959,2.7534246575342465,0.726027397260274,0.6027397260273972,1.178082191780822,7.972602739726027,427,763,61,175,166,259,6.325999117940394,37,0.5596330275229358,0.3485714285714286,0.640926640926641,DEN
203932,Aaron Gordon,2024,71,32.098591549295776,13.267605633802816,6.084507042253521,3.6338028169014085,0.7605633802816901,0.4225352112676056,1.4225352112676057,3.9859154929577465,386,682,44,142,126,196,5.450970415515474,29,0.5659824046920822,0.30985915492957744,0.6428571428571429,DEN
203932,Aaron Gordon,2025,56,29.125,13.642857142857142,5.339285714285714,2.9464285714285716,0.48214285714285715,0.25,1.3571428571428572,4.839285714285714,282,558,81,197,119,150,7.284924836271812,33,0.5053763440860215,0.41116751269035534,0.7933333333333333,DEN
203932,Aaron Gordon,2026,32,27.53125,14.125,5.65625,2.5625,0.53125,0.3125,1.03125,8.09375,159,338,45,136,89,116,6.9641941385920605,27,0.47041420118343197,0.33088235294117646,0.7672413793103449,DEN
203933,T.J. Warren,2023,48,16.0,6.875,2.6666666666666665,0.8958333333333334,0.4791666666666667,0.3125,0.4375,1.3333333333333333,138,289,23,74,31,39,6.396890867128925,23,0.47750865051903113,0.3108108108108108,0.7948717948717948,BKN
203935,Marcus Smart,2022,83,32.89156626506024,12.385542168674698,3.783132530120482,5.879518072289157,1.5903614457831325,0.20481927710843373,2.253012048192771,5.493975903614458,371,883,154,447,132,170,6.5849631465554,29,0.420158550396376,0.34451901565995524,0.7764705882352941,BOS
203935,Marcus Smart,2023,75,32.413333333333334,12.106666666666667,3.3866666666666667,5.933333333333334,1.4533333333333334,0.36,2.3466666666666667,3.96,330,768,148,435,100,133,5.409134749545322,24,0.4296875,0.34022988505747126,0.7518796992481203,BOS
203935,Marcus Smart,2024,20,30.15,14.45,2.65,4.3,2.05,0.25,3.1,-1.0,102,237,42,134,43,56,7.3733160432524665,29,0.43037974683544306,0.31343283582089554,0.7678571428571429,BOS
203935,Marcus Smart,2025,32,19.8125,8.5625,2.15625,3.03125,1.15625,0.25,1.46875,1.25,94,244,46,134,40,55,5.91301189559258,25,0.38524590163934425,0.34328358208955223,0.7272727272727273,BOS
203935,Marcus Smart,2026,63,29.015873015873016,9.253968253968255,2.857142857142857,3.0,1.492063492063492,0.30158730158730157,1.6984126984126984,3.2222222222222223,198,504,103,306,84,108,5.690876268963625,26,0.39285714285714285,0.3366013071895425,0.7777777777777778,BOS
203937,Kyle Anderson,2022,79,20.772151898734176,7.227848101265823,5.0886075949367084,2.4936708860759493,1.0759493670886076,0.6075949367088608,0.9746835443037974,0.6329113924050633,230,508,39,120,72,109,4.1539272955398445,17,0.452755905511811,0.325,0.6605504587155964,MIN
203937,Kyle Anderson,2023,67,28.0,9.432835820895523,5.223880597014926,4.835820895522388,1.1044776119402986,0.7313432835820896,1.4179104477611941,1.1791044776119404,251,493,44,106,86,117,4.818599949428964,23,0.5091277890466531,0.41509433962264153,0.7350427350427351,MIN
203937,Kyle Anderson,2024,91,21.307692307692307,5.978021978021978,3.32967032967033,3.901098901098901,0.8681318681318682,0.5274725274725275,1.0879120879120878,1.1758241758241759,220,475,13,56,91,132,3.495959642463543,17,0.4631578947368421,0.23214285714285715,0.6893939393939394,MIN
203937,Kyle Anderson,2025,62,16.096774193548388,5.516129032258065,3.2096774193548385,2.370967741935484,0.6612903225806451,0.532258064516129,0.6129032258064516,-0.6451612903225806,140,299,25,70,37,55,4.1636283651889014,19,0.4682274247491639,0.35714285714285715,0.6727272727272727,MIN
203937,Kyle Anderson,2026,49,17.489795918367346,5.244897959183674,2.8979591836734695,2.816326530612245,0.8775510204081632,0.42857142857142855,0.8367346938775511,-1.7959183673469388,104,207,4,12,45,69,3.9503724098964073,17,0.5024154589371981,0.3333333333333333,0.6521739130434783,MIN
203939,Dwight Powell,2022,93,20.107526881720432,7.172043010752688,4.204301075268817,0.989247311827957,0.3870967741935484,0.40860215053763443,0.6881720430107527,0.7311827956989247,256,391,12,38,143,193,5.089681923763654,22,0.6547314578005116,0.3157894736842105,0.7409326424870466,DAL
203939,Dwight Powell,2023,71,18.577464788732396,6.126760563380282,3.9577464788732395,0.8873239436619719,0.6619718309859155,0.30985915492957744,0.8591549295774648,2.464788732394366,175,240,0,5,85,134,3.8764106279052557,19,0.7291666666666666,0.0,0.6343283582089553,DAL
203939,Dwight Powell,2024,73,11.89041095890411,2.9315068493150687,3.0273972602739727,1.1917808219178083,0.3698630136986301,0.2191780821917808,0.4657534246575342,-0.0684931506849315,73,109,1,3,67,95,3.215970421727267,14,0.6697247706422018,0.3333333333333333,0.7052631578947368,DAL
203939,Dwight Powell,2025,56,9.892857142857142,2.0357142857142856,2.142857142857143,0.9821428571428571,0.32142857142857145,0.375,0.32142857142857145,-0.39285714285714285,42,64,2,5,28,43,2.6213409872484297,11,0.65625,0.4,0.6511627906976745,DAL
203939,Dwight Powell,2026,57,13.631578947368421,2.5964912280701755,3.8596491228070176,1.0350877192982457,0.49122807017543857,0.3157894736842105,0.6140350877192983,-0.7719298245614035,52,83,1,6,43,67,2.987232648663828,11,0.6265060240963856,0.16666666666666666,0.6417910447761194,DAL
203943,Noah Vonleh,2023,23,7.434782608695652,1.0869565217391304,2.0869565217391304,0.30434782608695654,0.08695652173913043,0.34782608695652173,0.4782608695652174,-0.5652173913043478,11,24,1,4,2,2,1.7297672854057793,7,0.4583333333333333,0.25,1.0,BOS
203944,Julius Randle,2022,45,34.37777777777778,17.355555555555554,9.377777777777778,4.733333333333333,0.7333333333333333,0.37777777777777777,3.2222222222222223,-3.7777777777777777,299,718,79,248,104,149,8.594806982748773,46,0.41643454038997213,0.3185483870967742,0.697986577181208,MIN
203944,Julius Randle,2023,45,33.84444444444444,20.555555555555557,8.933333333333334,3.8,0.6,0.2222222222222222,2.911111111111111,2.8222222222222224,338,751,110,336,139,191,7.829302638037425,43,0.45006657789613846,0.3273809523809524,0.7277486910994765,MIN
203944,Julius Randle,2024,22,35.54545454545455,21.136363636363637,9.045454545454545,6.090909090909091,0.36363636363636365,0.4090909090909091,3.6818181818181817,6.5,183,390,40,118,59,83,7.219652112351164,34,0.46923076923076923,0.3389830508474576,0.7108433734939759,MIN
203944,Julius Randle,2025,63,32.333333333333336,18.238095238095237,6.920634920634921,4.714285714285714,0.6825396825396826,0.23809523809523808,3.0793650793650795,2.142857142857143,426,862,114,303,183,221,6.980882386490207,33,0.494199535962877,0.37623762376237624,0.8280542986425339,MIN
203944,Julius Randle,2026,53,32.18867924528302,17.566037735849058,6.6415094339622645,4.547169811320755,1.0566037735849056,0.16981132075471697,2.6037735849056602,2.188679245283019,356,786,70,224,149,210,6.228067467775538,32,0.4529262086513995,0.3125,0.7095238095238096,MIN
203952,Andrew Wiggins,2022,83,32.30120481927711,16.83132530120482,5.0602409638554215,2.2289156626506026,1.0120481927710843,0.6746987951807228,1.3373493975903614,4.650602409638554,539,1143,174,440,145,234,5.641352711653373,35,0.4715660542432196,0.39545454545454545,0.6196581196581197,GSW
203952,Andrew Wiggins,2023,45,32.28888888888889,16.88888888888889,5.044444444444444,2.2,1.1555555555555554,0.6666666666666666,1.2666666666666666,2.8444444444444446,303,638,100,261,54,87,6.702178147378054,36,0.47492163009404387,0.3831417624521073,0.6206896551724138,GSW
203952,Andrew Wiggins,2024,66,26.696969696969695,12.681818181818182,4.515151515151516,1.7121212121212122,0.5757575757575758,0.5606060606060606,1.2575757575757576,-1.5606060606060606,319,721,85,238,114,158,6.2859038659994955,31,0.44244105409153955,0.35714285714285715,0.7215189873417721,GSW
203952,Andrew Wiggins,2025,53,30.81132075471698,17.0188679245283,4.849056603773585,2.660377358490566,1.0,0.7547169811320755,1.6037735849056605,-2.811320754716981,332,750,117,312,121,168,7.482005505615907,42,0.44266666666666665,0.375,0.7202380952380952,GSW
203952,Andrew Wiggins,2026,56,30.375,15.0,4.803571428571429,2.5357142857142856,1.125,0.7142857142857143,1.6071428571428572,-2.3035714285714284,320,688,113,275,87,112,5.6600674586407225,28,0.46511627906976744,0.4109090909090909,0.7767857142857143,GSW
203957,Dante Exum,2024,74,16.45945945945946,6.202702702702703,2.22972972972973,2.2432432432432434,0.32432432432432434,0.08108108108108109,0.7027027027027027,3.0135135135135136,174,342,59,126,52,66,6.054500714072541,26,0.5087719298245614,0.46825396825396826,0.7878787878787878,DAL
203957,Dante Exum,2025,22,18.363636363636363,8.545454545454545,1.7272727272727273,2.8181818181818183,0.6363636363636364,0.13636363636363635,1.1363636363636365,-2.909090909090909,69,141,25,57,25,33,6.200823852538987,27,0.48936170212765956,0.43859649122807015,0.7575757575757576,DAL
203967,Dario Saric,2023,58,13.96551724137931,6.103448275862069,3.5172413793103448,1.206896551724138,0.3103448275862069,0.13793103448275862,0.9310344827586207,0.3275862068965517,126,278,45,117,57,69,5.5683619285614965,21,0.45323741007194246,0.38461538461538464,0.8260869565217391,GSW
203967,Dario Saric,2024,63,16.904761904761905,7.841269841269841,4.428571428571429,2.2222222222222223,0.4603174603174603,0.15873015873015872,1.2063492063492063,-0.25396825396825395,175,373,71,186,73,87,5.6202581424078355,20,0.4691689008042895,0.3817204301075269,0.8390804597701149,GSW
203967,Dario Saric,2025,16,13.1875,3.5,3.125,1.4375,0.4375,0.0625,0.9375,-3.0625,21,58,7,26,7,10,3.6878177829171546,10,0.3620689655172414,0.2692307692307692,0.7,GSW
203991,Clint Capela,2022,68,26.926470588235293,10.441176470588236,11.176470588235293,1.1470588235294117,0.6470588235294118,0.9558823529411765,0.6176470588235294,-0.19117647058823528,320,515,0,1,70,145,5.135136071795568,22,0.6213592233009708,0.0,0.4827586206896552,ATL
203991,Clint Capela,2023,61,26.295081967213115,11.21311475409836,10.704918032786885,0.7868852459016393,0.7377049180327869,0.819672131147541,0.8524590163934426,-2.4754098360655736,308,476,0,1,68,121,4.293851239848133,22,0.6470588235294118,0.0,0.5619834710743802,ATL
203991,Clint Capela,2024,60,25.7,11.4,10.533333333333333,1.3,0.5166666666666667,1.0833333333333333,0.9166666666666666,-0.25,296,525,0,1,92,157,4.130088027953407,22,0.5638095238095238,0.0,0.5859872611464968,ATL
203991,Clint Capela,2025,52,21.21153846153846,8.76923076923077,8.5,1.1730769230769231,0.5961538461538461,0.8269230769230769,0.8461538461538461,-1.5769230769230769,202,364,0,1,52,95,4.709670421071214,21,0.554945054945055,0.0,0.5473684210526316,ATL
203991,Clint Capela,2026,73,11.438356164383562,3.287671232876712,4.205479452054795,0.589041095890411,0.4520547945205479,0.5753424657534246,0.5068493150684932,1.5205479452054795,102,207,0,0,36,61,2.491538190973124,10,0.4927536231884058,0.0,0.5901639344262295,ATL
203992,Bogdan Bogdanovic,2022,62,28.983870967741936,14.225806451612904,3.967741935483871,3.1451612903225805,1.0483870967741935,0.20967741935483872,1.0806451612903225,3.032258064516129,327,755,161,441,67,83,6.058240167667342,29,0.433112582781457,0.36507936507936506,0.8072289156626506,ATL
203992,Bogdan Bogdanovic,2023,61,27.704918032786885,13.934426229508198,3.0327868852459017,2.737704918032787,0.8360655737704918,0.3770491803278688,1.1147540983606556,1.4754098360655739,308,676,163,401,71,86,6.180261193129343,31,0.4556213017751479,0.40648379052369077,0.8255813953488372,ATL
203992,Bogdan Bogdanovic,2024,73,30.26027397260274,16.397260273972602,3.3835616438356166,3.095890410958904,1.2465753424657535,0.273972602739726,1.3287671232876712,1.643835616438356,433,1024,222,597,109,119,5.739095278166423,40,0.4228515625,0.37185929648241206,0.9159663865546218,ATL
203992,Bogdan Bogdanović,2025,60,23.933333333333334,10.183333333333334,2.933333333333333,2.683333333333333,0.7333333333333333,0.16666666666666666,1.4166666666666667,1.95,222,528,109,308,58,67,6.333905713058958,30,0.42045454545454547,0.3538961038961039,0.8656716417910447,ATL
203992,Bogdan Bogdanović,2026,23,19.652173913043477,7.434782608695652,2.5652173913043477,2.217391304347826,0.43478260869565216,0.13043478260869565,1.173913043478261,-1.3043478260869565,59,152,33,95,20,25,6.214543696819887,21,0.3881578947368421,0.3473684210526316,0.8,ATL
203994,Jusuf Nurkic,2022,40,27.475,12.9,11.375,2.925,1.025,0.55,2.575,-0.725,214,406,9,37,79,126,5.415078662685975,28,0.5270935960591133,0.24324324324324326,0.626984126984127,PHX
203994,Jusuf Nurkic,2023,42,26.023809523809526,12.047619047619047,8.428571428571429,2.7857142857142856,0.7857142857142857,0.6428571428571429,2.119047619047619,-1.4523809523809523,199,390,33,91,75,121,6.688003023078078,25,0.5102564102564102,0.3626373626373626,0.6198347107438017,PHX
203994,Jusuf Nurkic,2024,69,27.014492753623188,10.246376811594203,10.927536231884059,3.8840579710144927,1.1014492753623188,0.9130434782608695,2.1449275362318843,3.927536231884058,287,564,18,77,115,189,5.771139649664093,31,0.5088652482269503,0.23376623376623376,0.6084656084656085,PHX
203994,Jusuf Nurkić,2025,46,20.17391304347826,8.58695652173913,7.565217391304348,2.3260869565217392,0.782608695652174,0.5869565217391305,1.7826086956521738,-4.217391304347826,149,311,29,91,68,100,5.491715323837137,26,0.4790996784565916,0.31868131868131866,0.68,PHX
203994,Jusuf Nurkić,2026,39,26.128205128205128,10.794871794871796,10.35897435897436,4.82051282051282,1.2820512820512822,0.48717948717948717,2.3333333333333335,-4.564102564102564,172,339,23,67,54,95,5.648378841381169,26,0.5073746312684366,0.34328358208955223,0.5684210526315789,PHX
203995,Vasilije Micic,2024,59,19.406779661016948,6.796610169491525,1.4745762711864407,4.389830508474576,0.5254237288135594,0.1016949152542373,1.6610169491525424,-1.0847457627118644,152,358,43,152,54,66,5.947412248100877,25,0.4245810055865922,0.28289473684210525,0.8181818181818182,CHA
203995,Vasilije Micic,2025,41,19.170731707317074,6.560975609756097,2.1707317073170733,3.1219512195121952,0.36585365853658536,0.0,1.8780487804878048,-2.975609756097561,95,273,45,125,34,41,6.233172468686412,20,0.34798534798534797,0.36,0.8292682926829268,CHA
203999,Nikola Jokic,2022,43,32.674418604651166,24.41860465116279,13.651162790697674,7.883720930232558,1.4651162790697674,0.627906976744186,3.697674418604651,5.348837209302325,430,779,61,194,129,163,6.448449640692659,41,0.55198973042362,0.31443298969072164,0.7914110429447853,DEN
203999,Nikola Jokic,2023,45,33.24444444444445,21.244444444444444,11.688888888888888,9.6,1.2,0.4444444444444444,3.3333333333333335,9.533333333333333,396,638,43,103,121,159,7.355132887853203,39,0.6206896551724138,0.4174757281553398,0.7610062893081762,DEN
203999,Nikola Jokic,2024,59,34.42372881355932,25.203389830508474,12.203389830508474,8.576271186440678,1.1694915254237288,0.7966101694915254,3.23728813559322,7.728813559322034,625,1056,64,179,173,219,7.7920818806700956,42,0.5918560606060606,0.3575418994413408,0.7899543378995434,DEN
203999,Nikola Jokić,2025,50,36.94,27.06,12.36,9.84,1.68,0.58,3.26,5.02,551,963,101,240,150,199,8.152650752099852,46,0.5721703011422637,0.42083333333333334,0.7537688442211056,DEN
203999,Nikola Jokić,2026,32,34.875,23.53125,12.09375,11.0625,1.53125,0.5625,3.625,8.625,304,548,53,161,92,122,6.6816280370734855,35,0.5547445255474452,0.32919254658385094,0.7540983606557377,DEN
204001,Kristaps Porzingis,2022,23,28.304347826086957,18.130434782608695,7.304347826086956,2.130434782608696,0.782608695652174,0.9565217391304348,1.434782608695652,-2.739130434782609,157,347,39,115,64,72,6.475859703026358,30,0.45244956772334294,0.3391304347826087,0.8888888888888888,BOS
204001,Kristaps Porzingis,2023,33,32.696969696969695,21.818181818181817,8.393939393939394,2.393939393939394,0.9090909090909091,1.2121212121212122,1.6363636363636365,1.7272727272727273,272,567,75,199,101,133,7.247648521479852,43,0.47971781305114636,0.3768844221105528,0.7593984962406015,BOS
204001,Kristaps Porzingis,2024,31,25.806451612903224,16.741935483870968,5.870967741935484,1.6774193548387097,0.7741935483870968,1.032258064516129,1.2258064516129032,7.193548387096774,189,362,60,153,81,96,7.061481156884315,31,0.5220994475138122,0.39215686274509803,0.84375,BOS
204001,Kristaps Porziņģis,2025,34,25.08823529411765,14.529411764705882,5.294117647058823,1.6764705882352942,0.7352941176470589,0.9411764705882353,1.1176470588235294,2.0588235294117645,175,383,61,156,83,110,7.144547800935857,34,0.45691906005221933,0.391025641025641,0.7545454545454545,BOS
204001,Kristaps Porziņģis,2026,23,22.782608695652176,14.869565217391305,4.782608695652174,2.391304347826087,0.5652173913043478,0.9130434782608695,1.3478260869565217,-0.43478260869565216,123,267,44,115,52,73,6.482874978293945,28,0.4606741573033708,0.3826086956521739,0.7123287671232876,BOS
204060,Joe Ingles,2022,45,24.91111111111111,7.222222222222222,2.911111111111111,3.511111111111111,0.5111111111111111,0.1111111111111111,1.0222222222222221,4.133333333333334,115,285,78,225,17,22,4.912363293905809,19,0.40350877192982454,0.3466666666666667,0.7727272727272727,ORL
204060,Joe Ingles,2023,51,22.098039215686274,6.882352941176471,2.627450980392157,3.1372549019607843,0.7058823529411765,0.13725490196078433,1.196078431372549,1.392156862745098,120,271,93,223,18,21,4.827616632764161,17,0.44280442804428044,0.4170403587443946,0.8571428571428571,ORL
204060,Joe Ingles,2024,74,16.405405405405407,3.9864864864864864,2.0405405405405403,2.864864864864865,0.6216216216216216,0.05405405405405406,0.8918918918918919,2.4594594594594597,101,234,70,164,23,30,3.887081671958079,14,0.43162393162393164,0.4268292682926829,0.7666666666666667,ORL
204060,Joe Ingles,2026,25,6.64,1.92,0.84,1.36,0.44,0.08,0.6,-0.36,18,30,9,19,3,4,3.6619666847201104,15,0.6,0.47368421052631576,0.75,ORL
204456,T.J. McConnell,2022,27,24.11111111111111,8.481481481481481,3.3333333333333335,4.851851851851852,1.0740740740740742,0.37037037037037035,1.0740740740740742,-2.740740740740741,100,208,10,33,19,23,5.28692414845976,21,0.4807692307692308,0.30303030303030304,0.8260869565217391,IND
204456,T.J. McConnell,2023,74,20.364864864864863,8.58108108108108,3.135135135135135,5.324324324324325,1.0945945945945945,0.13513513513513514,1.9189189189189189,-0.9864864864864865,279,515,26,58,51,61,6.038703382455624,29,0.541747572815534,0.4482758620689655,0.8360655737704918,IND
204456,T.J. McConnell,2024,87,18.632183908045977,10.471264367816092,2.7471264367816093,5.367816091954023,0.9885057471264368,0.11494252873563218,1.4827586206896552,0.6781609195402298,415,769,25,69,56,69,5.590355233668009,26,0.5396618985695709,0.36231884057971014,0.8115942028985508,IND
204456,T.J. McConnell,2025,100,18.05,9.26,2.67,4.43,1.03,0.23,1.52,-0.88,415,793,23,67,73,98,4.591648105335634,30,0.5233291298865069,0.34328358208955223,0.7448979591836735,IND
204456,T.J. McConnell,2026,56,17.178571428571427,9.375,2.2142857142857144,5.125,1.0,0.17857142857142858,1.1428571428571428,-2.392857142857143,242,450,16,50,25,29,4.638034458298433,23,0.5377777777777778,0.32,0.8620689655172413,IND
1626145,Tyus Jones,2022,84,21.13095238095238,8.642857142857142,2.488095238095238,4.416666666666667,0.9285714285714286,0.047619047619047616,0.6904761904761905,3.130952380952381,283,642,98,248,62,75,6.065193720806633,27,0.440809968847352,0.3951612903225806,0.8266666666666667,MEM
1626145,Tyus Jones,2023,85,23.988235294117647,9.83529411764706,2.552941176470588,5.105882352941176,1.0588235294117647,0.07058823529411765,0.9647058823529412,0.9764705882352941,319,742,123,344,75,95,6.496971929884189,28,0.4299191374663073,0.35755813953488375,0.7894736842105263,MEM
1626145,Tyus Jones,2024,66,29.28787878787879,11.969696969696969,2.712121212121212,7.348484848484849,1.0757575757575757,0.2727272727272727,1.0,-7.53030303030303,326,666,106,256,32,40,5.77253363109688,25,0.4894894894894895,0.4140625,0.8,MEM
1626145,Tyus Jones,2025,80,26.7625,10.25,2.4125,5.2375,0.825,0.1,1.1125,-1.35,305,678,165,398,45,51,5.680301293488763,22,0.4498525073746313,0.41457286432160806,0.8823529411764706,MEM
1626145,Tyus Jones,2026,70,14.442857142857143,2.9714285714285715,1.0857142857142856,2.342857142857143,0.5571428571428572,0.04285714285714286,0.35714285714285715,-1.5714285714285714,80,226,40,138,8,11,3.400645414322765,16,0.35398230088495575,0.2898550724637681,0.7272727272727273,MEM
1626147,Justin Anderson,2022,16,19.75,6.375,2.875,2.0625,0.5,0.375,0.5,-0.9375,36,95,15,59,15,19,6.031859856904281,18,0.37894736842105264,0.2542372881355932,0.7894736842105263,IND
1626149,Montrezl Harrell,2022,55,22.072727272727274,12.0,5.618181818181818,1.9454545454545455,0.4,0.5818181818181818,1.0363636363636364,0.21818181818181817,271,406,3,8,115,167,5.581052602166384,25,0.6674876847290641,0.375,0.688622754491018,PHI
1626149,Montrezl Harrell,2023,56,10.910714285714286,4.839285714285714,2.517857142857143,0.5357142857142857,0.26785714285714285,0.375,0.5892857142857143,0.26785714285714285,109,190,0,6,53,81,4.986442658811027,20,0.5736842105263158,0.0,0.654320987654321,PHI
1626153,Delon Wright,2022,83,19.49397590361446,4.650602409638554,3.0120481927710845,2.4698795180722892,1.144578313253012,0.26506024096385544,0.6144578313253012,1.2771084337349397,141,303,50,130,54,66,4.028658721720132,20,0.46534653465346537,0.38461538461538464,0.8181818181818182,ATL
1626153,Delon Wright,2023,50,24.5,7.38,3.6,3.88,1.84,0.34,0.88,1.38,138,291,41,119,52,60,4.989335565759744,24,0.4742268041237113,0.3445378151260504,0.8666666666666667,ATL
1626153,Delon Wright,2024,52,16.692307692307693,4.519230769230769,1.9615384615384615,2.4038461538461537,1.0961538461538463,0.2692307692307692,0.25,-0.40384615384615385,86,214,32,80,31,39,3.455546179214185,17,0.40186915887850466,0.4,0.7948717948717948,ATL
1626153,Delon Wright,2025,44,14.75,2.840909090909091,1.4772727272727273,1.7272727272727273,0.8409090909090909,0.22727272727272727,0.5227272727272727,0.3181818181818182,44,130,20,72,17,25,3.4367587611354127,12,0.3384615384615385,0.2777777777777778,0.68,ATL
1626156,D'Angelo Russell,2022,60,31.95,16.516666666666666,3.2333333333333334,7.133333333333334,1.0,0.31666666666666665,2.5166666666666666,2.2666666666666666,349,862,158,455,135,168,7.098559573786703,35,0.4048723897911833,0.34725274725274724,0.8035714285714286,LAL
1626156,D'Angelo Russell,2023,77,31.818181818181817,16.116883116883116,2.987012987012987,5.818181818181818,0.922077922077922,0.4025974025974026,2.5194805194805197,1.1428571428571428,464,1013,192,515,121,159,7.947151137976602,33,0.45804540967423496,0.37281553398058254,0.7610062893081762,LAL
1626156,D'Angelo Russell,2024,74,32.351351351351354,17.364864864864863,3.027027027027027,6.081081081081081,0.9054054054054054,0.3918918918918919,2.054054054054054,3.054054054054054,473,1034,220,539,119,150,8.693525104847382,44,0.4574468085106383,0.40816326530612246,0.7933333333333333,LAL
1626156,D'Angelo Russell,2025,53,25.28301886792453,12.11320754716981,2.811320754716981,5.0754716981132075,0.9811320754716981,0.32075471698113206,1.8679245283018868,0.8679245283018868,226,577,102,327,88,108,6.497515434493435,28,0.39168110918544197,0.3119266055045872,0.8148148148148148,LAL
1626156,D'Angelo Russell,2026,24,17.75,8.833333333333334,2.0833333333333335,3.875,0.2916666666666667,0.08333333333333333,1.6666666666666667,-3.7916666666666665,75,190,31,99,31,43,6.741607772803076,31,0.39473684210526316,0.31313131313131315,0.7209302325581395,LAL
1626157,Karl-Anthony Towns,2022,39,33.94871794871795,22.076923076923077,9.666666666666666,3.641025641025641,1.1282051282051282,0.8717948717948718,2.769230769230769,1.3846153846153846,327,612,78,188,129,162,5.939983233117464,32,0.5343137254901961,0.4148936170212766,0.7962962962962963,NYK
1626157,Karl-Anthony Towns,2023,22,32.45454545454545,19.454545454545453,8.136363636363637,4.090909090909091,0.6363636363636364,0.5,3.0,0.36363636363636365,158,323,50,125,62,71,6.537272423261153,30,0.4891640866873065,0.4,0.8732394366197183,NYK
1626157,Karl-Anthony Towns,2024,53,32.60377358490566,19.92452830188679,8.49056603773585,2.9056603773584904,0.5660377358490566,0.49056603773584906,2.7358490566037736,3.5849056603773586,399,806,119,291,139,171,6.747788972931955,33,0.49503722084367247,0.40893470790378006,0.8128654970760234,NYK
1626157,Karl-Anthony Towns,2025,54,34.129629629629626,20.12962962962963,12.11111111111111,2.6481481481481484,0.8518518518518519,0.6851851851851852,2.425925925925926,3.3333333333333335,424,860,77,214,162,192,6.466302481694303,34,0.4930232558139535,0.3598130841121495,0.84375,NYK
1626157,Karl-Anthony Towns,2026,62,29.85483870967742,16.096774193548388,11.35483870967742,3.193548387096774,0.9354838709677419,0.7419354838709677,2.5,7.290322580645161,372,728,83,214,171,206,5.512161449904649,29,0.510989010989011,0.3878504672897196,0.8300970873786407,NYK
1626158,Richaun Holmes,2022,40,23.475,10.1,6.85,1.1,0.325,0.7,1.2,-4.2,175,269,2,5,52,70,6.979089647489301,27,0.6505576208178439,0.4,0.7428571428571429,SAC
1626158,Richaun Holmes,2023,41,8.463414634146341,3.1707317073170733,1.951219512195122,0.21951219512195122,0.07317073170731707,0.2682926829268293,0.34146341463414637,-1.6829268292682926,55,89,5,8,15,19,3.878804190884029,16,0.6179775280898876,0.625,0.7894736842105263,SAC
1626158,Richaun Holmes,2024,40,13.875,4.975,4.55,0.625,0.275,0.475,0.6,-2.25,82,147,1,3,34,47,4.896296350173052,16,0.5578231292517006,0.3333333333333333,0.723404255319149,SAC
1626158,Richaun Holmes,2025,29,16.724137931034484,6.862068965517241,5.724137931034483,1.2413793103448276,0.27586206896551724,0.6896551724137931,0.6206896551724138,-1.896551724137931,80,129,0,3,39,49,4.461935341875081,17,0.6201550387596899,0.0,0.7959183673469388,SAC
1626159,Justise Winslow,2022,45,16.08888888888889,5.644444444444445,4.111111111111111,1.7777777777777777,0.7111111111111111,0.4888888888888889,0.9777777777777777,-0.26666666666666666,105,246,15,65,29,54,4.932063718693477,16,0.4268292682926829,0.23076923076923078,0.5370370370370371,POR
1626159,Justise Winslow,2023,28,26.285714285714285,6.571428571428571,4.892857142857143,3.2857142857142856,1.0714285714285714,0.35714285714285715,1.5357142857142858,-1.4285714285714286,78,186,13,41,15,20,4.58199836258253,21,0.41935483870967744,0.3170731707317073,0.75,POR
1626161,Willie Cauley-Stein,2022,20,9.15,1.7,2.0,0.5,0.3,0.15,0.35,1.2,16,35,1,2,1,2,2.2734161635370636,8,0.45714285714285713,0.5,0.5,DAL
1626162,Kelly Oubre Jr.,2022,75,25.973333333333333,14.653333333333334,3.933333333333333,1.0533333333333332,0.9466666666666667,0.37333333333333335,0.8666666666666667,-0.4,400,911,185,539,114,173,8.291143652299304,39,0.43907793633369924,0.3432282003710575,0.6589595375722543,PHI
1626162,Kelly Oubre Jr.,2023,42,32.0,20.285714285714285,5.333333333333333,1.2142857142857142,1.2380952380952381,0.40476190476190477,1.3571428571428572,-6.714285714285714,317,722,101,304,117,153,6.765355485353714,34,0.4390581717451524,0.33223684210526316,0.7647058823529411,PHI
1626162,Kelly Oubre Jr.,2024,56,30.357142857142858,13.785714285714286,4.714285714285714,1.2142857142857142,1.2142857142857142,0.39285714285714285,1.25,0.7678571428571429,298,651,81,246,95,136,6.47993907298598,27,0.4577572964669739,0.32926829268292684,0.6985294117647058,PHI
1626162,Kelly Oubre Jr.,2025,54,34.22222222222222,13.88888888888889,6.055555555555555,1.7037037037037037,1.537037037037037,0.5370370370370371,1.2407407407407407,-4.055555555555555,296,637,58,217,100,138,5.297442126324837,27,0.46467817896389324,0.2672811059907834,0.7246376811594203,PHI
1626162,Kelly Oubre Jr.,2026,57,31.70175438596491,13.070175438596491,5.017543859649122,1.5087719298245614,1.1228070175438596,0.42105263157894735,1.2456140350877194,-1.8070175438596492,275,584,93,258,102,136,6.876096403802521,29,0.4708904109589041,0.36046511627906974,0.75,PHI
1626163,Frank Kaminsky,2023,35,6.685714285714286,2.5428571428571427,1.4857142857142858,0.9142857142857143,0.17142857142857143,0.11428571428571428,0.2571428571428571,-0.14285714285714285,31,63,13,33,14,16,3.75219823525339,13,0.49206349206349204,0.3939393939393939,0.875,ATL
1626164,Devin Booker,2022,50,33.82,24.04,4.92,4.66,0.98,0.32,2.44,6.26,467,1009,144,365,124,149,8.33228292699607,41,0.4628344895936571,0.39452054794520547,0.8322147651006712,PHX
1626164,Devin Booker,2023,33,33.78787878787879,26.060606060606062,4.303030303030303,5.909090909090909,0.9090909090909091,0.36363636363636365,2.393939393939394,3.5454545454545454,333,651,84,208,110,131,11.618787033129237,51,0.511520737327189,0.40384615384615385,0.8396946564885496,PHX
1626164,Devin Booker,2024,31,35.193548387096776,22.612903225806452,4.451612903225806,6.709677419354839,0.7741935483870968,0.25806451612903225,2.193548387096774,4.774193548387097,269,566,62,190,101,113,7.337926225461971,35,0.4752650176678445,0.3263157894736842,0.8938053097345132,PHX
1626164,Devin Booker,2025,40,36.725,23.45,4.125,7.7,0.9,0.225,2.9,-0.775,354,744,104,295,126,151,7.3273285438653275,37,0.47580645161290325,0.3525423728813559,0.8344370860927153,PHX
1626164,Devin Booker,2026,22,31.318181818181817,21.863636363636363,4.0,5.2272727272727275,0.7727272727272727,0.13636363636363635,2.272727272727273,3.1363636363636362,184,400,51,127,62,75,7.772328538416972,36,0.46,0.4015748031496063,0.8266666666666667,PHX
1626166,Cameron Payne,2022,70,20.428571428571427,9.428571428571429,2.742857142857143,4.371428571428571,0.6571428571428571,0.2571428571428571,1.6571428571428573,1.7285714285714286,256,649,74,236,74,88,5.665996793922236,24,0.39445300462249616,0.3135593220338983,0.8409090909090909,PHX
1626166,Cameron Payne,2023,55,20.436363636363637,10.0,2.1818181818181817,4.254545454545455,0.6545454545454545,0.18181818181818182,1.6363636363636365,0.8363636363636363,211,501,79,212,49,67,6.87453702144801,31,0.42115768463073855,0.37264150943396224,0.7313432835820896,PHX
1626166,Cameron Payne,2024,83,16.204819277108435,7.156626506024097,1.4578313253012047,2.5060240963855422,0.5180722891566265,0.18072289156626506,0.8313253012048193,-0.1686746987951807,215,497,112,283,52,61,5.549075791452922,24,0.43259557344064387,0.3957597173144876,0.8524590163934426,PHX
1626166,Cameron Payne,2025,85,13.6,5.988235294117647,1.2941176470588236,2.411764705882353,0.5058823529411764,0.18823529411764706,0.6705882352941176,2.1176470588235294,185,470,95,270,44,51,4.836601811895903,19,0.39361702127659576,0.35185185185185186,0.8627450980392157,PHX
1626166,Cameron Payne,2026,21,16.428571428571427,6.238095238095238,1.9523809523809523,2.2857142857142856,1.0,0.23809523809523808,0.5238095238095238,-4.095238095238095,47,139,24,89,13,16,5.262174093516499,16,0.3381294964028777,0.2696629213483146,0.8125,PHX
1626167,Myles Turner,2022,21,28.19047619047619,11.571428571428571,6.476190476190476,0.8571428571428571,0.6190476190476191,1.619047619047619,0.8571428571428571,-2.2857142857142856,93,186,23,87,34,42,7.704358692139332,32,0.5,0.26436781609195403,0.8095238095238095,IND
1626167,Myles Turner,2023,28,27.678571428571427,16.107142857142858,7.107142857142857,1.3214285714285714,0.6428571428571429,1.0714285714285714,1.6071428571428572,-2.5357142857142856,175,321,42,115,59,90,6.595954347675077,31,0.5451713395638629,0.3652173913043478,0.6555555555555556,IND
1626167,Myles Turner,2024,60,28.15,16.083333333333332,6.716666666666667,1.5833333333333333,0.5666666666666667,1.0833333333333333,1.5833333333333333,1.2166666666666666,361,709,99,267,144,194,5.986684848914797,29,0.5091678420310296,0.3707865168539326,0.7422680412371134,IND
1626167,Myles Turner,2025,52,28.96153846153846,14.576923076923077,6.0,1.5384615384615385,0.6538461538461539,1.0769230769230769,1.4807692307692308,2.1923076923076925,274,560,110,262,100,134,6.175048317175907,34,0.48928571428571427,0.4198473282442748,0.746268656716418,IND
1626167,Myles Turner,2026,53,25.943396226415093,10.716981132075471,4.660377358490566,1.2830188679245282,0.7358490566037735,0.9811320754716981,1.2641509433962264,-4.981132075471698,190,441,111,277,77,102,5.471525446452352,23,0.4308390022675737,0.4007220216606498,0.7549019607843137,IND
1626168,Trey Lyles,2022,64,19.546875,9.15625,5.078125,1.046875,0.34375,0.28125,0.90625,-4.09375,209,455,54,172,114,142,4.850850849928698,24,0.4593406593406593,0.313953488372093,0.8028169014084507,SAC
1626168,Trey Lyles,2023,78,16.692307692307693,7.128205128205129,4.166666666666667,0.8846153846153846,0.3333333333333333,0.358974358974359,0.7692307692307693,1.1666666666666667,190,426,87,252,89,114,5.173255335141574,20,0.4460093896713615,0.34523809523809523,0.7807017543859649,SAC
1626168,Trey Lyles,2024,59,19.76271186440678,7.033898305084746,4.389830508474576,1.2542372881355932,0.3050847457627119,0.3050847457627119,0.6610169491525424,2.8983050847457625,143,322,84,218,45,63,5.075179975388389,19,0.4440993788819876,0.3853211009174312,0.7142857142857143,SAC
1626168,Trey Lyles,2025,68,19.38235294117647,6.088235294117647,4.529411764705882,1.1764705882352942,0.6029411764705882,0.3235294117647059,0.5588235294117647,-0.9852941176470589,148,359,74,226,44,66,4.195716700443146,17,0.41225626740947074,0.3274336283185841,0.6666666666666666,SAC
1626169,Stanley Johnson,2022,47,22.76595744680851,6.76595744680851,3.148936170212766,1.6595744680851063,0.8936170212765957,0.23404255319148937,0.723404255319149,-1.0,116,245,33,102,53,74,4.899923539587331,21,0.47346938775510206,0.3235294117647059,0.7162162162162162,LAL
1626169,Stanley Johnson,2023,30,15.666666666666666,5.8,3.1666666666666665,2.2333333333333334,0.5333333333333333,0.2,1.1,-3.066666666666667,65,122,18,40,26,39,3.689687399150268,13,0.5327868852459017,0.45,0.6666666666666666,LAL
1626171,Bobby Portis,2022,79,27.468354430379748,14.012658227848101,9.177215189873417,1.1518987341772151,0.6708860759493671,0.5569620253164557,1.240506329113924,4.10126582278481,442,926,141,366,82,110,6.505409328823237,30,0.4773218142548596,0.38524590163934425,0.7454545454545455,MIL
1626171,Bobby Portis,2023,71,25.492957746478872,13.56338028169014,9.380281690140846,1.4507042253521127,0.38028169014084506,0.2535211267605634,1.1408450704225352,0.6056338028169014,396,789,90,256,81,100,6.07978475738879,28,0.5019011406844106,0.3515625,0.81,MIL
1626171,Bobby Portis,2024,86,24.988372093023255,14.034883720930232,7.686046511627907,1.255813953488372,0.7790697674418605,0.37209302325581395,1.127906976744186,0.4069767441860465,503,991,101,252,100,128,7.006631605622514,31,0.5075681130171544,0.4007936507936508,0.78125,MIL
1626171,Bobby Portis,2025,50,25.44,13.44,8.1,2.04,0.68,0.32,1.18,1.04,273,598,67,190,59,70,6.266724561897856,34,0.45652173913043476,0.3526315789473684,0.8428571428571429,MIL
1626171,Bobby Portis,2026,67,24.134328358208954,13.656716417910447,6.388059701492537,1.5671641791044777,0.6119402985074627,0.1791044776119403,0.9850746268656716,-3.970149253731343,366,750,135,296,48,68,5.708983454611635,29,0.488,0.4560810810810811,0.7058823529411765,MIL
1626172,Kevon Looney,2022,100,20.75,5.86,7.26,2.04,0.57,0.52,0.79,2.12,254,433,0,1,78,129,3.789992137728046,21,0.5866050808314087,0.0,0.6046511627906976,GSW
1626172,Kevon Looney,2023,91,23.956043956043956,6.65934065934066,9.68131868131868,2.659340659340659,0.6153846153846154,0.5054945054945055,0.6373626373626373,2.5384615384615383,259,416,0,1,88,149,3.5628321450459732,17,0.6225961538461539,0.0,0.5906040268456376,GSW
1626172,Kevon Looney,2024,74,15.972972972972974,4.418918918918919,5.581081081081081,1.8108108108108107,0.35135135135135137,0.33783783783783783,0.6486486486486487,0.2702702702702703,136,229,0,1,55,81,2.9470521921867605,13,0.5938864628820961,0.0,0.6790123456790124,GSW
1626172,Kevon Looney,2025,87,14.137931034482758,3.9885057471264367,5.7011494252873565,1.367816091954023,0.5747126436781609,0.41379310344827586,0.4827586206896552,0.6436781609195402,148,293,2,4,49,90,2.9471872790042917,12,0.5051194539249146,0.5,0.5444444444444444,GSW
1626172,Kevon Looney,2026,21,14.619047619047619,2.8095238095238093,5.619047619047619,1.619047619047619,0.42857142857142855,0.47619047619047616,0.42857142857142855,-3.0,25,60,2,13,7,10,2.5023798196726177,8,0.4166666666666667,0.15384615384615385,0.7,GSW
1626174,Christian Wood,2022,48,30.020833333333332,16.125,9.625,2.375,0.7291666666666666,0.7916666666666666,1.8958333333333333,-8.729166666666666,294,603,84,228,102,174,7.295072659431363,39,0.48756218905472637,0.3684210526315789,0.5862068965517241,HOU
1626174,Christian Wood,2023,43,24.511627906976745,14.604651162790697,6.790697674418604,1.7209302325581395,0.4883720930232558,0.6511627906976745,1.697674418604651,-1.5116279069767442,243,459,62,161,80,113,7.051306987541965,30,0.5294117647058824,0.38509316770186336,0.7079646017699115,HOU
1626174,Christian Wood,2024,46,17.0,6.6521739130434785,4.869565217391305,0.8695652173913043,0.2826086956521739,0.4782608695652174,1.0,-0.8695652173913043,108,238,31,102,59,80,4.522621615854375,16,0.453781512605042,0.30392156862745096,0.7375,HOU
1626179,Terry Rozier,2022,69,33.2463768115942,18.608695652173914,4.217391304347826,4.333333333333333,1.2753623188405796,0.30434782608695654,1.4057971014492754,0.2608695652173913,481,1082,202,541,120,143,7.714038751645767,35,0.444547134935305,0.3733826247689464,0.8391608391608392,CHA
1626179,Terry Rozier,2023,54,35.01851851851852,20.833333333333332,4.092592592592593,5.055555555555555,1.037037037037037,0.2222222222222222,2.185185185185185,-4.907407407407407,431,1007,144,431,119,153,7.316948533989876,39,0.42800397219463754,0.33410672853828305,0.7777777777777778,CHA
1626179,Terry Rozier,2024,50,33.08,18.28,3.9,5.54,1.16,0.36,1.78,-4.76,359,816,107,315,89,104,7.131533882006318,37,0.43995098039215685,0.3396825396825397,0.8557692307692307,CHA
1626179,Terry Rozier,2025,63,25.761904761904763,10.476190476190476,3.6825396825396823,2.5714285714285716,0.5873015873015873,0.19047619047619047,1.1904761904761905,-2.015873015873016,243,620,89,301,85,101,6.087684932230098,23,0.3919354838709677,0.2956810631229236,0.8415841584158416,CHA
1626181,Norman Powell,2022,31,30.677419354838708,17.129032258064516,2.838709677419355,1.935483870967742,0.967741935483871,0.4838709677419355,1.4838709677419355,-4.032258064516129,188,383,73,161,82,109,5.46956387952989,30,0.4908616187989556,0.453416149068323,0.7522935779816514,LAC
1626181,Norman Powell,2023,45,25.644444444444446,15.355555555555556,2.8222222222222224,1.511111111111111,0.7111111111111111,0.3333333333333333,1.711111111111111,-3.7555555555555555,252,534,81,216,106,140,7.517118510910328,42,0.47191011235955055,0.375,0.7571428571428571,LAC
1626181,Norman Powell,2024,76,26.19736842105263,13.552631578947368,2.5657894736842106,1.0526315789473684,0.5263157894736842,0.27631578947368424,0.9078947368421053,1.763157894736842,372,761,168,384,118,147,5.74663898719267,26,0.4888304862023653,0.4375,0.8027210884353742,LAC
1626181,Norman Powell,2025,53,31.77358490566038,19.58490566037736,2.6792452830188678,2.0943396226415096,1.3018867924528301,0.11320754716981132,1.6981132075471699,5.415094339622642,381,776,150,360,126,164,8.010651472268632,37,0.49097938144329895,0.4166666666666667,0.7682926829268293,LAC
1626181,Norman Powell,2026,41,29.26829268292683,20.048780487804876,3.3902439024390243,2.5609756097560976,1.048780487804878,0.21951219512195122,1.9024390243902438,-0.9024390243902439,297,621,104,288,124,154,6.774773868964908,36,0.4782608695652174,0.3611111111111111,0.8051948051948052,LAC
1626192,Pat Connaughton,2022,77,26.09090909090909,9.857142857142858,4.207792207792208,1.2077922077922079,0.8311688311688312,0.24675324675324675,0.5454545454545454,-0.15584415584415584,269,584,171,434,50,59,5.578894169132082,23,0.4606164383561644,0.39400921658986177,0.847457627118644,MIL
1626192,Pat Connaughton,2023,64,23.546875,7.90625,4.703125,1.296875,0.625,0.140625,0.546875,1.4375,180,445,118,339,28,42,4.819664580307085,22,0.4044943820224719,0.3480825958702065,0.6666666666666666,MIL
1626192,Pat Connaughton,2024,82,21.902439024390244,5.548780487804878,3.1951219512195124,2.1219512195121952,0.5609756097560976,0.24390243902439024,0.6341463414634146,-0.17073170731707318,162,372,85,249,46,60,3.5421707755374197,17,0.43548387096774194,0.3413654618473896,0.7666666666666667,MIL
1626192,Pat Connaughton,2025,43,13.372093023255815,4.162790697674419,2.3255813953488373,1.5348837209302326,0.16279069767441862,0.2558139534883721,0.5348837209302325,-0.6976744186046512,69,156,22,73,19,24,2.9108191659830505,10,0.4423076923076923,0.3013698630136986,0.7916666666666666,MIL
1626192,Pat Connaughton,2026,43,6.976744186046512,2.604651162790698,1.4883720930232558,0.4418604651162791,0.2558139534883721,0.023255813953488372,0.2558139534883721,-0.6511627906976745,39,87,21,53,13,20,3.2155835942493796,13,0.4482758620689655,0.39622641509433965,0.65,MIL
1626195,Willy Hernangomez,2022,45,15.933333333333334,8.0,6.311111111111111,1.2,0.4,0.3333333333333333,0.9555555555555556,-1.5333333333333334,141,274,3,8,75,101,5.01361781913656,19,0.5145985401459854,0.375,0.7425742574257426,NOP
1626195,Willy Hernangomez,2023,33,11.121212121212121,6.363636363636363,4.303030303030303,0.6363636363636364,0.42424242424242425,0.18181818181818182,0.9090909090909091,0.48484848484848486,75,138,3,8,57,77,3.847224501330324,14,0.5434782608695652,0.375,0.7402597402597403,NOP
1626196,Josh Richardson,2022,62,24.516129032258064,9.758064516129032,2.806451612903226,1.8064516129032258,0.8548387096774194,0.41935483870967744,1.0,1.3225806451612903,219,505,95,235,72,83,6.131577722969726,27,0.43366336633663366,0.40425531914893614,0.8674698795180723,SAS
1626196,Josh Richardson,2023,64,23.390625,10.0625,2.640625,2.6875,1.078125,0.28125,1.296875,-2.0625,239,541,106,286,60,69,5.57453108569652,27,0.4417744916820702,0.3706293706293706,0.8695652173913043,SAS
1626196,Josh Richardson,2024,43,25.674418604651162,9.883720930232558,2.813953488372093,2.441860465116279,0.5581395348837209,0.32558139534883723,0.8372093023255814,-2.488372093023256,154,347,66,190,51,54,5.048381646983428,24,0.4438040345821326,0.3473684210526316,0.9444444444444444,SAS
1626204,Larry Nance Jr.,2022,52,22.346153846153847,7.25,5.730769230769231,1.7884615384615385,0.8653846153846154,0.40384615384615385,0.8461538461538461,-0.36538461538461536,155,288,24,77,43,64,4.342561817321074,16,0.5381944444444444,0.3116883116883117,0.671875,NOP
1626204,Larry Nance Jr.,2023,65,21.26153846153846,6.7846153846153845,5.446153846153846,1.8307692307692307,0.8615384615384616,0.5692307692307692,0.6461538461538462,2.8461538461538463,186,305,14,42,55,79,5.28409260094717,22,0.6098360655737705,0.3333333333333333,0.6962025316455697,NOP
1626204,Larry Nance Jr.,2024,65,20.123076923076923,5.846153846153846,5.4,1.9230769230769231,0.9692307692307692,0.24615384615384617,0.8769230769230769,0.9538461538461539,152,264,29,70,47,65,3.890014336536761,14,0.5757575757575758,0.4142857142857143,0.7230769230769231,NOP
1626204,Larry Nance Jr.,2025,22,19.0,8.636363636363637,4.045454545454546,1.4545454545454546,0.7727272727272727,0.3181818181818182,0.5909090909090909,-3.727272727272727,76,143,31,66,7,11,6.506739762558691,21,0.5314685314685315,0.4696969696969697,0.6363636363636364,NOP
1626204,Larry Nance Jr.,2026,37,12.27027027027027,3.5405405405405403,2.5135135135135136,0.918918918918919,0.5675675675675675,0.16216216216216217,0.5675675675675675,-0.5135135135135135,52,124,21,63,6,13,3.346595239896767,10,0.41935483870967744,0.3333333333333333,0.46153846153846156,NOP
1626208,Keifer Sykes,2022,30,18.933333333333334,6.0,1.5,2.066666666666667,0.4,0.13333333333333333,1.1,-2.3,69,190,27,90,15,17,5.801307819258784,22,0.3631578947368421,0.3,0.8823529411764706,IND
1626220,Royce O'Neale,2022,81,31.17283950617284,7.395061728395062,4.827160493827161,2.432098765432099,1.0740740740740742,0.3333333333333333,0.9753086419753086,2.2222222222222223,215,471,124,324,45,56,3.9168833667396803,16,0.4564755838641189,0.38271604938271603,0.8035714285714286,PHX
1626220,Royce O'Neale,2023,78,31.58974358974359,8.64102564102564,5.012820512820513,3.7435897435897436,0.8974358974358975,0.5512820512820513,1.4615384615384615,0.2948717948717949,229,610,164,434,52,71,4.263936230896538,20,0.37540983606557377,0.3778801843317972,0.7323943661971831,PHX
1626220,Royce O'Neale,2024,81,24.617283950617285,7.530864197530864,4.691358024691358,2.654320987654321,0.7283950617283951,0.4691358024691358,0.9012345679012346,0.9629629629629629,215,540,156,422,24,35,5.420070155803074,20,0.39814814814814814,0.3696682464454976,0.6857142857142857,PHX
1626220,Royce O'Neale,2025,73,24.493150684931507,9.027397260273972,4.698630136986301,2.1506849315068495,0.9041095890410958,0.3561643835616438,0.8767123287671232,-2.0547945205479454,235,551,173,424,16,22,5.94412081794488,27,0.426497277676951,0.4080188679245283,0.7272727272727273,PHX
1626220,Royce O'Neale,2026,82,28.073170731707318,9.634146341463415,4.841463414634147,2.6341463414634148,1.0609756097560976,0.32926829268292684,1.3170731707317074,-2.4878048780487805,271,640,218,533,30,42,4.490077387003786,21,0.4234375,0.4090056285178236,0.7142857142857143,PHX
1626224,Cedi Osman,2022,66,22.03030303030303,10.454545454545455,2.257575757575758,1.9848484848484849,0.7727272727272727,0.15151515151515152,0.9696969696969697,-1.0151515151515151,242,567,123,352,83,125,6.750912914178733,26,0.42680776014109345,0.3494318181818182,0.664,CLE
1626224,Cedi Osman,2023,82,20.036585365853657,8.524390243902438,2.3292682926829267,1.4634146341463414,0.45121951219512196,0.14634146341463414,0.6951219512195121,2.4634146341463414,248,555,122,332,81,117,6.553155134452407,29,0.44684684684684683,0.3674698795180723,0.6923076923076923,CLE
1626224,Cedi Osman,2024,72,17.63888888888889,6.791666666666667,2.5,1.6527777777777777,0.5,0.1527777777777778,0.6527777777777778,-4.902777777777778,184,384,86,221,35,52,4.586991711105056,20,0.4791666666666667,0.3891402714932127,0.6730769230769231,CLE
1626246,Boban Marjanovic,2022,24,5.583333333333333,4.25,1.75,0.125,0.041666666666666664,0.125,0.7083333333333334,1.1666666666666667,43,74,1,4,15,24,4.42571536836014,17,0.581081081081081,0.25,0.625,HOU
1626246,Boban Marjanovic,2023,31,5.548387096774194,3.2903225806451615,1.935483870967742,0.2903225806451613,0.16129032258064516,0.06451612903225806,0.45161290322580644,2.129032258064516,41,60,0,1,20,27,2.8774241766679305,10,0.6833333333333333,0.0,0.7407407407407407,HOU
1627732,Ben Simmons,2023,41,26.121951219512194,6.829268292682927,6.2439024390243905,5.975609756097561,1.2439024390243902,0.5121951219512195,2.292682926829268,1.1951219512195121,129,228,0,2,22,51,5.029425608478517,22,0.5657894736842105,0.0,0.43137254901960786,BKN
1627732,Ben Simmons,2024,15,23.866666666666667,6.133333333333334,7.933333333333334,5.733333333333333,0.8,0.6,1.8,-2.533333333333333,43,74,0,0,6,15,3.8147583085145715,13,0.581081081081081,0.0,0.4,BKN
1627732,Ben Simmons,2025,55,20.727272727272727,4.6,4.381818181818182,5.090909090909091,0.6727272727272727,0.43636363636363634,1.8909090909090909,-1.2545454545454546,115,226,0,0,23,31,4.240894385054312,15,0.5088495575221239,0.0,0.7419354838709677,BKN
1627734,Domantas Sabonis,2022,45,33.6,17.466666666666665,11.955555555555556,5.0,0.9555555555555556,0.3333333333333333,3.0,-1.0444444444444445,319,558,27,86,121,167,7.368853370776215,42,0.5716845878136201,0.313953488372093,0.7245508982035929,SAC
1627734,Domantas Sabonis,2023,56,34.25,17.714285714285715,12.178571428571429,7.035714285714286,0.8571428571428571,0.5178571428571429,3.1964285714285716,2.232142857142857,417,695,26,60,132,195,5.578250901212952,34,0.6,0.43333333333333335,0.676923076923077,SAC
1627734,Domantas Sabonis,2024,63,35.523809523809526,18.317460317460316,13.603174603174603,8.317460317460318,0.9841269841269841,0.4444444444444444,3.5396825396825395,1.0793650793650793,482,807,26,58,164,238,5.744072391564101,37,0.59727385377943,0.4482758620689655,0.6890756302521008,SAC
1627734,Domantas Sabonis,2025,56,34.17857142857143,17.767857142857142,13.642857142857142,6.160714285714286,0.6785714285714286,0.30357142857142855,2.9285714285714284,1.0357142857142858,410,699,50,126,125,172,5.8246843735903875,29,0.586552217453505,0.3968253968253968,0.7267441860465116,SAC
1627734,Domantas Sabonis,2026,16,28.6875,13.9375,11.1875,4.125,1.0,0.1875,2.6875,-9.125,93,167,4,21,33,47,5.195751469550226,24,0.5568862275449101,0.19047619047619047,0.7021276595744681,SAC
1627736,Malik Beasley,2022,85,24.49411764705882,11.611764705882353,2.9411764705882355,1.411764705882353,0.5176470588235295,0.15294117647058825,0.6,0.35294117647058826,346,883,246,656,49,62,7.113190493132926,33,0.39184597961494905,0.375,0.7903225806451613,DET
1627736,Malik Beasley,2023,93,23.623655913978496,11.43010752688172,3.139784946236559,1.3548387096774193,0.7096774193548387,0.0967741935483871,1.0,-1.053763440860215,382,974,243,686,56,71,7.036238263543652,29,0.3921971252566735,0.35422740524781343,0.7887323943661971,DET
1627736,Malik Beasley,2024,85,29.04705882352941,11.08235294117647,3.588235294117647,1.3176470588235294,0.7411764705882353,0.10588235294117647,0.6705882352941176,2.976470588235294,341,763,235,567,25,35,6.595835202368742,30,0.44692005242463956,0.4144620811287478,0.7142857142857143,DET
1627736,Malik Beasley,2025,86,27.662790697674417,16.011627906976745,2.5348837209302326,1.6162790697674418,0.8604651162790697,0.06976744186046512,1.0232558139534884,1.6162790697674418,478,1124,330,810,91,132,6.6730259227580015,36,0.42526690391459077,0.4074074074074074,0.6893939393939394,DET
1627737,Marquese Chriss,2022,42,8.952380952380953,4.0,2.6666666666666665,0.40476190476190477,0.30952380952380953,0.2857142857142857,0.42857142857142855,-0.5952380952380952,66,142,9,27,27,39,4.372865332880971,15,0.4647887323943662,0.3333333333333333,0.6923076923076923,DAL
1627739,Kris Dunn,2023,21,25.238095238095237,12.904761904761905,4.380952380952381,5.238095238095238,1.0476190476190477,0.42857142857142855,1.5238095238095237,-3.9047619047619047,110,203,17,36,34,45,5.365675744067674,26,0.541871921182266,0.4722222222222222,0.7555555555555555,LAC
1627739,Kris Dunn,2024,63,19.07936507936508,5.365079365079365,2.8253968253968256,3.9365079365079363,1.0,0.3492063492063492,1.2063492063492063,-0.31746031746031744,139,298,38,104,22,32,3.3180911112613907,13,0.4664429530201342,0.36538461538461536,0.6875,LAC
1627739,Kris Dunn,2025,81,23.938271604938272,6.395061728395062,3.3950617283950617,2.7037037037037037,1.6790123456790123,0.38271604938271603,0.9259259259259259,3.1358024691358026,209,481,85,252,15,22,4.10998483070704,15,0.43451143451143454,0.3373015873015873,0.6818181818181818,LAC
1627739,Kris Dunn,2026,83,27.265060240963855,7.265060240963855,3.3012048192771086,3.674698795180723,1.6144578313253013,0.1686746987951807,1.3493975903614457,0.07228915662650602,230,482,81,216,62,81,4.353536093880125,19,0.47717842323651455,0.375,0.7654320987654321,LAC
1627741,Buddy Hield,2022,80,30.7,15.5,4.3625,2.7875,0.8875,0.3125,1.9125,-2.175,438,1077,259,703,105,120,7.251363904881114,36,0.40668523676880225,0.3684210526315789,0.875,IND
1627741,Buddy Hield,2023,77,31.025974025974026,16.83116883116883,5.038961038961039,2.7662337662337664,1.103896103896104,0.2857142857142857,1.7662337662337662,-1.3376623376623376,464,1009,280,660,88,109,6.554232456172275,31,0.45986124876114964,0.42424242424242425,0.8073394495412844,IND
1627741,Buddy Hield,2024,86,25.023255813953487,11.488372093023257,3.0813953488372094,2.744186046511628,0.7790697674418605,0.3953488372093023,1.1744186046511629,0.5581395348837209,362,837,215,561,49,56,6.521898291045442,31,0.4324970131421744,0.38324420677361853,0.875,IND
1627741,Buddy Hield,2025,94,23.106382978723403,11.159574468085106,3.2127659574468086,1.6595744680851063,0.8723404255319149,0.26595744680851063,1.0957446808510638,1.553191489361702,375,903,233,620,66,78,7.423159330139118,33,0.4152823920265781,0.3758064516129032,0.8461538461538461,IND
1627741,Buddy Hield,2026,52,15.673076923076923,7.423076923076923,2.2115384615384617,1.3461538461538463,0.7115384615384616,0.11538461538461539,0.9615384615384616,-2.1346153846153846,142,324,74,209,28,35,6.65787504770325,31,0.4382716049382716,0.35406698564593303,0.8,IND
1627742,Brandon Ingram,2022,34,34.11764705882353,20.41176470588235,5.735294117647059,5.294117647058823,0.5,0.4117647058823529,3.0294117647058822,-0.5588235294117647,276,607,51,147,91,117,7.718995252008823,33,0.4546952224052718,0.3469387755102041,0.7777777777777778,NOP
1627742,Brandon Ingram,2023,25,32.52,22.76,4.92,4.96,0.6,0.36,2.76,-2.04,226,467,33,93,84,95,8.252676333570017,40,0.48394004282655245,0.3548387096774194,0.8842105263157894,NOP
1627742,Brandon Ingram,2024,48,32.458333333333336,18.5625,4.895833333333333,5.666666666666667,0.7708333333333334,0.5208333333333334,2.5625,2.2291666666666665,355,720,67,169,114,149,7.0948175572182794,41,0.4930555555555556,0.39644970414201186,0.7651006711409396,NOP
1627742,Brandon Ingram,2025,16,32.4375,21.1875,5.5625,5.125,0.6875,0.5625,3.5625,-7.9375,134,291,37,104,34,40,8.0350793399941,33,0.46048109965635736,0.3557692307692308,0.85,NOP
1627742,Brandon Ingram,2026,56,33.55357142857143,19.446428571428573,5.464285714285714,3.7142857142857144,0.6785714285714286,0.6785714285714286,2.4642857142857144,0.6964285714285714,426,920,98,256,139,184,7.596457650192543,37,0.46304347826086956,0.3828125,0.7554347826086957,NOP
1627745,Damian Jones,2022,52,17.26923076923077,7.5,4.038461538461538,1.1538461538461537,0.4807692307692308,0.6538461538461539,1.0576923076923077,-3.769230769230769,152,230,10,27,76,109,6.105285399055607,23,0.6608695652173913,0.37037037037037035,0.6972477064220184,SAC
1627745,Damian Jones,2023,39,11.64102564102564,3.5641025641025643,2.948717948717949,0.38461538461538464,0.20512820512820512,0.46153846153846156,0.5897435897435898,-1.8461538461538463,54,83,10,16,21,27,3.7402144027685713,16,0.6506024096385542,0.625,0.7777777777777778,SAC
1627745,Damian Jones,2024,40,6.675,2.5,1.45,0.4,0.175,0.275,0.325,-2.225,41,68,3,14,15,18,3.305007855221667,14,0.6029411764705882,0.21428571428571427,0.8333333333333334,SAC
1627747,Caris LeVert,2022,47,29.914893617021278,14.97872340425532,3.5531914893617023,4.170212765957447,0.8085106382978723,0.2553191489361702,1.9574468085106382,-0.5531914893617021,282,646,66,199,74,105,7.004623819778921,42,0.43653250773993807,0.3316582914572864,0.7047619047619048,CLE
1627747,Caris LeVert,2023,76,30.19736842105263,11.960526315789474,3.8421052631578947,3.75,0.9078947368421053,0.25,1.5526315789473684,1.5657894736842106,328,767,131,343,122,175,6.565446498091219,24,0.4276401564537158,0.3819241982507289,0.6971428571428572,CLE
1627747,Caris LeVert,2024,71,27.577464788732396,12.183098591549296,3.9859154929577465,4.436619718309859,1.0985915492957747,0.49295774647887325,1.591549295774648,1.1971830985915493,330,795,91,310,114,148,6.35679582169447,31,0.41509433962264153,0.29354838709677417,0.7702702702702703,CLE
1627747,Caris LeVert,2025,64,24.859375,11.9375,3.140625,3.296875,0.921875,0.453125,1.1875,3.328125,278,603,107,288,101,143,6.555925467099115,31,0.46102819237147596,0.3715277777777778,0.7062937062937062,CLE
1627747,Caris LeVert,2026,71,18.718309859154928,6.985915492957746,2.0,2.3661971830985915,0.7887323943661971,0.6056338028169014,1.2253521126760563,-0.014084507042253521,185,441,66,198,60,85,4.327628706500589,24,0.41950113378684806,0.3333333333333333,0.7058823529411765,CLE
1627749,Dejounte Murray,2022,55,34.38181818181818,20.2,8.163636363636364,8.745454545454546,1.9636363636363636,0.38181818181818183,2.618181818181818,0.2727272727272727,464,1001,83,241,100,135,6.490448823149747,33,0.46353646353646355,0.34439834024896265,0.7407407407407407,ATL
1627749,Dejounte Murray,2023,76,36.473684210526315,20.513157894736842,5.368421052631579,6.065789473684211,1.5394736842105263,0.27631578947368424,2.210526315789474,-1.2236842105263157,638,1372,142,410,141,171,7.0908267896912776,41,0.4650145772594752,0.3463414634146341,0.8245614035087719,ATL
1627749,Dejounte Murray,2024,71,35.59154929577465,21.845070422535212,5.225352112676056,6.436619718309859,1.4507042253521127,0.30985915492957744,2.5774647887323945,-2.23943661971831,612,1322,179,497,148,191,7.535910007280272,44,0.4629349470499244,0.36016096579476864,0.774869109947644,ATL
1627749,Dejounte Murray,2025,24,31.916666666666668,15.708333333333334,6.208333333333333,7.291666666666667,2.0833333333333335,0.4583333333333333,3.5416666666666665,-8.75,144,367,37,128,52,65,5.930607173744975,29,0.3923705722070845,0.2890625,0.8,ATL
1627750,Jamal Murray,2023,73,34.054794520547944,20.356164383561644,4.191780821917808,6.3561643835616435,1.0,0.273972602739726,2.2054794520547945,5.931506849315069,563,1234,190,487,170,203,7.64556854766519,41,0.45623987034035657,0.39014373716632444,0.8374384236453202,DEN
1627750,Jamal Murray,2024,61,32.65573770491803,19.934426229508198,4.213114754098361,6.327868852459017,0.8852459016393442,0.5737704918032787,2.278688524590164,2.6065573770491803,478,1043,141,348,119,140,7.469647141284557,37,0.4582933844678811,0.4051724137931034,0.85,DEN
1627750,Jamal Murray,2025,64,36.53125,20.21875,3.984375,5.8125,1.359375,0.40625,2.296875,3.109375,495,1059,146,373,158,182,7.842636319787144,45,0.46742209631728043,0.3914209115281501,0.8681318681318682,DEN
1627750,Jamal Murray,2026,58,34.689655172413794,22.448275862068964,4.379310344827586,7.137931034482759,0.9137931034482759,0.3275862068965517,2.1551724137931036,4.931034482758621,472,1022,172,418,186,212,8.520712460519116,52,0.461839530332681,0.41148325358851673,0.8773584905660378,DEN
1627751,Jakob Poeltl,2022,47,28.02127659574468,12.72340425531915,9.063829787234043,2.702127659574468,0.6808510638297872,1.127659574468085,1.5957446808510638,-0.02127659574468085,272,448,0,0,54,117,4.416875384150195,23,0.6071428571428571,0.0,0.46153846153846156,TOR
1627751,Jakob Poeltl,2023,59,25.694915254237287,11.76271186440678,8.745762711864407,2.5254237288135593,0.8135593220338984,0.7457627118644068,1.8135593220338984,-3.6271186440677967,308,502,0,1,78,137,5.73957520670977,31,0.6135458167330677,0.0,0.5693430656934306,TOR
1627751,Jakob Poeltl,2024,39,25.41025641025641,11.128205128205128,8.205128205128204,2.41025641025641,0.717948717948718,1.0256410256410255,1.5128205128205128,-2.769230769230769,200,299,0,0,34,67,4.64066401316998,19,0.6688963210702341,0.0,0.5074626865671642,TOR
1627751,Jakob Poeltl,2025,45,29.11111111111111,14.022222222222222,9.222222222222221,2.577777777777778,1.2444444444444445,0.8888888888888888,1.9111111111111112,-0.28888888888888886,284,446,1,3,62,92,6.80069812221473,35,0.6367713004484304,0.3333333333333333,0.6739130434782609,TOR
1627751,Jakob Poeltl,2026,48,23.8125,9.5625,6.916666666666667,2.0,0.8541666666666666,0.6458333333333334,1.2916666666666667,0.8541666666666666,207,296,0,0,45,79,5.465194512899773,23,0.6993243243243243,0.0,0.569620253164557,TOR
1627752,Taurean Prince,2022,73,16.684931506849313,7.054794520547945,2.4246575342465753,1.0136986301369864,0.6438356164383562,0.3287671232876712,0.7808219178082192,-0.7671232876712328,182,407,88,238,63,81,5.705480822465808,23,0.44717444717444715,0.3697478991596639,0.7777777777777778,MIN
1627752,Taurean Prince,2023,60,22.166666666666668,8.883333333333333,2.3333333333333335,1.5166666666666666,0.5833333333333334,0.26666666666666666,1.3,-0.5833333333333334,192,425,87,225,62,76,5.307786626274317,35,0.45176470588235296,0.38666666666666666,0.8157894736842105,MIN
1627752,Taurean Prince,2024,84,26.666666666666668,8.80952380952381,2.9285714285714284,1.4523809523809523,0.7142857142857143,0.4523809523809524,0.8809523809523809,-1.4285714285714286,267,608,148,379,58,76,4.650369049939058,20,0.43914473684210525,0.39050131926121373,0.7631578947368421,MIN
1627752,Taurean Prince,2025,85,26.235294117647058,7.788235294117647,3.4352941176470586,1.9176470588235295,0.9176470588235294,0.18823529411764706,1.0235294117647058,-0.611764705882353,237,524,149,344,39,48,5.021605979230574,23,0.45229007633587787,0.4331395348837209,0.8125,MIN
1627752,Taurean Prince,2026,26,23.576923076923077,9.192307692307692,3.1153846153846154,1.7692307692307692,0.6153846153846154,0.23076923076923078,1.1923076923076923,-1.9615384615384615,86,191,61,140,6,6,5.892498490584318,19,0.450261780104712,0.4357142857142857,1.0,MIN
1627756,Denzel Valentine,2022,24,9.333333333333334,2.875,1.75,0.4583333333333333,0.3333333333333333,0.0,0.5,-1.125,25,66,19,47,0,0,3.8708778916641005,17,0.3787878787878788,0.40425531914893614,0.0,CLE
1627759,Jaylen Brown,2022,70,33.9,22.142857142857142,6.228571428571429,3.5,1.1,0.2714285714285714,2.5285714285714285,7.4,582,1244,181,487,205,282,6.808531975430203,34,0.4678456591639871,0.37166324435318276,0.7269503546099291,BOS
1627759,Jaylen Brown,2023,67,36.19402985074627,24.029850746268657,6.149253731343284,3.537313432835821,1.1492537313432836,0.3283582089552239,3.1044776119402986,3.2388059701492535,643,1327,149,441,175,243,6.862215715265758,41,0.4845516201959307,0.3378684807256236,0.720164609053498,BOS
1627759,Jaylen Brown,2024,71,33.690140845070424,21.859154929577464,5.352112676056338,3.563380281690141,1.2253521126760563,0.5070422535211268,2.4507042253521125,4.915492957746479,624,1254,148,416,156,237,7.345155399791246,40,0.49760765550239233,0.3557692307692308,0.6582278481012658,BOS
1627759,Jaylen Brown,2025,51,33.68627450980392,19.50980392156863,5.784313725490196,4.117647058823529,1.0588235294117647,0.29411764705882354,2.784313725490196,3.2549019607843137,395,875,86,276,119,169,6.357271581487164,35,0.4514285714285714,0.3115942028985507,0.7041420118343196,BOS
1627759,Jaylen Brown,2026,34,32.794117647058826,25.294117647058822,6.205882352941177,4.852941176470588,1.1176470588235294,0.23529411764705882,3.235294117647059,2.1470588235294117,352,710,64,181,92,133,7.8837362768366015,43,0.49577464788732395,0.35359116022099446,0.6917293233082706,BOS
1627761,DeAndre' Bembry,2022,54,18.51851851851852,5.203703703703703,2.9444444444444446,1.1851851851851851,0.8703703703703703,0.4074074074074074,0.5740740740740741,-0.48148148148148145,124,219,15,36,18,31,4.727996223339287,18,0.5662100456621004,0.4166666666666667,0.5806451612903226,BKN
1627763,Malcolm Brogdon,2022,27,32.333333333333336,17.074074074074073,4.518518518518518,5.666666666666667,0.7407407407407407,0.2962962962962963,2.4074074074074074,-0.8148148148148148,174,380,44,134,69,81,6.48030107281305,28,0.45789473684210524,0.3283582089552239,0.8518518518518519,BOS
1627763,Malcolm Brogdon,2023,78,25.397435897435898,13.474358974358974,4.0,3.423076923076923,0.5,0.24358974358974358,1.3461538461538463,2.9358974358974357,385,826,150,348,131,154,6.890091434325091,30,0.4661016949152542,0.43103448275862066,0.8506493506493507,BOS
1627763,Malcolm Brogdon,2024,35,27.65714285714286,15.0,3.6,5.285714285714286,0.6,0.17142857142857143,1.3142857142857143,-2.2,194,434,75,176,62,81,7.368454223720118,29,0.4470046082949309,0.42613636363636365,0.7654320987654321,BOS
1627763,Malcolm Brogdon,2025,17,22.294117647058822,10.117647058823529,3.5294117647058822,3.588235294117647,0.47058823529411764,0.23529411764705882,1.3529411764705883,-6.9411764705882355,67,161,7,31,31,39,5.23070684684652,18,0.4161490683229814,0.22580645161290322,0.7948717948717948,BOS
1627774,Jake Layman,2022,34,6.764705882352941,2.3823529411764706,1.0588235294117647,0.2647058823529412,0.20588235294117646,0.14705882352941177,0.29411764705882354,-0.3235294117647059,30,73,8,35,13,18,3.2287975609876147,13,0.410958904109589,0.22857142857142856,0.7222222222222222,MIN
1627777,Georges Niang,2022,88,21.943181818181817,8.613636363636363,2.5113636363636362,1.2840909090909092,0.375,0.14772727272727273,0.75,1.0340909090909092,266,611,172,430,54,61,4.696371350973929,21,0.4353518821603928,0.4,0.8852459016393442,PHI
1627777,Georges Niang,2023,89,18.752808988764045,7.696629213483146,2.1235955056179776,0.8876404494382022,0.34831460674157305,0.1797752808988764,0.6629213483146067,0.6853932584269663,240,538,166,410,39,45,5.457281404404958,24,0.44609665427509293,0.40487804878048783,0.8666666666666667,PHI
1627777,Georges Niang,2024,92,21.22826086956522,8.652173913043478,3.152173913043478,1.108695652173913,0.3695652173913043,0.21739130434782608,0.8586956521739131,0.07608695652173914,293,673,152,419,58,68,5.951146870001023,33,0.43536404160475484,0.3627684964200477,0.8529411764705882,PHI
1627777,Georges Niang,2025,81,21.54320987654321,10.11111111111111,3.4444444444444446,1.4197530864197532,0.37037037037037035,0.1728395061728395,1.0246913580246915,2.2222222222222223,299,646,169,420,52,64,5.781435807824904,27,0.4628482972136223,0.4023809523809524,0.8125,PHI
1627780,Gary Payton II,2022,81,17.901234567901234,7.160493827160494,3.506172839506173,0.9876543209876543,1.3580246913580247,0.35802469135802467,0.5679012345679012,2.814814814814815,241,387,51,135,47,76,4.9230498426368206,22,0.6227390180878553,0.37777777777777777,0.618421052631579,GSW
1627780,Gary Payton II,2023,33,16.393939393939394,5.484848484848484,3.3333333333333335,1.1515151515151516,0.9090909090909091,0.21212121212121213,0.7878787878787878,0.18181818181818182,76,121,17,41,12,16,4.085960812046018,15,0.628099173553719,0.4146341463414634,0.75,GSW
1627780,Gary Payton II,2024,44,15.568181818181818,5.454545454545454,2.5681818181818183,1.0909090909090908,0.8863636363636364,0.4090909090909091,0.6136363636363636,1.8863636363636365,103,183,20,55,14,23,4.100224301604393,15,0.5628415300546448,0.36363636363636365,0.6086956521739131,GSW
1627780,Gary Payton II,2025,74,15.18918918918919,6.256756756756757,2.8513513513513513,1.3513513513513513,0.8513513513513513,0.24324324324324326,0.6081081081081081,-0.10810810810810811,197,355,42,124,27,38,5.131318853170101,26,0.5549295774647888,0.3387096774193548,0.7105263157894737,GSW
1627780,Gary Payton II,2026,74,15.945945945945946,7.472972972972973,3.6486486486486487,1.6891891891891893,0.9324324324324325,0.24324324324324326,0.8108108108108109,-1.2432432432432432,244,420,37,127,28,43,5.589184695544008,19,0.580952380952381,0.29133858267716534,0.6511627906976745,GSW
1627783,Pascal Siakam,2022,42,37.07142857142857,20.285714285714285,7.904761904761905,5.404761904761905,1.1428571428571428,0.5,2.5952380952380953,4.571428571428571,351,722,45,140,105,144,7.262619678828235,35,0.48614958448753465,0.32142857142857145,0.7291666666666666,IND
1627783,Pascal Siakam,2023,36,36.52777777777778,20.38888888888889,7.166666666666667,5.611111111111111,0.9166666666666666,0.3333333333333333,2.4166666666666665,0.5555555555555556,296,649,43,137,99,131,6.123853958218412,37,0.4560862865947612,0.31386861313868614,0.7557251908396947,IND
1627783,Pascal Siakam,2024,74,33.486486486486484,20.33783783783784,7.027027027027027,4.054054054054054,0.7837837837837838,0.2972972972972973,1.635135135135135,1.337837837837838,627,1173,79,235,172,255,5.957100119719066,37,0.5345268542199488,0.33617021276595743,0.6745098039215687,IND
1627783,Pascal Siakam,2025,82,32.71951219512195,19.402439024390244,6.682926829268292,3.207317073170732,0.8048780487804879,0.4634146341463415,1.3658536585365855,3.6707317073170733,632,1216,132,328,195,283,6.2179742564810265,37,0.5197368421052632,0.4024390243902439,0.6890459363957597,IND
1627783,Pascal Siakam,2026,39,32.56410256410256,23.076923076923077,6.6923076923076925,3.923076923076923,1.0,0.28205128205128205,2.4871794871794872,-1.2564102564102564,364,725,67,172,105,150,6.959978128310368,36,0.5020689655172413,0.38953488372093026,0.7,IND
1627788,Furkan Korkmaz,2022,76,19.43421052631579,7.065789473684211,2.460526315789474,1.7236842105263157,0.4473684210526316,0.13157894736842105,0.6578947368421053,0.3815789473684211,193,493,81,276,70,86,6.000745567712485,25,0.39148073022312374,0.29347826086956524,0.813953488372093,PHI
1627788,Furkan Korkmaz,2023,39,9.384615384615385,3.641025641025641,1.1025641025641026,0.5897435897435898,0.2564102564102564,0.07692307692307693,0.6410256410256411,0.02564102564102564,48,113,18,47,28,38,3.5576986905877015,17,0.4247787610619469,0.3829787234042553,0.7368421052631579,PHI
1627788,Furkan Korkmaz,2024,35,8.571428571428571,2.5142857142857142,0.8571428571428571,0.7142857142857143,0.4,0.08571428571428572,0.2857142857142857,1.2857142857142858,30,76,14,40,14,20,3.852970042870889,19,0.39473684210526316,0.35,0.7,PHI
1627789,Timothe Luwawu-Cabarrot,2022,54,13.38888888888889,4.481481481481482,1.6851851851851851,0.7777777777777778,0.3333333333333333,0.1111111111111111,0.4074074074074074,-0.7037037037037037,79,196,47,127,37,43,4.905679191492171,23,0.4030612244897959,0.3700787401574803,0.8604651162790697,ATL
1627814,Damion Lee,2022,77,17.16883116883117,6.0,2.883116883116883,0.8441558441558441,0.5194805194805194,0.07792207792207792,0.5584415584415584,0.6233766233766234,173,397,63,192,53,63,5.21132370294171,21,0.4357682619647355,0.328125,0.8412698412698413,PHX
1627814,Damion Lee,2023,81,19.382716049382715,7.395061728395062,2.8271604938271606,1.2345679012345678,0.3950617283950617,0.08641975308641975,0.9506172839506173,1.0123456790123457,203,464,111,257,82,92,5.1833363105862595,31,0.4375,0.43190661478599224,0.8913043478260869,PHX
1627814,Damion Lee,2025,25,5.88,3.32,0.8,0.44,0.24,0.0,0.4,1.0,27,74,9,37,20,21,2.996108587262262,11,0.36486486486486486,0.24324324324324326,0.9523809523809523,PHX
1627823,Juancho Hernangomez,2022,45,10.577777777777778,3.088888888888889,2.3333333333333335,0.5111111111111111,0.3111111111111111,0.15555555555555556,0.35555555555555557,-0.022222222222222223,47,118,26,75,19,34,4.40981458186902,22,0.3983050847457627,0.3466666666666667,0.5588235294117647,TOR
1627823,Juancho Hernangomez,2023,42,14.666666666666666,2.9047619047619047,2.9285714285714284,0.5952380952380952,0.38095238095238093,0.14285714285714285,0.35714285714285715,0.30952380952380953,48,114,17,67,9,16,3.4838269104431685,10,0.42105263157894735,0.2537313432835821,0.5625,TOR
1627824,Guerschon Yabusele,2025,68,26.720588235294116,10.735294117647058,5.661764705882353,2.088235294117647,0.8235294117647058,0.3382352941176471,1.2205882352941178,-1.6470588235294117,270,543,99,265,91,121,6.654854915176922,28,0.4972375690607735,0.37358490566037733,0.7520661157024794,PHI
1627824,Guerschon Yabusele,2026,65,14.6,5.2,3.4307692307692306,0.9230769230769231,0.38461538461538464,0.24615384615384617,0.6,-2.2,115,290,66,183,42,56,4.757231337658491,18,0.39655172413793105,0.36065573770491804,0.75,PHI
1627826,Ivica Zubac,2022,66,23.924242424242426,9.863636363636363,8.272727272727273,1.6818181818181819,0.42424242424242425,0.6818181818181818,1.3333333333333333,-2.3484848484848486,266,430,0,0,119,166,5.664698684732595,32,0.6186046511627907,0.0,0.7168674698795181,LAC
1627826,Ivica Zubac,2023,67,27.47761194029851,9.477611940298507,9.17910447761194,0.8805970149253731,0.373134328358209,0.9104477611940298,1.4776119402985075,-2.074626865671642,257,422,0,1,121,176,4.142749083439655,17,0.6090047393364929,0.0,0.6875,LAC
1627826,Ivica Zubac,2024,62,26.29032258064516,11.225806451612904,8.758064516129032,1.2741935483870968,0.3870967741935484,0.9354838709677419,1.2096774193548387,1.435483870967742,303,471,0,0,90,130,4.677884329265793,22,0.643312101910828,0.0,0.6923076923076923,LAC
1627826,Ivica Zubac,2025,71,32.50704225352113,16.535211267605632,12.690140845070422,2.76056338028169,0.7183098591549296,0.7605633802816901,1.591549295774648,7.295774647887324,529,844,0,0,116,188,6.330946636315237,35,0.6267772511848341,0.0,0.6170212765957447,LAC
1627826,Ivica Zubac,2026,42,29.904761904761905,13.476190476190476,10.547619047619047,2.2857142857142856,0.3333333333333333,0.7380952380952381,1.8095238095238095,-1.5714285714285714,250,430,0,0,66,94,6.0090910608400705,33,0.5813953488372093,0.0,0.7021276595744681,LAC
1627827,Dorian Finney-Smith,2022,97,34.01030927835052,11.185567010309278,4.824742268041237,1.8969072164948453,1.0824742268041236,0.44329896907216493,1.0,2.8762886597938144,398,842,218,538,71,105,5.08332629147166,28,0.47268408551068886,0.4052044609665427,0.6761904761904762,DAL
1627827,Dorian Finney-Smith,2023,69,30.043478260869566,8.08695652173913,4.797101449275362,1.4782608695652173,0.8260869565217391,0.5507246376811594,0.9130434782608695,-0.2463768115942029,200,515,119,350,39,53,4.898196338013504,21,0.3883495145631068,0.34,0.7358490566037735,DAL
1627827,Dorian Finney-Smith,2024,67,28.328358208955223,8.477611940298507,4.597014925373134,1.5671641791044777,0.8208955223880597,0.5223880597014925,0.8805970149253731,-1.6567164179104477,211,500,113,328,33,46,4.900087225430276,21,0.422,0.3445121951219512,0.717391304347826,DAL
1627827,Dorian Finney-Smith,2025,66,29.106060606060606,8.227272727272727,3.893939393939394,1.4545454545454546,0.8484848484848485,0.3181818181818182,0.8939393939393939,4.333333333333333,196,440,129,315,22,32,4.809591233376058,19,0.44545454545454544,0.4095238095238095,0.6875,DAL
1627827,Dorian Finney-Smith,2026,41,16.29268292682927,3.1951219512195124,2.4634146341463414,0.9024390243902439,0.4146341463414634,0.17073170731707318,0.5853658536585366,-0.2682926829268293,46,146,29,111,10,11,2.675999927084472,9,0.3150684931506849,0.26126126126126126,0.9090909090909091,DAL
1627832,Fred VanVleet,2022,56,37.55357142857143,18.428571428571427,4.285714285714286,6.607142857142857,1.6964285714285714,0.5714285714285714,2.5892857142857144,2.607142857142857,363,918,202,541,104,124,6.673848944968692,33,0.3954248366013072,0.3733826247689464,0.8387096774193549,HOU
1627832,Fred VanVleet,2023,48,35.6875,16.520833333333332,4.0,7.020833333333333,1.875,0.5833333333333334,1.9166666666666667,2.7708333333333335,278,723,142,410,95,112,9.346724499269689,39,0.38450899031811897,0.3463414634146341,0.8482142857142857,HOU
1627832,Fred VanVleet,2024,58,36.327586206896555,16.25862068965517,3.6724137931034484,8.258620689655173,1.2586206896551724,0.5689655172413793,1.5862068965517242,2.4827586206896552,321,783,180,461,121,144,7.354579298683036,37,0.4099616858237548,0.39045553145336226,0.8402777777777778,HOU
1627832,Fred VanVleet,2025,61,35.57377049180328,13.62295081967213,3.7049180327868854,5.573770491803279,1.6229508196721312,0.4098360655737705,1.540983606557377,4.114754098360656,291,766,164,474,85,110,7.670645201950591,37,0.37989556135770236,0.3459915611814346,0.7727272727272727,HOU
1627853,Ryan Arcidiacono,2023,20,8.65,1.3,0.75,1.15,0.25,0.0,0.35,-2.0,9,37,8,23,0,0,2.38636477557503,9,0.24324324324324326,0.34782608695652173,0.0,NYK
1627853,Ryan Arcidiacono,2024,19,2.3157894736842106,0.0,0.42105263157894735,0.21052631578947367,0.10526315789473684,0.0,0.05263157894736842,0.10526315789473684,0,6,0,6,0,0,0.0,0,0.0,0.0,0.0,NYK
1627854,Bryn Forbes,2022,78,16.743589743589745,8.128205128205128,1.205128205128205,1.0256410256410255,0.32051282051282054,0.0641025641025641,0.7307692307692307,0.5641025641025641,225,529,118,289,66,75,6.8610683624534055,27,0.42533081285444235,0.4083044982698962,0.88,DEN
1627854,Bryn Forbes,2023,25,10.72,3.56,0.6,0.68,0.28,0.08,0.48,-1.92,30,83,14,46,15,15,3.5364765892999586,10,0.3614457831325301,0.30434782608695654,1.0,DEN
1627863,Danuel House Jr.,2022,47,16.97872340425532,5.531914893617022,2.574468085106383,0.9361702127659575,0.40425531914893614,0.3404255319148936,0.8085106382978723,1.6595744680851063,85,211,45,123,45,57,4.680445277171761,21,0.4028436018957346,0.36585365853658536,0.7894736842105263,PHI
1627863,Danuel House Jr.,2023,58,13.568965517241379,4.258620689655173,1.7241379310344827,0.6896551724137931,0.22413793103448276,0.13793103448275862,0.41379310344827586,-1.0344827586206897,91,199,36,113,29,41,3.456802826807464,12,0.457286432160804,0.3185840707964602,0.7073170731707317,PHI
1627863,Danuel House Jr.,2024,34,14.911764705882353,4.235294117647059,1.7058823529411764,0.8235294117647058,0.4411764705882353,0.14705882352941177,0.5588235294117647,0.5882352941176471,47,105,15,50,35,46,3.626993274587609,14,0.44761904761904764,0.3,0.7608695652173914,PHI
1627884,Derrick Jones Jr.,2022,52,16.73076923076923,5.25,3.076923076923077,0.5961538461538461,0.4423076923076923,0.4230769230769231,0.5769230769230769,0.057692307692307696,101,195,21,67,50,65,3.7514702999976834,16,0.517948717948718,0.31343283582089554,0.7692307692307693,LAC
1627884,Derrick Jones Jr.,2023,62,13.112903225806452,4.580645161290323,2.306451612903226,0.4838709677419355,0.41935483870967744,0.45161290322580644,0.4032258064516129,1.935483870967742,103,207,25,73,53,72,3.7789251099723424,16,0.4975845410628019,0.3424657534246575,0.7361111111111112,LAC
1627884,Derrick Jones Jr.,2024,89,24.348314606741575,8.337078651685394,3.157303370786517,1.0449438202247192,0.6629213483146067,0.550561797752809,0.8089887640449438,0.3707865168539326,275,572,95,265,97,139,6.1143345364225095,24,0.4807692307692308,0.3584905660377358,0.697841726618705,LAC
1627884,Derrick Jones Jr.,2025,82,23.914634146341463,9.890243902439025,3.292682926829268,0.7439024390243902,1.0,0.43902439024390244,0.8292682926829268,3.3048780487804876,324,622,81,231,82,118,4.914091849488497,29,0.5209003215434084,0.35064935064935066,0.6949152542372882,LAC
1627884,Derrick Jones Jr.,2026,46,26.195652173913043,9.717391304347826,3.369565217391304,1.326086956521739,0.9130434782608695,0.9347826086956522,0.782608695652174,2.4565217391304346,172,345,52,141,51,69,4.888367341526257,19,0.4985507246376812,0.36879432624113473,0.7391304347826086,LAC
1627936,Alex Caruso,2022,44,27.886363636363637,6.9772727272727275,3.5454545454545454,4.0,1.7045454545454546,0.4318181818181818,1.2727272727272727,1.9318181818181819,105,271,46,140,51,66,4.310552958451038,17,0.3874538745387454,0.32857142857142857,0.7727272727272727,CHI
1627936,Alex Caruso,2023,67,23.62686567164179,5.791044776119403,2.925373134328358,2.8955223880597014,1.4179104477611941,0.6567164179104478,1.1492537313432836,2.611940298507463,135,293,59,158,59,73,3.5740534387181744,16,0.46075085324232085,0.37341772151898733,0.8082191780821918,CHI
1627936,Alex Caruso,2024,66,28.12121212121212,9.954545454545455,3.606060606060606,3.409090909090909,1.6666666666666667,0.7727272727272727,1.4090909090909092,-1.2424242424242424,234,498,124,306,65,88,4.585702926343061,23,0.46987951807228917,0.40522875816993464,0.7386363636363636,CHI
1627936,Alex Caruso,2025,75,21.0,7.8133333333333335,2.9066666666666667,2.466666666666667,1.7066666666666668,0.5733333333333334,0.7466666666666667,5.546666666666667,211,469,97,257,67,84,5.197955245934572,20,0.44989339019189767,0.377431906614786,0.7976190476190477,CHI
1627936,Alex Caruso,2026,70,19.185714285714287,7.014285714285714,2.8285714285714287,1.9285714285714286,1.2857142857142858,0.34285714285714286,0.8571428571428571,6.928571428571429,177,405,82,247,55,70,5.395899831320818,31,0.43703703703703706,0.3319838056680162,0.7857142857142857,CHI
1628021,David Nwaba,2022,45,12.755555555555556,5.022222222222222,3.2,0.7555555555555555,0.6222222222222222,0.35555555555555557,0.4666666666666667,-2.5555555555555554,83,169,15,48,45,64,3.893402863638164,15,0.4911242603550296,0.3125,0.703125,HOU
1628035,Alfonzo McKinnie,2022,17,12.0,3.4705882352941178,1.9411764705882353,0.29411764705882354,0.11764705882352941,0.17647058823529413,0.4117647058823529,-3.235294117647059,24,61,9,27,2,8,4.317372567007965,16,0.39344262295081966,0.3333333333333333,0.25,CHI
1628365,Markelle Fultz,2022,18,20.0,10.833333333333334,2.7222222222222223,5.5,1.1111111111111112,0.2777777777777778,2.2222222222222223,-2.0555555555555554,83,175,4,17,25,31,3.869184440588755,19,0.4742857142857143,0.23529411764705882,0.8064516129032258,ORL
1628365,Markelle Fultz,2023,58,29.5,13.637931034482758,3.8448275862068964,5.758620689655173,1.4137931034482758,0.43103448275862066,2.293103448275862,-2.0344827586206895,333,648,26,85,99,129,5.6185728220397575,25,0.5138888888888888,0.3058823529411765,0.7674418604651163,ORL
1628365,Markelle Fultz,2024,50,20.32,7.6,3.04,2.56,0.9,0.3,1.16,0.9,174,360,4,19,28,42,4.802210375420461,18,0.48333333333333334,0.21052631578947367,0.6666666666666666,ORL
1628365,Markelle Fultz,2025,22,8.409090909090908,2.772727272727273,0.9090909090909091,1.2272727272727273,0.45454545454545453,0.09090909090909091,0.6818181818181818,0.5909090909090909,28,67,4,8,1,1,2.8773635118317564,8,0.417910447761194,0.5,1.0,ORL
1628366,Lonzo Ball,2022,31,34.225806451612904,13.096774193548388,5.193548387096774,5.161290322580645,1.903225806451613,0.5483870967741935,2.3548387096774195,2.032258064516129,144,332,99,228,19,25,5.798590855887187,27,0.43373493975903615,0.4342105263157895,0.76,CHI
1628366,Lonzo Ball,2025,35,22.142857142857142,7.628571428571429,3.3714285714285714,3.2857142857142856,1.3428571428571427,0.4857142857142857,1.1714285714285715,2.857142857142857,89,243,67,195,22,27,4.201440329260446,18,0.3662551440329218,0.3435897435897436,0.8148148148148148,CHI
1628366,Lonzo Ball,2026,35,20.771428571428572,4.571428571428571,4.0,3.8857142857142857,1.2857142857142858,0.2571428571428571,1.4857142857142858,0.9142857142857143,53,176,40,147,14,21,3.7517502918105903,15,0.30113636363636365,0.272108843537415,0.6666666666666666,CHI
1628367,Josh Jackson,2022,49,16.142857142857142,6.224489795918367,2.7755102040816326,1.0816326530612246,0.5306122448979592,0.40816326530612246,0.8979591836734694,-3.693877551020408,114,287,32,126,45,63,5.497216364224902,24,0.397212543554007,0.25396825396825395,0.7142857142857143,DET
1628368,De'Aaron Fox,2022,37,34.91891891891892,20.64864864864865,4.054054054054054,5.702702702702703,1.135135135135135,0.3783783783783784,2.918918918918919,-2.8378378378378377,306,680,49,158,103,145,8.29396104342128,44,0.45,0.310126582278481,0.7103448275862069,SAC
1628368,De'Aaron Fox,2023,51,32.470588235294116,22.529411764705884,4.137254901960785,6.2745098039215685,1.2549019607843137,0.3333333333333333,2.7450980392156863,3.9019607843137254,448,902,101,280,152,205,7.17872674274894,37,0.49667405764966743,0.3607142857142857,0.7414634146341463,SAC
1628368,De'Aaron Fox,2024,50,35.38,24.12,4.4,5.52,2.1,0.4,2.46,3.38,468,1034,148,392,122,177,8.097971527311197,44,0.4526112185686654,0.37755102040816324,0.6892655367231638,SAC
1628368,De'Aaron Fox,2025,45,35.51111111111111,21.466666666666665,4.844444444444444,6.355555555555555,1.3333333333333333,0.4222222222222222,2.7555555555555555,-2.6444444444444444,382,826,85,274,117,144,6.111092745610604,33,0.46246973365617433,0.3102189781021898,0.8125,SAC
1628368,De'Aaron Fox,2026,84,31.55952380952381,17.011904761904763,3.6666666666666665,6.285714285714286,1.2142857142857142,0.2976190476190476,2.142857142857143,6.7976190476190474,560,1191,143,443,166,220,6.4256527447131555,31,0.47019311502938704,0.3227990970654628,0.7545454545454545,SAC
1628369,Jayson Tatum,2022,48,36.083333333333336,24.583333333333332,7.729166666666667,4.770833333333333,0.9375,0.4791666666666667,3.0416666666666665,10.291666666666666,434,963,159,415,153,202,8.424466226751328,46,0.45067497403946,0.38313253012048193,0.7574257425742574,BOS
1628369,Jayson Tatum,2023,38,36.3421052631579,23.63157894736842,8.552631578947368,5.184210526315789,0.9736842105263158,0.6842105263157895,2.973684210526316,6.394736842105263,333,751,115,347,117,146,7.64913368220176,38,0.4434087882822903,0.3314121037463977,0.8013698630136986,BOS
1628369,Jayson Tatum,2024,43,36.2093023255814,24.093023255813954,8.162790697674419,5.348837209302325,0.9302325581395349,0.4418604651162791,2.6511627906976742,7.1395348837209305,388,828,134,352,126,156,6.248100486541688,38,0.46859903381642515,0.3806818181818182,0.8076923076923077,BOS
1628369,Jayson Tatum,2025,46,36.0,24.195652173913043,8.891304347826088,6.173913043478261,1.2173913043478262,0.5,2.9130434782608696,7.260869565217392,408,921,160,465,137,174,7.538404090514388,43,0.44299674267100975,0.34408602150537637,0.7873563218390804,BOS
1628369,Jayson Tatum,2026,15,33.333333333333336,21.4,10.2,5.266666666666667,1.3333333333333333,0.06666666666666667,2.066666666666667,6.933333333333334,116,266,49,139,40,55,4.8667971280621805,32,0.43609022556390975,0.35251798561151076,0.7272727272727273,BOS
1628370,Malik Monk,2022,73,27.876712328767123,13.356164383561644,3.356164383561644,2.904109589041096,0.821917808219178,0.3287671232876712,1.5890410958904109,0.8493150684931506,367,774,162,418,79,103,7.794887681846528,33,0.47416020671834624,0.3875598086124402,0.7669902912621359,SAC
1628370,Malik Monk,2023,74,22.12162162162162,12.81081081081081,2.77027027027027,3.8378378378378377,0.6351351351351351,0.28378378378378377,1.8783783783783783,0.6081081081081081,334,762,132,375,148,170,6.628447773161178,33,0.43832020997375326,0.352,0.8705882352941177,SAC
1628370,Malik Monk,2024,63,25.11111111111111,14.444444444444445,2.761904761904762,5.015873015873016,0.6507936507936508,0.49206349206349204,2.0634920634920637,-0.36507936507936506,336,761,130,364,108,131,7.547222898305209,39,0.44152431011826543,0.35714285714285715,0.8244274809160306,SAC
1628370,Malik Monk,2025,59,31.423728813559322,16.847457627118644,3.694915254237288,5.47457627118644,0.9322033898305084,0.4915254237288136,2.4237288135593222,2.016949152542373,370,840,129,388,125,148,6.972392750432023,34,0.44047619047619047,0.3324742268041237,0.8445945945945946,SAC
1628370,Malik Monk,2026,58,21.70689655172414,11.793103448275861,1.8448275862068966,2.9655172413793105,0.6206896551724138,0.3275862068965517,1.4655172413793103,-4.189655172413793,253,583,109,286,69,81,7.122385320647668,30,0.4339622641509434,0.3811188811188811,0.8518518518518519,SAC
1628371,Jonathan Isaac,2024,57,16.0,6.754385964912281,4.421052631578948,0.47368421052631576,0.7192982456140351,1.0,0.5087719298245614,2.8947368421052633,143,276,47,122,52,72,4.6876764795517145,25,0.5181159420289855,0.38524590163934425,0.7222222222222222,ORL
1628371,Jonathan Isaac,2025,67,14.567164179104477,4.850746268656716,4.059701492537314,0.5074626865671642,0.835820895522388,0.7910447761194029,0.4925373134328358,-1.6567164179104477,120,285,32,131,53,83,4.171525886593987,20,0.42105263157894735,0.24427480916030533,0.6385542168674698,ORL
1628371,Jonathan Isaac,2026,49,10.306122448979592,2.693877551020408,2.63265306122449,0.42857142857142855,0.3877551020408163,0.5714285714285714,0.3673469387755102,-0.8979591836734694,45,104,7,34,35,58,2.844615393105698,9,0.4326923076923077,0.20588235294117646,0.603448275862069,ORL
1628372,Dennis Smith Jr.,2022,36,16.694444444444443,5.138888888888889,2.3333333333333335,3.5,1.1666666666666667,0.3333333333333333,1.4166666666666667,-3.4444444444444446,72,175,5,24,36,56,3.958013771561819,17,0.4114285714285714,0.20833333333333334,0.6428571428571429,BKN
1628372,Dennis Smith Jr.,2023,53,25.58490566037736,8.88679245283019,3.056603773584906,4.735849056603773,1.4150943396226414,0.41509433962264153,1.528301886792453,-1.2264150943396226,185,441,24,109,77,104,4.3925652981376935,18,0.41950113378684806,0.22018348623853212,0.7403846153846154,BKN
1628372,Dennis Smith Jr.,2024,56,18.910714285714285,6.589285714285714,2.9285714285714284,3.625,1.2142857142857142,0.21428571428571427,1.2142857142857142,-0.6428571428571429,147,338,32,109,43,58,3.9440486153848924,14,0.4349112426035503,0.29357798165137616,0.7413793103448276,BKN
1628373,Frank Ntilikina,2022,70,11.528571428571428,3.757142857142857,1.3,1.1142857142857143,0.5,0.11428571428571428,0.5285714285714286,0.6714285714285714,97,247,44,131,25,26,3.9906982945152336,17,0.39271255060728744,0.33587786259541985,0.9615384615384616,DAL
1628373,Frank Ntilikina,2023,46,13.26086956521739,2.9347826086956523,1.3478260869565217,1.2608695652173914,0.34782608695652173,0.15217391304347827,0.6304347826086957,0.7608695652173914,48,132,17,67,22,33,3.2755130143607087,12,0.36363636363636365,0.2537313432835821,0.6666666666666666,DAL
1628374,Lauri Markkanen,2022,61,30.852459016393443,14.704918032786885,5.672131147540983,1.2950819672131149,0.8032786885245902,0.4918032786885246,0.8852459016393442,2.9672131147540983,316,708,139,383,126,145,6.006508309867118,31,0.4463276836158192,0.3629242819843342,0.8689655172413793,UTA
1628374,Lauri Markkanen,2023,35,33.8,23.0,7.914285714285715,1.9142857142857144,0.6285714285714286,0.4857142857142857,1.8,2.2857142857142856,308,593,108,266,81,106,6.864229531332961,38,0.5193929173693086,0.40601503759398494,0.7641509433962265,UTA
1628374,Lauri Markkanen,2024,36,31.61111111111111,21.333333333333332,7.916666666666667,1.6388888888888888,0.9444444444444444,0.3055555555555556,1.5277777777777777,-1.0833333333333333,278,574,118,285,94,110,6.365083323436208,33,0.4843205574912892,0.41403508771929826,0.8545454545454545,UTA
1628374,Lauri Markkanen,2025,37,30.7027027027027,17.43243243243243,5.405405405405405,1.4324324324324325,0.7567567567567568,0.2972972972972973,1.4594594594594594,-6.081081081081081,228,549,100,311,89,106,6.171352006293724,35,0.41530054644808745,0.3215434083601286,0.839622641509434,UTA
1628374,Lauri Markkanen,2026,24,32.75,25.208333333333332,6.208333333333333,2.1666666666666665,0.8333333333333334,0.375,1.8333333333333333,-1.9583333333333333,227,454,67,176,84,97,7.16257888137255,40,0.5,0.3806818181818182,0.865979381443299,UTA
1628378,Donovan Mitchell,2022,52,33.32692307692308,24.23076923076923,4.0,5.5,1.3461538461538463,0.23076923076923078,2.769230769230769,4.326923076923077,471,1049,178,500,140,167,7.542339015720143,37,0.4489990467111535,0.356,0.8383233532934131,CLE
1628378,Donovan Mitchell,2023,48,34.875,23.958333333333332,3.7291666666666665,4.6875,1.625,0.3541666666666667,2.4583333333333335,3.4375,432,927,163,434,123,150,9.826058133336902,43,0.46601941747572817,0.37557603686635943,0.82,CLE
1628378,Donovan Mitchell,2024,40,35.525,24.8,4.6,6.025,1.525,0.425,2.575,3.75,370,795,128,349,124,154,8.744815313761341,50,0.46540880503144655,0.3667621776504298,0.8051948051948052,CLE
1628378,Donovan Mitchell,2025,48,30.4375,20.75,4.145833333333333,4.916666666666667,1.3958333333333333,0.16666666666666666,2.0208333333333335,8.208333333333334,362,839,159,413,113,144,7.150360800300085,36,0.43146603098927294,0.38498789346246975,0.7847222222222222,CLE
1628378,Donovan Mitchell,2026,45,33.93333333333333,23.68888888888889,4.4222222222222225,5.377777777777778,1.4,0.26666666666666666,2.7111111111111112,0.9777777777777777,408,896,143,403,107,130,8.286961890447994,42,0.45535714285714285,0.3548387096774194,0.823076923076923,CLE
1628379,Luke Kennard,2022,70,27.357142857142858,11.9,3.2714285714285714,2.085714285714286,0.6,0.08571428571428572,0.8571428571428571,2.6285714285714286,287,639,190,423,69,77,6.2279175108329055,27,0.4491392801251956,0.4491725768321513,0.8961038961038961,MEM
1628379,Luke Kennard,2023,64,22.265625,9.09375,2.78125,1.53125,0.5625,0.078125,0.734375,3.90625,200,405,141,285,41,43,5.916666666666667,30,0.49382716049382713,0.49473684210526314,0.9534883720930233,MEM
1628379,Luke Kennard,2024,39,25.641025641025642,11.0,2.8974358974358974,3.4871794871794872,0.5128205128205128,0.05128205128205128,1.3846153846153846,-4.794871794871795,141,315,107,238,40,45,5.875909783980151,25,0.44761904761904764,0.4495798319327731,0.8888888888888888,MEM
1628379,Luke Kennard,2025,70,22.414285714285715,8.528571428571428,2.8285714285714287,3.2,0.7714285714285715,0.08571428571428572,1.1285714285714286,1.3,215,451,116,272,51,57,6.529135212664752,30,0.47671840354767187,0.4264705882352941,0.8947368421052632,MEM
1628379,Luke Kennard,2026,88,22.806818181818183,8.715909090909092,2.465909090909091,2.2386363636363638,0.7272727272727273,0.10227272727272728,0.8409090909090909,0.3522727272727273,275,523,135,283,82,92,5.733444660045256,27,0.5258126195028681,0.47703180212014135,0.8913043478260869,MEM
1628380,Zach Collins,2022,24,16.791666666666668,7.208333333333333,4.458333333333333,2.0,0.4583333333333333,0.5,1.375,1.1666666666666667,64,130,11,32,34,41,3.945048262962248,15,0.49230769230769234,0.34375,0.8292682926829268,SAS
1628380,Zach Collins,2023,56,22.482142857142858,10.892857142857142,6.357142857142857,2.8035714285714284,0.6071428571428571,0.6071428571428571,2.017857142857143,-4.375,240,473,45,125,85,114,4.74314269207691,23,0.507399577167019,0.36,0.7456140350877193,SAS
1628380,Zach Collins,2024,63,21.984126984126984,11.19047619047619,5.079365079365079,2.7301587301587302,0.5079365079365079,0.5873015873015873,1.873015873015873,-5.507936507936508,271,564,53,164,110,149,5.713191139406392,28,0.4804964539007092,0.3231707317073171,0.738255033557047,SAS
1628380,Zach Collins,2025,61,14.524590163934427,5.622950819672131,4.311475409836065,1.8032786885245902,0.4262295081967213,0.3442622950819672,0.8852459016393442,-1.0819672131147542,134,267,30,94,45,52,5.238205591059561,21,0.50187265917603,0.3191489361702128,0.8653846153846154,SAS
1628381,John Collins,2022,49,29.551020408163264,15.326530612244898,7.510204081632653,1.530612244897959,0.5714285714285714,0.6122448979591837,1.163265306122449,-1.3265306122448979,301,571,56,150,93,121,6.606145355847463,31,0.5271453590192644,0.37333333333333335,0.768595041322314,ATL
1628381,John Collins,2023,65,29.138461538461538,12.569230769230769,5.861538461538461,1.1846153846153846,0.5230769230769231,0.6923076923076923,1.123076923076923,-1.1692307692307693,317,633,69,228,114,141,5.676071569451751,26,0.5007898894154819,0.3026315789473684,0.8085106382978723,ATL
1628381,John Collins,2024,57,27.54385964912281,14.280701754385966,8.473684210526315,1.105263157894737,0.5789473684210527,0.6140350877192983,1.3333333333333333,-5.0,325,621,69,194,95,127,4.542475670054004,25,0.5233494363929146,0.3556701030927835,0.7480314960629921,ATL
1628381,John Collins,2025,33,29.848484848484848,18.848484848484848,7.96969696969697,2.0606060606060606,0.9696969696969697,0.9393939393939394,2.393939393939394,0.030303030303030304,236,445,52,129,98,117,4.975698519562431,29,0.5303370786516854,0.40310077519379844,0.8376068376068376,ATL
1628381,John Collins,2026,62,26.596774193548388,12.96774193548387,5.306451612903226,0.9516129032258065,0.8870967741935484,0.5,1.3387096774193548,-0.9032258064516129,315,584,75,192,99,131,5.506978410253619,25,0.5393835616438356,0.390625,0.7557251908396947,ATL
1628382,Justin Jackson,2023,23,4.695652173913044,0.8695652173913043,0.7391304347826086,0.391304347826087,0.17391304347826086,0.17391304347826086,0.08695652173913043,-3.0869565217391304,7,27,5,20,1,2,1.659801407235953,6,0.25925925925925924,0.25,0.5,BOS
1628384,OG Anunoby,2022,49,35.755102040816325,16.367346938775512,5.326530612244898,2.63265306122449,1.4489795918367347,0.5102040816326531,1.6938775510204083,1.4285714285714286,309,691,114,318,70,96,5.9008963921842,29,0.447178002894356,0.3584905660377358,0.7291666666666666,NYK
1628384,OG Anunoby,2023,57,34.98245614035088,15.87719298245614,4.859649122807017,1.8070175438596492,1.8771929824561404,0.631578947368421,1.8421052631578947,2.2280701754385963,347,725,125,312,86,105,6.571231063829334,32,0.4786206896551724,0.40064102564102566,0.819047619047619,NYK
1628384,OG Anunoby,2024,53,34.264150943396224,14.867924528301886,4.2075471698113205,2.018867924528302,1.3396226415094339,0.49056603773584906,1.4339622641509433,6.90566037735849,306,617,110,277,66,92,6.418236445560225,29,0.4959481361426256,0.3971119133574007,0.717391304347826,NYK
1628384,OG Anunoby,2025,76,36.8421052631579,17.013157894736842,4.75,2.0,1.4342105263157894,0.7236842105263158,1.368421052631579,2.4078947368421053,483,1032,172,465,155,190,8.219478363096012,40,0.4680232558139535,0.36989247311827955,0.8157894736842105,NYK
1628384,OG Anunoby,2026,66,33.166666666666664,16.484848484848484,5.136363636363637,1.9242424242424243,1.6515151515151516,0.696969696969697,1.696969696969697,7.287878787878788,391,771,154,381,152,183,6.884190191451323,29,0.5071335927367056,0.4041994750656168,0.8306010928961749,NYK
1628385,Harry Giles III,2024,22,4.5,2.5454545454545454,1.3636363636363635,0.2727272727272727,0.09090909090909091,0.13636363636363635,0.2727272727272727,-1.8636363636363635,23,50,3,14,7,13,3.4048602898024454,11,0.46,0.21428571428571427,0.5384615384615384,BKN
1628386,Jarrett Allen,2022,42,31.571428571428573,14.80952380952381,10.166666666666666,1.7142857142857142,0.7619047619047619,1.0476190476190477,1.7380952380952381,1.7857142857142858,263,379,1,4,95,134,6.1613986978650725,29,0.6939313984168866,0.25,0.7089552238805971,CLE
1628386,Jarrett Allen,2023,58,32.758620689655174,13.413793103448276,9.448275862068966,1.6896551724137931,0.7068965517241379,0.9310344827586207,1.396551724137931,5.068965517241379,340,518,1,8,97,145,6.360609268948399,24,0.6563706563706564,0.125,0.6689655172413793,CLE
1628386,Jarrett Allen,2024,58,31.06896551724138,16.0,10.137931034482758,2.689655172413793,0.6206896551724138,0.7758620689655172,1.4310344827586208,1.5344827586206897,403,608,0,3,122,171,5.569339625094624,30,0.662828947368421,0.0,0.7134502923976608,CLE
1628386,Jarrett Allen,2025,76,27.526315789473685,12.118421052631579,9.263157894736842,1.881578947368421,0.9473684210526315,0.7236842105263158,1.1842105263157894,6.052631578947368,392,560,0,5,137,198,5.571276586835153,25,0.7,0.0,0.6919191919191919,CLE
1628386,Jarrett Allen,2026,51,27.254901960784313,12.431372549019608,7.980392156862745,1.588235294117647,0.8823529411764706,0.8823529411764706,1.2352941176470589,2.5098039215686274,264,417,1,4,105,165,5.42680348625518,27,0.6330935251798561,0.25,0.6363636363636364,CLE
1628389,Bam Adebayo,2022,42,32.476190476190474,15.428571428571429,9.119047619047619,3.3333333333333335,1.1666666666666667,0.5714285714285714,2.4761904761904763,4.404761904761905,270,481,0,4,108,150,6.004643963543539,31,0.5613305613305614,0.0,0.72,MIA
1628389,Bam Adebayo,2023,68,35.088235294117645,17.58823529411765,9.102941176470589,3.323529411764706,0.9852941176470589,0.6470588235294118,2.573529411764706,0.5,507,984,1,11,181,247,4.869139168509955,31,0.5152439024390244,0.09090909090909091,0.7327935222672065,MIA
1628389,Bam Adebayo,2024,53,33.62264150943396,17.77358490566038,10.056603773584905,3.69811320754717,1.0377358490566038,0.6037735849056604,1.9245283018867925,-0.05660377358490566,395,751,17,43,135,190,5.025479347339616,31,0.525965379494008,0.3953488372093023,0.7105263157894737,MIA
1628389,Bam Adebayo,2025,66,33.984848484848484,16.87878787878788,9.757575757575758,4.090909090909091,1.1818181818181819,0.5151515151515151,2.0303030303030303,-0.7424242424242424,438,932,72,194,166,222,5.923915419110395,32,0.4699570815450644,0.3711340206185567,0.7477477477477478,MIA
1628389,Bam Adebayo,2026,46,30.82608695652174,17.891304347826086,9.347826086956522,3.347826086956522,1.2608695652173914,0.5434782608695652,1.2608695652173914,5.3478260869565215,318,678,73,216,114,152,7.270116186965699,32,0.4690265486725664,0.33796296296296297,0.75,MIA
1628392,Isaiah Hartenstein,2022,62,17.14516129032258,8.03225806451613,4.580645161290323,2.2096774193548385,0.6451612903225806,0.8064516129032258,1.2096774193548387,1.6451612903225807,203,318,13,26,79,112,4.537522043248571,19,0.6383647798742138,0.5,0.7053571428571429,NYK
1628392,Isaiah Hartenstein,2023,86,19.72093023255814,4.744186046511628,6.313953488372093,1.2790697674418605,0.6395348837209303,0.6511627906976745,0.8023255813953488,1.6744186046511629,171,322,7,34,59,82,3.5651451468237108,16,0.531055900621118,0.20588235294117646,0.7195121951219512,NYK
1628392,Isaiah Hartenstein,2024,77,25.22077922077922,7.584415584415584,7.922077922077922,2.6103896103896105,1.0389610389610389,0.7792207792207793,1.1818181818181819,2.5714285714285716,235,384,2,5,112,152,4.589320123225022,20,0.6119791666666666,0.4,0.7368421052631579,NYK
1628392,Isaiah Hartenstein,2025,71,25.661971830985916,9.971830985915492,9.535211267605634,3.3098591549295775,0.8028169014084507,0.7605633802816901,1.4788732394366197,5.295774647887324,318,532,0,15,72,105,4.843174375156136,24,0.5977443609022557,0.0,0.6857142857142857,NYK
1628392,Isaiah Hartenstein,2026,59,23.915254237288135,8.661016949152541,8.864406779661017,3.3220338983050848,0.9830508474576272,0.6779661016949152,1.728813559322034,6.016949152542373,219,353,0,8,73,118,4.325586145218677,18,0.6203966005665722,0.0,0.6186440677966102,NYK
1628396,Tony Bradley,2022,57,9.789473684210526,3.0350877192982457,3.3333333333333335,0.49122807017543857,0.17543859649122806,0.5789473684210527,0.5964912280701754,1.4035087719298245,77,128,0,0,19,29,2.9274861978490163,11,0.6015625,0.0,0.6551724137931034,CHI
1628396,Tony Bradley,2025,23,7.130434782608695,2.782608695652174,2.0869565217391304,0.34782608695652173,0.08695652173913043,0.21739130434782608,0.34782608695652173,1.6956521739130435,27,41,1,4,9,14,3.3433315140213393,12,0.6585365853658537,0.25,0.6428571428571429,CHI
1628396,Tony Bradley,2026,44,11.204545454545455,3.9318181818181817,2.8863636363636362,0.5681818181818182,0.18181818181818182,0.22727272727272727,0.4318181818181818,-3.25,67,121,3,5,36,49,3.1058663718295625,12,0.5537190082644629,0.6,0.7346938775510204,CHI
1628398,Kyle Kuzma,2022,54,32.907407407407405,16.09259259259259,8.333333333333334,3.425925925925926,0.5555555555555556,0.7037037037037037,2.5185185185185186,-4.5,330,736,106,306,103,147,8.1130421870591,36,0.4483695652173913,0.3464052287581699,0.7006802721088435,WAS
1628398,Kyle Kuzma,2023,56,35.232142857142854,20.410714285714285,7.464285714285714,3.7142857142857144,0.5892857142857143,0.4642857142857143,2.982142857142857,-0.125,441,987,140,422,121,175,7.947044701052051,36,0.44680851063829785,0.33175355450236965,0.6914285714285714,WAS
1628398,Kyle Kuzma,2024,56,32.464285714285715,21.303571428571427,6.696428571428571,4.178571428571429,0.5357142857142857,0.5714285714285714,2.8392857142857144,-9.357142857142858,488,1050,123,365,94,126,6.993294562019307,38,0.46476190476190476,0.336986301369863,0.746031746031746,WAS
1628398,Kyle Kuzma,2025,61,28.688524590163933,13.836065573770492,5.163934426229508,2.262295081967213,0.5081967213114754,0.2786885245901639,2.1475409836065573,-6.114754098360656,337,760,92,287,78,129,7.1604942284473925,31,0.44342105263157894,0.3205574912891986,0.6046511627906976,WAS
1628398,Kyle Kuzma,2026,68,26.147058823529413,13.0,4.455882352941177,2.6470588235294117,0.6764705882352942,0.4117647058823529,1.6911764705882353,-4.029411764705882,336,684,83,238,129,178,7.117353189066174,33,0.49122807017543857,0.3487394957983193,0.7247191011235955,WAS
1628400,Semi Ojeleye,2022,28,13.678571428571429,3.0357142857142856,2.4285714285714284,0.2857142857142857,0.17857142857142858,0.21428571428571427,0.32142857142857145,-4.964285714285714,27,90,14,48,17,23,3.2487278747584885,11,0.3,0.2916666666666667,0.7391304347826086,MIL
1628401,Derrick White,2022,86,28.046511627906977,11.430232558139535,3.4069767441860463,4.3023255813953485,0.8488372093023255,0.6744186046511628,1.5116279069767442,1.8488372093023255,342,844,122,392,177,209,6.344132439969131,26,0.4052132701421801,0.3112244897959184,0.84688995215311,BOS
1628401,Derrick White,2023,89,28.0,12.157303370786517,3.359550561797753,3.4157303370786516,0.6404494382022472,0.797752808988764,1.0674157303370786,5.202247191011236,382,808,171,426,147,168,6.3189809240322905,27,0.47277227722772275,0.4014084507042254,0.875,BOS
1628401,Derrick White,2024,73,32.986301369863014,14.602739726027398,4.095890410958904,4.931506849315069,0.9726027397260274,0.8356164383561644,1.356164383561644,7.013698630136986,382,827,203,507,99,108,6.352470486239098,30,0.4619105199516324,0.40039447731755423,0.9166666666666666,BOS
1628401,Derrick White,2025,78,34.205128205128204,16.615384615384617,4.564102564102564,4.551282051282051,0.9358974358974359,0.8076923076923077,1.5897435897435896,6.17948717948718,438,997,278,722,142,167,6.310639890231087,41,0.43931795386158473,0.3850415512465374,0.8502994011976048,BOS
1628401,Derrick White,2026,63,33.666666666666664,14.142857142857142,4.031746031746032,5.380952380952381,1.1587301587301588,0.9047619047619048,1.7301587301587302,7.888888888888889,320,838,151,482,100,116,6.17972006584165,30,0.3818615751789976,0.3132780082987552,0.8620689655172413,BOS
1628402,Frank Jackson,2022,49,21.53061224489796,9.755102040816327,1.653061224489796,1.1020408163265305,0.46938775510204084,0.12244897959183673,0.7551020408163265,-4.551020408163265,171,433,72,244,64,81,5.994895788102083,25,0.394919168591224,0.29508196721311475,0.7901234567901234,DET
1628404,Josh Hart,2022,44,32.43181818181818,13.613636363636363,6.954545454545454,4.045454545454546,1.0227272727272727,0.18181818181818182,2.022727272727273,-4.2727272727272725,222,446,53,163,102,139,6.641013893910481,31,0.4977578475336323,0.32515337423312884,0.7338129496402878,NYK
1628404,Josh Hart,2023,85,32.31764705882353,9.764705882352942,7.764705882352941,3.6470588235294117,1.1176470588235294,0.2823529411764706,1.611764705882353,3.458823529411765,313,596,70,190,134,185,4.86886869333536,27,0.5251677852348994,0.3684210526315789,0.7243243243243244,NYK
1628404,Josh Hart,2024,91,34.26373626373626,9.89010989010989,8.593406593406593,4.1208791208791204,0.9230769230769231,0.31868131868131866,1.5384615384615385,3.2967032967032965,347,797,97,305,109,137,6.139943085965952,31,0.4353826850690088,0.3180327868852459,0.7956204379562044,NYK
1628404,Josh Hart,2025,87,37.229885057471265,13.080459770114942,9.425287356321839,5.689655172413793,1.4597701149425288,0.3333333333333333,1.9540229885057472,2.4827586206896552,441,848,95,281,161,218,5.530503973848865,30,0.5200471698113207,0.33807829181494664,0.7385321100917431,NYK
1628404,Josh Hart,2026,83,30.518072289156628,11.518072289156626,7.626506024096385,4.686746987951807,1.2409638554216869,0.24096385542168675,1.9156626506024097,4.626506024096385,367,743,127,319,95,141,6.313673596836746,33,0.4939434724091521,0.3981191222570533,0.6737588652482269,NYK
1628408,PJ Dozier,2022,18,19.0,5.388888888888889,3.5,1.6111111111111112,0.6111111111111112,0.3333333333333333,0.7222222222222222,-5.0,36,99,15,48,10,13,3.75951950761059,12,0.36363636363636365,0.3125,0.7692307692307693,DEN
1628408,PJ Dozier,2023,15,5.6,2.0,1.0666666666666667,0.6666666666666666,0.4,0.06666666666666667,0.3333333333333333,-1.0,13,39,4,20,0,0,2.138089935299395,7,0.3333333333333333,0.2,0.0,DEN
1628410,Edmond Sumner,2023,49,12.63265306122449,5.714285714285714,1.2448979591836735,1.163265306122449,0.5102040816326531,0.1836734693877551,0.8979591836734694,1.0,97,214,25,67,61,68,5.078549661730864,23,0.4532710280373832,0.373134328358209,0.8970588235294118,BKN
1628415,Dillon Brooks,2022,36,27.416666666666668,16.0,3.0833333333333335,2.638888888888889,1.1666666666666667,0.25,1.5277777777777777,6.805555555555555,233,564,56,177,54,71,6.607355208942748,30,0.41312056737588654,0.3163841807909605,0.7605633802816901,HOU
1628415,Dillon Brooks,2023,76,30.0,13.605263157894736,3.3026315789473686,2.526315789473684,0.868421052631579,0.19736842105263158,1.4342105263157894,1.9342105263157894,393,1014,140,452,108,138,6.055474542083764,31,0.3875739644970414,0.30973451327433627,0.782608695652174,HOU
1628415,Dillon Brooks,2024,67,30.70149253731343,12.208955223880597,3.3134328358208953,1.6865671641791045,0.8507462686567164,0.14925373134328357,1.2686567164179106,-0.2835820895522388,301,702,124,341,92,114,6.413851755883477,26,0.4287749287749288,0.36363636363636365,0.8070175438596491,HOU
1628415,Dillon Brooks,2025,78,31.55128205128205,13.474358974358974,3.576923076923077,1.6794871794871795,0.7692307692307693,0.23076923076923078,0.9871794871794872,2.358974358974359,389,905,188,471,85,108,6.624873160215551,36,0.4298342541436464,0.3991507430997877,0.7870370370370371,HOU
1628415,Dillon Brooks,2026,51,30.96078431372549,19.666666666666668,3.6862745098039214,1.7450980392156863,1.0,0.1568627450980392,1.7843137254901962,-1.607843137254902,386,900,117,347,114,139,7.165658843865417,34,0.4288888888888889,0.3371757925072046,0.8201438848920863,HOU
1628418,Thomas Bryant,2022,25,15.72,7.68,3.76,0.88,0.24,0.6,0.72,-3.08,75,140,12,39,30,35,4.346646216720811,16,0.5357142857142857,0.3076923076923077,0.8571428571428571,IND
1628418,Thomas Bryant,2023,56,18.017857142857142,9.625,5.732142857142857,0.48214285714285715,0.25,0.44642857142857145,0.6607142857142857,-1.6428571428571428,219,355,26,58,75,103,7.28026597915713,31,0.6169014084507042,0.4482758620689655,0.7281553398058253,IND
1628418,Thomas Bryant,2024,40,11.125,5.475,3.6,0.525,0.225,0.4,0.55,-0.25,88,152,4,22,39,46,5.61128670284619,26,0.5789473684210527,0.18181818181818182,0.8478260869565217,IND
1628418,Thomas Bryant,2025,84,13.238095238095237,5.607142857142857,3.2857142857142856,0.6666666666666666,0.36904761904761907,0.5119047619047619,0.42857142857142855,-0.5,176,348,55,162,64,76,4.445162138457637,22,0.5057471264367817,0.3395061728395062,0.8421052631578947,IND
1628418,Thomas Bryant,2026,68,11.397058823529411,5.6911764705882355,3.176470588235294,0.5147058823529411,0.29411764705882354,0.39705882352941174,0.4411764705882353,0.39705882352941174,141,288,49,143,56,69,4.320231312702944,15,0.4895833333333333,0.34265734265734266,0.8115942028985508,IND
1628420,Monte Morris,2022,79,29.860759493670887,12.69620253164557,2.8987341772151898,4.518987341772152,0.7721518987341772,0.17721518987341772,1.0632911392405062,2.949367088607595,396,810,135,336,76,90,5.2338994395259855,24,0.4888888888888889,0.4017857142857143,0.8444444444444444,DEN
1628420,Monte Morris,2023,60,27.216666666666665,10.166666666666666,3.4166666666666665,5.35,0.65,0.21666666666666667,1.0,-0.06666666666666667,241,501,76,196,52,65,4.449973020930089,20,0.4810379241516966,0.3877551020408163,0.8,DEN
1628420,Monte Morris,2024,41,13.24390243902439,4.512195121951219,1.5365853658536586,1.9024390243902438,0.5121951219512195,0.24390243902439024,0.17073170731707318,2.1463414634146343,71,183,28,84,15,21,3.3698809416618283,13,0.3879781420765027,0.3333333333333333,0.7142857142857143,DEN
1628420,Monte Morris,2025,45,12.71111111111111,5.177777777777778,1.488888888888889,1.6222222222222222,0.4444444444444444,0.06666666666666667,0.4666666666666667,1.0444444444444445,83,195,31,86,36,42,3.973142155254275,12,0.4256410256410256,0.36046511627906974,0.8571428571428571,DEN
1628425,Sterling Brown,2022,56,11.696428571428571,3.017857142857143,2.8035714285714284,0.6607142857142857,0.32142857142857145,0.16071428571428573,0.4642857142857143,0.44642857142857145,62,165,28,96,17,20,3.1535899971508456,12,0.37575757575757573,0.2916666666666667,0.85,DAL
1628426,Sasha Vezenkov,2024,44,11.909090909090908,5.159090909090909,2.25,0.4318181818181818,0.4772727272727273,0.1590909090909091,0.2727272727272727,0.06818181818181818,85,196,45,123,12,15,4.097322902614282,14,0.4336734693877551,0.36585365853658536,0.8,SAC
1628427,Vlatko Cancar,2022,17,10.882352941176471,3.9411764705882355,1.9411764705882353,1.0588235294117647,0.11764705882352941,0.17647058823529413,0.6470588235294118,0.6470588235294118,25,44,8,14,9,14,4.084583642112347,11,0.5681818181818182,0.5714285714285714,0.6428571428571429,DEN
1628427,Vlatko Cancar,2023,62,13.548387096774194,4.306451612903226,2.0,1.1935483870967742,0.3225806451612903,0.1774193548387097,0.5645161290322581,-1.2741935483870968,99,210,39,108,30,32,4.897602992423009,17,0.4714285714285714,0.3611111111111111,0.9375,DEN
1628427,Vlatko Čančar,2025,16,9.125,1.5,2.125,0.5625,0.1875,0.125,0.8125,-1.6875,10,26,4,15,0,0,2.4494897427831783,8,0.38461538461538464,0.26666666666666666,0.0,DEN
1628432,Davon Reed,2022,45,14.844444444444445,4.644444444444445,2.4,1.1777777777777778,0.5333333333333333,0.2,0.3333333333333333,-0.5333333333333333,81,161,37,86,10,15,4.437216344611662,17,0.5031055900621118,0.43023255813953487,0.6666666666666666,DEN
1628432,Davon Reed,2023,43,8.046511627906977,2.0697674418604652,1.372093023255814,0.5348837209302325,0.3488372093023256,0.09302325581395349,0.46511627906976744,-2.302325581395349,28,84,17,46,16,24,2.313473463958154,9,0.3333333333333333,0.3695652173913043,0.6666666666666666,DEN
1628436,Luke Kornet,2022,23,5.304347826086956,1.608695652173913,1.4782608695652173,0.43478260869565216,0.13043478260869565,0.13043478260869565,0.043478260869565216,1.1304347826086956,16,31,1,6,4,6,2.5715069942241793,10,0.5161290322580645,0.16666666666666666,0.6666666666666666,BOS
1628436,Luke Kornet,2023,75,10.586666666666666,3.4,2.6266666666666665,0.68,0.14666666666666667,0.5333333333333333,0.32,0.7066666666666667,110,166,3,13,32,39,3.6944077534360837,12,0.6626506024096386,0.23076923076923078,0.8205128205128205,BOS
1628436,Luke Kornet,2024,68,13.558823529411764,4.5,3.573529411764706,0.8235294117647058,0.2647058823529412,0.6029411764705882,0.3088235294117647,2.0441176470588234,125,182,1,1,55,62,4.0721111910455985,16,0.6868131868131868,1.0,0.8870967741935484,BOS
1628436,Luke Kornet,2025,72,17.88888888888889,5.583333333333333,4.791666666666667,1.4166666666666667,0.5277777777777778,0.6666666666666666,0.4305555555555556,4.208333333333333,174,259,0,2,54,78,4.4618886924961885,18,0.6718146718146718,0.0,0.6923076923076923,BOS
1628436,Luke Kornet,2026,82,18.25609756097561,5.487804878048781,5.365853658536586,1.475609756097561,0.5121951219512195,0.6219512195121951,0.43902439024390244,-0.21951219512195122,180,287,1,1,89,110,4.211225159519903,20,0.627177700348432,1.0,0.8090909090909091,BOS
1628449,Chris Boucher,2022,75,19.92,8.44,5.84,0.26666666666666666,0.6133333333333333,0.84,0.4533333333333333,2.6133333333333333,237,500,57,193,102,131,5.400800741431648,28,0.474,0.29533678756476683,0.7786259541984732,TOR
1628449,Chris Boucher,2023,67,18.850746268656717,8.477611940298507,5.119402985074627,0.373134328358209,0.5223880597014925,0.6716417910447762,0.5074626865671642,-0.6268656716417911,215,435,51,159,87,118,5.269575938764021,22,0.4942528735632184,0.32075471698113206,0.7372881355932204,TOR
1628449,Chris Boucher,2024,48,13.604166666666666,6.229166666666667,4.0,0.3958333333333333,0.2916666666666667,0.375,0.5208333333333334,0.22916666666666666,103,206,28,89,65,86,3.860545564649845,17,0.5,0.3146067415730337,0.7558139534883721,TOR
1628449,Chris Boucher,2025,45,17.066666666666666,9.777777777777779,4.511111111111111,0.7111111111111111,0.4222222222222222,0.35555555555555557,0.5777777777777777,-0.5111111111111111,165,335,63,173,47,63,6.577817021449956,24,0.4925373134328358,0.36416184971098264,0.746031746031746,TOR
1628464,Daniel Theis,2022,61,18.770491803278688,7.295081967213115,4.426229508196721,0.8032786885245902,0.39344262295081966,0.5573770491803278,0.9180327868852459,-2.5245901639344264,179,340,35,120,52,72,5.289436839258291,22,0.5264705882352941,0.2916666666666667,0.7222222222222222,LAC
1628464,Daniel Theis,2024,57,16.403508771929825,6.175438596491228,3.807017543859649,0.9649122807017544,0.3333333333333333,0.6842105263157895,0.6666666666666666,0.5789473684210527,147,273,22,63,36,46,4.480604260179742,19,0.5384615384615384,0.3492063492063492,0.782608695652174,LAC
1628464,Daniel Theis,2025,36,16.25,4.194444444444445,4.361111111111111,1.5277777777777777,0.4444444444444444,0.3888888888888889,0.6388888888888888,-1.8888888888888888,57,119,8,33,29,35,3.800897972430383,18,0.4789915966386555,0.24242424242424243,0.8285714285714286,LAC
1628467,Maxi Kleber,2022,68,24.147058823529413,7.029411764705882,5.470588235294118,1.1029411764705883,0.39705882352941174,0.5882352941176471,0.7941176470588235,0.29411764705882354,163,403,100,295,52,74,5.2118423941397225,25,0.4044665012406948,0.3389830508474576,0.7027027027027027,DAL
1628467,Maxi Kleber,2023,36,24.944444444444443,5.833333333333333,3.6666666666666665,1.4166666666666667,0.3333333333333333,0.7222222222222222,0.7222222222222222,-1.0833333333333333,73,161,37,107,27,38,3.916995933474676,15,0.453416149068323,0.34579439252336447,0.7105263157894737,DAL
1628467,Maxi Kleber,2024,52,19.21153846153846,4.3076923076923075,2.980769230769231,1.3269230769230769,0.3076923076923077,0.5,0.5576923076923077,1.8653846153846154,77,176,43,115,27,35,4.1752701522950035,21,0.4375,0.3739130434782609,0.7714285714285715,DAL
1628467,Maxi Kleber,2025,35,18.34285714285714,3.0,2.7142857142857144,1.2285714285714286,0.2571428571428571,0.4857142857142857,0.6857142857142857,-0.5142857142857142,37,97,13,50,18,23,3.4556007394645922,15,0.38144329896907214,0.26,0.782608695652174,DAL
1628467,Maxi Kleber,2026,42,11.0,1.9761904761904763,2.0,0.6904761904761905,0.42857142857142855,0.19047619047619047,0.4523809523809524,1.4047619047619047,31,70,6,25,15,28,2.352871574430008,11,0.44285714285714284,0.24,0.5357142857142857,DAL
1628470,Torrey Craig,2022,86,18.976744186046513,5.906976744186046,3.6511627906976742,1.0813953488372092,0.5813953488372093,0.4418604651162791,0.8023255813953488,-2.4302325581395348,199,447,76,237,34,46,5.171478129752811,22,0.4451901565995526,0.3206751054852321,0.7391304347826086,PHX
1628470,Torrey Craig,2023,83,23.867469879518072,7.253012048192771,5.036144578313253,1.3253012048192772,0.6385542168674698,0.5662650602409639,0.8433734939759037,-2.2409638554216866,234,503,102,254,32,46,5.23786256325616,22,0.46520874751491054,0.4015748031496063,0.6956521739130435,PHX
1628470,Torrey Craig,2024,55,19.454545454545453,5.618181818181818,4.036363636363636,1.0727272727272728,0.5818181818181818,0.4,0.6,-3.1272727272727274,110,256,62,158,27,36,4.116322113745199,16,0.4296875,0.3924050632911392,0.75,PHX
1628470,Torrey Craig,2025,29,10.586206896551724,3.8275862068965516,2.3448275862068964,0.5862068965517241,0.3103448275862069,0.20689655172413793,0.3103448275862069,-1.8275862068965518,39,91,25,67,8,12,4.8260377530732885,18,0.42857142857142855,0.373134328358209,0.6666666666666666,PHX
1628502,Nigel Hayes-Davis,2026,27,7.185185185185185,1.2592592592592593,1.2222222222222223,0.25925925925925924,0.2962962962962963,0.07407407407407407,0.2962962962962963,-2.6666666666666665,15,46,2,16,2,4,1.933362805551958,7,0.32608695652173914,0.125,0.5,PHX
1628539,Mychal Mulder,2022,17,14.117647058823529,4.0588235294117645,1.411764705882353,0.29411764705882354,0.23529411764705882,0.11764705882352941,0.47058823529411764,-3.235294117647059,24,77,17,54,4,4,4.6699918125636755,13,0.3116883116883117,0.3148148148148148,1.0,ORL
1628960,Grayson Allen,2022,78,27.03846153846154,10.679487179487179,3.2948717948717947,1.4743589743589745,0.6923076923076923,0.28205128205128205,0.6666666666666666,2.8333333333333335,292,651,178,437,71,85,5.998903773761209,27,0.4485407066052227,0.4073226544622426,0.8352941176470589,PHX
1628960,Grayson Allen,2023,74,27.31081081081081,10.202702702702704,3.175675675675676,2.1486486486486487,0.8243243243243243,0.17567567567567569,0.9594594594594594,2.824324324324324,250,568,153,378,102,113,5.350661794248535,25,0.44014084507042256,0.40476190476190477,0.9026548672566371,PHX
1628960,Grayson Allen,2024,72,33.18055555555556,13.180555555555555,3.9166666666666665,3.013888888888889,0.8888888888888888,0.5694444444444444,1.2222222222222223,2.875,327,651,195,424,100,115,7.279774003783763,32,0.5023041474654378,0.45990566037735847,0.8695652173913043,PHX
1628960,Grayson Allen,2025,60,24.116666666666667,10.266666666666667,3.0,2.216666666666667,0.8833333333333333,0.26666666666666666,1.1666666666666667,-1.2333333333333334,201,450,140,327,74,95,5.754487318066251,23,0.44666666666666666,0.42813455657492355,0.7789473684210526,PHX
1628960,Grayson Allen,2026,44,28.204545454545453,15.204545454545455,2.8181818181818183,3.977272727272727,1.4090909090909092,0.20454545454545456,1.5227272727272727,0.5,227,551,135,373,80,99,5.5847780887168135,28,0.41197822141560797,0.36193029490616624,0.8080808080808081,PHX
1628962,Udoka Azubuike,2022,16,10.4375,4.5625,3.5625,0.0,0.0625,0.5,0.6875,-0.375,34,44,0,0,5,9,4.33541616610601,12,0.7727272727272727,0.0,0.5555555555555556,UTA
1628962,Udoka Azubuike,2023,36,9.916666666666666,3.4722222222222223,3.3055555555555554,0.3055555555555556,0.16666666666666666,0.4166666666666667,0.5,-2.3055555555555554,59,72,0,0,7,20,3.931456372179298,13,0.8194444444444444,0.0,0.35,UTA
1628962,Udoka Azubuike,2024,16,7.0,2.1875,2.0,0.1875,0.0625,0.375,0.25,-3.0,16,23,0,0,3,13,3.6736675589025922,11,0.6956521739130435,0.0,0.23076923076923078,UTA
1628963,Marvin Bagley III,2022,47,23.74468085106383,11.063829787234043,6.957446808510638,0.723404255319149,0.425531914893617,0.3829787234042553,0.7872340425531915,-2.8085106382978724,218,431,21,92,63,91,6.169364195692571,27,0.505800464037123,0.22826086956521738,0.6923076923076923,DET
1628963,Marvin Bagley III,2023,37,23.243243243243242,11.35135135135135,5.648648648648648,0.8378378378378378,0.40540540540540543,0.5675675675675675,0.972972972972973,-5.162162162162162,172,322,16,55,60,73,6.447291490817485,31,0.5341614906832298,0.2909090909090909,0.821917808219178,DET
1628963,Marvin Bagley III,2024,44,20.727272727272727,11.363636363636363,6.0227272727272725,1.0681818181818181,0.36363636363636365,0.6136363636363636,1.1363636363636365,-2.8181818181818183,209,362,9,23,73,88,5.653115663234102,23,0.5773480662983426,0.391304347826087,0.8295454545454546,DET
1628963,Marvin Bagley III,2025,33,8.666666666666666,4.212121212121212,2.6666666666666665,0.2727272727272727,0.3333333333333333,0.21212121212121213,0.48484848484848486,-0.7272727272727273,57,107,4,19,21,33,5.748682325963793,25,0.5327102803738317,0.21052631578947367,0.6363636363636364,DET
1628963,Marvin Bagley III,2026,52,19.73076923076923,10.096153846153847,5.961538461538462,1.4615384615384615,0.36538461538461536,0.4807692307692308,1.0,-4.115384615384615,222,349,21,46,60,92,5.695748725540367,26,0.6361031518624641,0.45652173913043476,0.6521739130434783,DET
1628964,Mo Bamba,2022,56,24.482142857142858,9.928571428571429,7.482142857142857,0.9285714285714286,0.5714285714285714,1.1428571428571428,0.9642857142857143,-5.357142857142857,217,461,79,212,43,49,5.542750032436779,27,0.47071583514099785,0.37264150943396224,0.8775510204081632,ORL
1628964,Mo Bamba,2023,47,14.404255319148936,5.787234042553192,4.170212765957447,0.9148936170212766,0.2127659574468085,0.6595744680851063,0.5531914893617021,-0.19148936170212766,98,202,43,102,33,50,4.98666120858944,18,0.48514851485148514,0.4215686274509804,0.66,ORL
1628964,Mo Bamba,2024,49,12.020408163265307,4.224489795918367,4.020408163265306,0.5918367346938775,0.32653061224489793,0.6938775510204082,0.6530612244897959,-0.9591836734693877,79,155,20,48,29,41,4.016970801707264,18,0.5096774193548387,0.4166666666666667,0.7073170731707317,ORL
1628964,Mo Bamba,2025,29,12.96551724137931,4.206896551724138,4.655172413793103,0.5862068965517241,0.2413793103448276,0.6896551724137931,0.5517241379310345,-2.586206896551724,47,103,11,49,17,25,3.244548288446192,12,0.4563106796116505,0.22448979591836735,0.68,ORL
1628966,Keita Bates-Diop,2022,60,16.066666666666666,5.583333333333333,3.85,0.7,0.45,0.23333333333333334,0.75,-0.05,136,263,17,55,46,61,5.403362627440047,30,0.5171102661596958,0.3090909090909091,0.7540983606557377,SAS
1628966,Keita Bates-Diop,2023,63,21.523809523809526,9.46031746031746,3.6825396825396823,1.4285714285714286,0.6984126984126984,0.25396825396825395,0.8412698412698413,-4.111111111111111,222,437,54,135,98,127,5.444219772368812,22,0.5080091533180778,0.4,0.7716535433070866,SAS
1628966,Keita Bates-Diop,2024,51,12.137254901960784,3.588235294117647,2.0,0.6862745098039216,0.43137254901960786,0.3137254901960784,0.29411764705882354,-1.6274509803921569,68,158,19,65,28,37,3.2383728666614986,13,0.43037974683544306,0.2923076923076923,0.7567567567567568,SAS
1628969,Mikal Bridges,2022,89,34.80898876404494,13.539325842696629,4.247191011235955,2.359550561797753,1.1685393258426966,0.449438202247191,0.8426966292134831,5.764044943820225,479,918,119,322,128,150,5.8174037081832015,26,0.5217864923747276,0.3695652173913043,0.8533333333333334,NYK
1628969,Mikal Bridges,2023,57,35.68421052631579,17.771929824561404,4.315789473684211,2.9649122807017543,1.0701754385964912,0.5789473684210527,1.5087719298245614,0.0,385,832,112,279,131,152,7.878582051222454,42,0.46274038461538464,0.4014336917562724,0.8618421052631579,NYK
1628969,Mikal Bridges,2024,68,34.30882352941177,18.264705882352942,4.294117647058823,3.661764705882353,1.0,0.3382352941176471,1.8529411764705883,-2.3676470588235294,452,1046,198,520,140,178,7.131217155658557,38,0.4321223709369025,0.38076923076923075,0.7865168539325843,NYK
1628969,Mikal Bridges,2025,97,37.83505154639175,17.38144329896907,3.422680412371134,3.5876288659793816,1.0515463917525774,0.6082474226804123,1.7010309278350515,2.9072164948453607,699,1423,192,542,96,120,6.927366170620381,41,0.49121574139142654,0.35424354243542433,0.8,NYK
1628969,Mikal Bridges,2026,96,33.125,14.375,3.78125,3.53125,1.2604166666666667,0.6041666666666666,0.9895833333333334,4.770833333333333,556,1105,173,466,95,112,6.226006576830517,35,0.5031674208144796,0.37124463519313305,0.8482142857142857,NYK
1628970,Miles Bridges,2022,65,34.69230769230769,19.26153846153846,6.892307692307693,3.6923076923076925,0.8769230769230769,0.6923076923076923,1.9076923076923078,1.676923076923077,480,975,123,372,169,218,7.317096681481927,38,0.49230769230769234,0.33064516129032256,0.7752293577981652,CHA
1628970,Miles Bridges,2024,64,37.265625,20.671875,7.078125,3.375,0.90625,0.390625,2.03125,-9.890625,517,1118,141,405,148,183,7.010320481544923,45,0.462432915921288,0.34814814814814815,0.8087431693989071,CHA
1628970,Miles Bridges,2025,49,31.06122448979592,18.142857142857142,7.36734693877551,4.1020408163265305,0.4897959183673469,0.5102040816326531,2.122448979591837,-3.122448979591837,340,804,94,323,115,141,6.399869790342093,31,0.4228855721393035,0.29102167182662536,0.8156028368794326,CHA
1628970,Miles Bridges,2026,71,30.549295774647888,16.661971830985916,5.746478873239437,3.112676056338028,0.6056338028169014,0.4084507042253521,1.4507042253521127,1.4929577464788732,441,943,141,409,160,200,6.794837666455385,34,0.4676564156945917,0.34474327628361856,0.8,CHA
1628971,Bruce Brown,2022,70,24.52857142857143,8.585714285714285,4.685714285714286,1.9428571428571428,1.0714285714285714,0.4857142857142857,0.8571428571428571,-1.3857142857142857,241,486,34,95,85,114,6.134938803287513,26,0.49588477366255146,0.35789473684210527,0.7456140350877193,DEN
1628971,Bruce Brown,2023,92,28.0,11.184782608695652,4.076086956521739,3.0543478260869565,1.0978260869565217,0.5652173913043478,1.4130434782608696,1.7065217391304348,408,839,101,285,112,150,4.498911584675475,21,0.4862932061978546,0.3543859649122807,0.7466666666666667,DEN
1628971,Bruce Brown,2024,65,27.8,10.784615384615385,4.246153846153846,2.830769230769231,0.8615384615384616,0.26153846153846155,1.2461538461538462,-3.5846153846153848,272,566,52,160,105,129,5.372069863226334,30,0.48056537102473496,0.325,0.813953488372093,DEN
1628971,Bruce Brown,2025,40,22.225,8.425,3.8,2.05,0.825,0.175,0.95,-5.825,129,301,27,79,52,63,5.737360690448849,19,0.42857142857142855,0.34177215189873417,0.8253968253968254,DEN
1628971,Bruce Brown,2026,88,23.988636363636363,7.806818181818182,3.7954545454545454,2.090909090909091,1.0795454545454546,0.22727272727272727,1.1363636363636365,-1.1590909090909092,263,556,60,159,101,135,4.502510039546537,19,0.47302158273381295,0.37735849056603776,0.7481481481481481,DEN
1628972,Troy Brown Jr.,2022,69,15.826086956521738,4.27536231884058,3.0579710144927534,1.0,0.5507246376811594,0.07246376811594203,0.42028985507246375,-0.6521739130434783,113,275,49,144,20,26,3.6777712959114033,17,0.4109090909090909,0.3402777777777778,0.7692307692307693,LAL
1628972,Troy Brown Jr.,2023,88,22.477272727272727,6.25,3.7045454545454546,1.2159090909090908,0.7159090909090909,0.19318181818181818,0.5681818181818182,-0.3181818181818182,207,491,108,296,28,33,4.58445649770072,19,0.4215885947046843,0.36486486486486486,0.8484848484848485,LAL
1628972,Troy Brown Jr.,2024,59,14.016949152542374,4.186440677966102,2.440677966101695,1.0169491525423728,0.4067796610169492,0.05084745762711865,0.5084745762711864,-2.152542372881356,84,226,47,141,32,37,4.25268505961208,20,0.37168141592920356,0.3333333333333333,0.8648648648648649,LAL
1628973,Jalen Brunson,2022,86,32.2906976744186,16.41860465116279,4.034883720930233,4.627906976744186,0.7790697674418605,0.03488372093023256,1.5348837209302326,1.5930232558139534,564,1130,109,283,175,216,6.186256334962241,41,0.49911504424778763,0.38515901060070673,0.8101851851851852,NYK
1628973,Jalen Brunson,2023,49,34.3469387755102,22.06122448979592,3.4693877551020407,6.3061224489795915,1.0,0.16326530612244897,2.3469387755102042,2.326530612244898,419,853,91,231,152,186,7.165915163889007,39,0.4912075029308324,0.3939393939393939,0.8172043010752689,NYK
1628973,Jalen Brunson,2024,42,33.666666666666664,24.214285714285715,3.261904761904762,6.380952380952381,0.9523809523809523,0.14285714285714285,2.238095238095238,8.047619047619047,390,817,115,273,122,159,8.583977457423046,42,0.4773561811505508,0.42124542124542125,0.7672955974842768,NYK
1628973,Jalen Brunson,2025,39,34.282051282051285,22.435897435897434,2.948717948717949,7.435897435897436,0.717948717948718,0.20512820512820512,2.41025641025641,5.051282051282051,330,706,102,260,113,147,6.556615268465694,36,0.46742209631728043,0.3923076923076923,0.7687074829931972,NYK
1628973,Jalen Brunson,2026,56,34.25,22.964285714285715,3.232142857142857,6.732142857142857,0.75,0.10714285714285714,2.482142857142857,6.678571428571429,486,1088,145,400,169,209,7.350854707791805,37,0.44669117647058826,0.3625,0.8086124401913876,NYK
1628975,Jevon Carter,2022,76,13.539473684210526,3.9473684210526314,1.644736842105263,1.394736842105263,0.42105263157894735,0.18421052631578946,0.5263157894736842,0.15789473684210525,107,272,69,177,17,20,4.480758081224217,21,0.39338235294117646,0.3898305084745763,0.85,CHI
1628975,Jevon Carter,2023,83,22.072289156626507,7.879518072289157,2.4457831325301207,2.36144578313253,0.7831325301204819,0.3132530120481928,0.9397590361445783,0.8554216867469879,240,570,143,344,31,38,6.971015935969983,36,0.42105263157894735,0.41569767441860467,0.8157894736842105,CHI
1628975,Jevon Carter,2024,74,13.621621621621621,4.851351351351352,0.8243243243243243,1.2837837837837838,0.5,0.21621621621621623,0.4864864864864865,0.3108108108108108,139,366,77,234,4,7,4.6366096270621355,20,0.3797814207650273,0.32905982905982906,0.5714285714285714,CHI
1628975,Jevon Carter,2025,36,8.916666666666666,4.25,1.0833333333333333,1.1111111111111112,0.3611111111111111,0.08333333333333333,0.3055555555555556,1.0277777777777777,55,146,35,105,8,10,5.3632346316645245,26,0.3767123287671233,0.3333333333333333,0.8,CHI
1628975,Jevon Carter,2026,57,15.543859649122806,5.982456140350878,1.5964912280701755,1.5614035087719298,0.7192982456140351,0.17543859649122806,0.631578947368421,-1.280701754385965,124,311,78,217,15,19,5.062083238824899,15,0.3987138263665595,0.35944700460829493,0.7894736842105263,CHI
1628976,Wendell Carter Jr.,2022,54,30.074074074074073,14.555555555555555,10.648148148148149,2.8333333333333335,0.5925925925925926,0.4444444444444444,1.9444444444444444,-3.0555555555555554,307,594,58,186,114,165,5.900644885340337,30,0.5168350168350169,0.3118279569892473,0.6909090909090909,ORL
1628976,Wendell Carter Jr.,2023,50,29.62,14.8,8.76,2.36,0.56,0.5,1.92,0.08,283,534,69,196,105,145,5.31843156256751,27,0.5299625468164794,0.3520408163265306,0.7241379310344828,ORL
1628976,Wendell Carter Jr.,2024,58,25.43103448275862,10.189655172413794,6.724137931034483,1.6724137931034482,0.6551724137931034,0.46551724137931033,1.1896551724137931,0.5689655172413793,222,439,67,186,80,121,4.832118044014298,22,0.5056947608200456,0.3602150537634409,0.6611570247933884,ORL
1628976,Wendell Carter Jr.,2025,69,25.971014492753625,8.985507246376812,7.333333333333333,1.8405797101449275,0.6811594202898551,0.5797101449275363,1.1159420289855073,-0.463768115942029,237,506,38,158,108,150,4.62249217739671,19,0.4683794466403162,0.24050632911392406,0.72,ORL
1628976,Wendell Carter Jr.,2026,75,29.36,11.2,7.346666666666667,1.96,0.7066666666666667,0.68,1.16,0.3466666666666667,307,598,65,212,161,208,5.304256322533361,26,0.5133779264214047,0.30660377358490565,0.7740384615384616,ORL
1628977,Hamidou Diallo,2022,55,21.527272727272727,10.581818181818182,4.654545454545454,1.2545454545454546,1.1636363636363636,0.2727272727272727,0.9818181818181818,-3.6,244,485,23,88,71,115,6.063524549824959,31,0.5030927835051546,0.26136363636363635,0.6173913043478261,DET
1628977,Hamidou Diallo,2023,56,17.785714285714285,9.321428571428571,3.4642857142857144,0.9821428571428571,0.9464285714285714,0.2857142857142857,1.2678571428571428,-0.2857142857142857,215,375,5,21,87,148,5.180758606638582,23,0.5733333333333334,0.23809523809523808,0.5878378378378378,DET
1628978,Donte DiVincenzo,2022,41,23.829268292682926,8.804878048780488,3.926829268292683,2.658536585365854,1.0975609756097562,0.14634146341463414,1.7073170731707317,-2.1951219512195124,113,326,71,212,64,77,5.031001451973165,20,0.34662576687116564,0.33490566037735847,0.8311688311688312,MIN
1628978,Donte DiVincenzo,2023,85,25.03529411764706,8.811764705882354,4.2823529411764705,3.388235294117647,1.2705882352941176,0.15294117647058825,1.5176470588235293,1.011764705882353,259,604,165,422,66,83,6.120796162123299,22,0.4288079470198676,0.3909952606635071,0.7951807228915663,MIN
1628978,Donte DiVincenzo,2024,92,29.77173913043478,15.521739130434783,3.7065217391304346,2.630434782608696,1.2934782608695652,0.4891304347826087,1.3478260869565217,1.3043478260869565,506,1156,314,787,102,132,9.00729650609891,40,0.43771626297577854,0.39898348157560354,0.7727272727272727,MIN
1628978,Donte DiVincenzo,2025,76,25.68421052631579,11.092105263157896,3.539473684210526,3.5657894736842106,1.2236842105263157,0.23684210526315788,1.6578947368421053,1.4078947368421053,292,706,200,518,59,76,6.000394723858196,28,0.41359773371104813,0.3861003861003861,0.7763157894736842,MIN
1628978,Donte DiVincenzo,2026,85,30.141176470588235,12.094117647058823,4.08235294117647,3.776470588235294,1.2941176470588236,0.36470588235294116,1.388235294117647,4.352941176470588,350,857,250,658,78,107,5.776849383142874,25,0.40840140023337224,0.3799392097264438,0.7289719626168224,MIN
1628981,Bruno Fernando,2022,29,4.689655172413793,2.6206896551724137,1.6551724137931034,0.20689655172413793,0.0,0.27586206896551724,0.41379310344827586,-0.5517241379310345,30,46,1,2,15,20,4.515163286902165,17,0.6521739130434783,0.5,0.75,ATL
1628981,Bruno Fernando,2023,37,10.432432432432432,3.891891891891892,3.5405405405405403,0.8378378378378378,0.16216216216216217,0.7027027027027027,0.6756756756756757,-1.7027027027027026,57,108,0,4,30,44,3.9636107541243515,19,0.5277777777777778,0.0,0.6818181818181818,ATL
1628981,Bruno Fernando,2024,42,14.619047619047619,5.976190476190476,4.095238095238095,1.0238095238095237,0.5238095238095238,0.4523809523809524,0.9761904761904762,-1.7619047619047619,98,171,0,4,55,80,5.04848731383529,25,0.5730994152046783,0.0,0.6875,ATL
1628981,Bruno Fernando,2025,17,8.529411764705882,3.411764705882353,3.0,1.0588235294117647,0.23529411764705882,0.5294117647058824,0.8235294117647058,-1.2941176470588236,26,49,0,0,6,8,2.7399549159021706,9,0.5306122448979592,0.0,0.75,ATL
1628983,Shai Gilgeous-Alexander,2022,29,33.0,19.517241379310345,4.275862068965517,5.0344827586206895,1.1379310344827587,0.5172413793103449,2.6206896551724137,-8.344827586206897,218,510,45,156,85,114,8.205488971480234,33,0.42745098039215684,0.28846153846153844,0.7456140350877193,OKC
1628983,Shai Gilgeous-Alexander,2024,27,34.22222222222222,26.185185185185187,4.962962962962963,6.111111111111111,1.6666666666666667,0.7407407407407407,2.185185185185185,4.962962962962963,277,527,46,116,107,132,7.706326257527928,40,0.5256166982922201,0.39655172413793105,0.8106060606060606,OKC
1628983,Shai Gilgeous-Alexander,2025,23,33.08695652173913,27.608695652173914,5.434782608695652,6.173913043478261,1.9130434782608696,0.4782608695652174,2.4782608695652173,11.478260869565217,256,500,48,144,75,83,6.692866829928865,40,0.512,0.3333333333333333,0.9036144578313253,OKC
1628983,Shai Gilgeous-Alexander,2026,22,30.818181818181817,25.954545454545453,3.727272727272727,7.0,1.3636363636363635,0.6818181818181818,2.5454545454545454,11.454545454545455,231,407,32,90,77,88,5.785674202202021,35,0.5675675675675675,0.35555555555555557,0.875,OKC
1628984,Devonte' Graham,2022,80,26.3,10.675,2.175,3.8,0.85,0.15,1.2625,0.175,284,787,189,550,97,116,6.257704112491551,28,0.36086404066073696,0.34363636363636363,0.8362068965517241,NOP
1628984,Devonte' Graham,2023,70,17.82857142857143,6.642857142857143,1.6142857142857143,2.5714285714285716,0.6285714285714286,0.22857142857142856,0.7,-2.3,141,387,105,307,78,110,5.283377582091616,21,0.3643410852713178,0.34201954397394135,0.7090909090909091,NOP
1628984,Devonte' Graham,2024,23,13.652173913043478,4.956521739130435,1.565217391304348,2.130434782608696,0.391304347826087,0.08695652173913043,0.7391304347826086,1.0,38,108,25,83,13,16,5.049556784056896,20,0.35185185185185186,0.30120481927710846,0.8125,NOP
1628988,Aaron Holiday,2022,67,14.985074626865671,5.880597014925373,1.7164179104477613,2.253731343283582,0.6567164179104478,0.14925373134328357,0.9701492537313433,-0.7164179104477612,153,337,41,104,47,56,4.353759740798407,18,0.4540059347181009,0.3942307692307692,0.8392857142857143,HOU
1628988,Aaron Holiday,2023,64,13.28125,3.859375,1.15625,1.40625,0.578125,0.1875,0.578125,0.21875,92,220,36,88,27,32,3.527070764048147,15,0.41818181818181815,0.4090909090909091,0.84375,HOU
1628988,Aaron Holiday,2024,76,15.986842105263158,6.4605263157894735,1.5394736842105263,1.763157894736842,0.5263157894736842,0.07894736842105263,0.6973684210526315,0.7894736842105263,182,407,81,213,46,51,5.475864107088328,22,0.44717444717444715,0.38028169014084506,0.9019607843137255,HOU
1628988,Aaron Holiday,2025,65,12.615384615384615,5.415384615384616,1.2307692307692308,1.323076923076923,0.2923076923076923,0.16923076923076924,0.5846153846153846,1.123076923076923,121,278,74,186,36,45,5.12924308406071,25,0.4352517985611511,0.3978494623655914,0.8,HOU
1628988,Aaron Holiday,2026,63,13.444444444444445,5.2063492063492065,0.9523809523809523,1.0,0.4603174603174603,0.09523809523809523,0.6507936507936508,2.0634920634920637,111,274,71,185,35,41,5.032663407467488,22,0.4051094890510949,0.3837837837837838,0.8536585365853658,HOU
1628989,Kevin Huerter,2022,81,29.666666666666668,11.901234567901234,3.4074074074074074,2.814814814814815,0.7777777777777778,0.35802469135802467,1.271604938271605,1.4691358024691359,373,827,173,449,45,56,6.408207507313581,28,0.45102781136638453,0.38530066815144765,0.8035714285714286,SAC
1628989,Kevin Huerter,2023,80,29.05,14.65,3.4875,2.8125,1.0,0.3625,1.225,2.7625,435,917,207,535,95,130,6.812312011109654,30,0.4743729552889858,0.38691588785046727,0.7307692307692307,SAC
1628989,Kevin Huerter,2024,64,24.453125,10.234375,3.5,2.59375,0.703125,0.359375,0.828125,1.171875,248,560,123,341,36,47,7.22592815480563,31,0.44285714285714284,0.36070381231671556,0.7659574468085106,SAC
1628989,Kevin Huerter,2025,69,24.318840579710145,9.753623188405797,2.971014492753623,2.217391304347826,0.9855072463768116,0.30434782608695654,0.9855072463768116,1.1304347826086956,253,599,129,386,38,52,6.580733458811789,26,0.42237061769616024,0.33419689119170987,0.7307692307692307,SAC
1628989,Kevin Huerter,2026,74,21.554054054054053,9.445945945945946,3.310810810810811,2.5,0.8783783783783784,0.44594594594594594,1.0,1.2162162162162162,271,603,102,330,55,71,5.854729716377405,23,0.4494195688225539,0.3090909090909091,0.7746478873239436,SAC
1628991,Jaren Jackson Jr.,2022,48,26.145833333333332,14.520833333333334,5.375,0.9791666666666666,1.0625,1.4375,1.5625,3.2083333333333335,247,611,88,271,115,147,5.683082709059774,27,0.40425531914893614,0.3247232472324723,0.782312925170068,MEM
1628991,Jaren Jackson Jr.,2023,16,25.9375,16.375,6.4375,1.25,0.9375,1.125,1.8125,2.75,99,202,28,65,36,43,8.253282175393416,31,0.4900990099009901,0.4307692307692308,0.8372093023255814,MEM
1628991,Jaren Jackson Jr.,2024,29,30.896551724137932,21.620689655172413,4.655172413793103,2.6551724137931036,1.2758620689655173,0.8275862068965517,2.6206896551724137,-5.482758620689655,245,506,57,155,80,107,9.205641876834664,41,0.4841897233201581,0.36774193548387096,0.7476635514018691,MEM
1628991,Jaren Jackson Jr.,2025,41,29.926829268292682,19.26829268292683,5.0,1.8780487804878048,1.1219512195121952,1.024390243902439,1.9268292682926829,-2.5121951219512195,302,628,80,200,106,133,6.723185220726491,33,0.48089171974522293,0.4,0.7969924812030075,MEM
1628991,Jaren Jackson Jr.,2026,31,30.032258064516128,18.225806451612904,4.838709677419355,1.967741935483871,1.1935483870967742,0.6774193548387096,2.161290322580645,-4.064516129032258,225,458,52,153,63,88,5.277055223129371,30,0.4912663755458515,0.33986928104575165,0.7159090909090909,MEM
1628993,Alize Johnson,2022,22,7.590909090909091,1.8636363636363635,2.772727272727273,0.4090909090909091,0.22727272727272727,0.0,0.5454545454545454,-2.0454545454545454,17,39,0,4,7,12,2.850153789425515,9,0.4358974358974359,0.0,0.5833333333333334,CHI
1628995,Kevin Knox II,2022,33,7.0606060606060606,3.484848484848485,1.4242424242424243,0.3333333333333333,0.18181818181818182,0.06060606060606061,0.30303030303030304,-1.8484848484848484,38,96,21,64,18,24,4.8549022397547565,18,0.3958333333333333,0.328125,0.75,DET
1628995,Kevin Knox II,2023,62,15.03225806451613,6.419354838709677,2.838709677419355,0.5161290322580645,0.3870967741935484,0.16129032258064516,0.8064516129032258,-3.4838709677419355,148,326,62,181,40,54,6.492235935777126,30,0.4539877300613497,0.3425414364640884,0.7407407407407407,DET
1628995,Kevin Knox II,2024,31,18.096774193548388,7.193548387096774,2.4193548387096775,0.7419354838709677,0.41935483870967744,0.22580645161290322,0.7096774193548387,-2.7419354838709675,86,186,31,94,20,22,5.952138858364051,19,0.46236559139784944,0.32978723404255317,0.9090909090909091,DET
1628995,Kevin Knox II,2025,19,6.421052631578948,3.526315789473684,1.263157894736842,0.47368421052631576,0.10526315789473684,0.2631578947368421,0.3157894736842105,1.4736842105263157,26,56,5,21,10,13,4.181552357314095,14,0.4642857142857143,0.23809523809523808,0.7692307692307693,DET
1628997,Caleb Martin,2022,74,20.56756756756757,8.067567567567568,3.4594594594594597,0.9054054054054054,0.9054054054054054,0.3783783783783784,0.8243243243243243,1.527027027027027,230,472,71,180,66,92,5.906418800196722,28,0.4872881355932203,0.39444444444444443,0.717391304347826,MIA
1628997,Caleb Martin,2023,94,29.53191489361702,10.02127659574468,5.0,1.6170212765957446,0.9574468085106383,0.3829787234042553,1.1063829787234043,1.1595744680851063,354,742,125,337,109,136,5.651108414264313,26,0.477088948787062,0.37091988130563797,0.8014705882352942,MIA
1628997,Caleb Martin,2024,69,27.869565217391305,9.782608695652174,4.333333333333333,2.1159420289855073,0.7101449275362319,0.4057971014492754,1.144927536231884,0.057971014492753624,256,597,90,254,73,94,5.700540648295076,24,0.4288107202680067,0.3543307086614173,0.776595744680851,MIA
1628997,Caleb Martin,2025,42,25.738095238095237,7.428571428571429,3.857142857142857,1.9761904761904763,1.0,0.38095238095238093,1.1904761904761905,-3.0714285714285716,117,275,36,93,42,68,5.437641423528319,23,0.4254545454545455,0.3870967741935484,0.6176470588235294,MIA
1628997,Caleb Martin,2026,57,14.614035087719298,3.824561403508772,2.491228070175439,1.4210526315789473,0.7017543859649122,0.24561403508771928,0.6842105263157895,-2.9298245614035086,82,182,20,55,34,53,4.590840286520634,18,0.45054945054945056,0.36363636363636365,0.6415094339622641,MIA
1628998,Cody Martin,2022,70,25.942857142857143,7.357142857142857,4.014285714285714,2.4285714285714284,1.2,0.4142857142857143,0.8285714285714286,-1.042857142857143,195,411,58,154,67,100,4.53340488312797,21,0.4744525547445255,0.37662337662337664,0.67,CHA
1628998,Cody Martin,2024,27,26.85185185185185,7.666666666666667,3.814814814814815,3.740740740740741,1.1481481481481481,0.5185185185185185,1.5555555555555556,-5.407407407407407,80,208,27,83,20,33,4.019184762342502,19,0.38461538461538464,0.3253012048192771,0.6060606060606061,CHA
1628998,Cody Martin,2025,52,22.076923076923077,6.788461538461538,4.1923076923076925,1.9807692307692308,1.0384615384615385,0.5576923076923077,0.9615384615384616,-1.9807692307692308,134,317,43,148,42,59,4.5561272618247495,25,0.4227129337539432,0.2905405405405405,0.711864406779661,CHA
1629001,De'Anthony Melton,2022,78,21.666666666666668,10.166666666666666,4.205128205128205,2.5128205128205128,1.3717948717948718,0.4358974358974359,1.4487179487179487,2.9743589743589745,285,710,143,387,80,106,6.095381830015217,24,0.4014084507042254,0.3695090439276486,0.7547169811320755,PHI
1629001,De'Anthony Melton,2023,86,27.430232558139537,9.662790697674419,3.9767441860465116,2.4302325581395348,1.6046511627906976,0.5465116279069767,1.2674418604651163,1.186046511627907,297,714,171,441,66,86,6.148381834206996,33,0.41596638655462187,0.3877551020408163,0.7674418604651163,PHI
1629001,De'Anthony Melton,2024,36,26.02777777777778,9.88888888888889,3.5277777777777777,2.9166666666666665,1.5833333333333333,0.3888888888888889,0.9722222222222222,6.111111111111111,123,328,70,200,40,53,5.917421145724969,22,0.375,0.35,0.7547169811320755,PHI
1629001,De'Anthony Melton,2026,50,23.0,11.94,3.34,2.56,1.56,0.4,1.82,1.4,215,525,71,242,96,116,7.344052154009823,27,0.4095238095238095,0.29338842975206614,0.8275862068965517,PHI
1629002,Chimezie Metu,2022,58,21.051724137931036,8.810344827586206,5.517241379310345,1.0172413793103448,0.8448275862068966,0.43103448275862066,0.9827586206896551,-2.206896551724138,196,430,54,175,65,83,4.616738791830259,22,0.4558139534883721,0.30857142857142855,0.7831325301204819,SAC
1629002,Chimezie Metu,2023,66,10.121212121212121,4.636363636363637,2.787878787878788,0.5757575757575758,0.3333333333333333,0.2727272727272727,0.4696969696969697,1.5909090909090908,123,209,9,38,51,67,3.2752515517548773,11,0.5885167464114832,0.23684210526315788,0.7611940298507462,SAC
1629002,Chimezie Metu,2024,50,16.4,6.3,3.72,0.86,0.84,0.3,1.0,-1.92,118,236,28,92,51,56,5.444525428617002,23,0.5,0.30434782608695654,0.9107142857142857,SAC
1629003,Shake Milton,2022,66,19.757575757575758,7.2727272727272725,2.378787878787879,2.212121212121212,0.48484848484848486,0.2878787878787879,0.7424242424242424,-0.6818181818181818,180,423,50,145,70,86,5.214020903871983,20,0.425531914893617,0.3448275862068966,0.813953488372093,PHI
1629003,Shake Milton,2023,79,18.835443037974684,7.3164556962025316,2.2531645569620253,2.810126582278481,0.2911392405063291,0.1518987341772152,1.1139240506329113,1.1518987341772151,223,475,49,134,83,99,6.159304622333947,27,0.4694736842105263,0.3656716417910448,0.8383838383838383,PHI
1629003,Shake Milton,2024,52,11.634615384615385,4.25,1.4615384615384615,1.1923076923076923,0.38461538461538464,0.11538461538461539,0.5961538461538461,-0.6730769230769231,79,201,18,66,45,55,3.9649197009894306,17,0.39303482587064675,0.2727272727272727,0.8181818181818182,PHI
1629003,Shake Milton,2025,57,13.631578947368421,4.771929824561403,1.719298245614035,1.6491228070175439,0.38596491228070173,0.07017543859649122,0.6491228070175439,-2.3508771929824563,101,234,35,100,35,46,5.401777299647541,20,0.43162393162393164,0.35,0.7608695652173914,PHI
1629004,Svi Mykhailiuk,2022,59,12.254237288135593,4.338983050847458,1.576271186440678,0.7627118644067796,0.4406779661016949,0.06779661016949153,0.5423728813559322,-1.5084745762711864,91,236,41,136,33,38,4.2734552340745084,16,0.3855932203389831,0.3014705882352941,0.868421052631579,UTA
1629004,Svi Mykhailiuk,2023,31,15.129032258064516,7.161290322580645,1.7096774193548387,1.7096774193548387,0.4838709677419355,0.12903225806451613,0.7741935483870968,0.6451612903225806,77,173,42,99,26,39,7.550261691683489,26,0.44508670520231214,0.42424242424242425,0.6666666666666666,UTA
1629004,Svi Mykhailiuk,2024,49,9.10204081632653,3.4693877551020407,1.1428571428571428,0.7346938775510204,0.24489795918367346,0.02040816326530612,0.2857142857142857,2.857142857142857,60,149,44,117,6,9,4.378460730364832,26,0.40268456375838924,0.37606837606837606,0.6666666666666666,UTA
1629004,Svi Mykhailiuk,2025,37,20.513513513513512,9.027027027027026,2.4324324324324325,2.054054054054054,0.5135135135135135,0.1891891891891892,1.4054054054054055,-2.864864864864865,118,302,70,203,28,35,6.162099599282006,27,0.39072847682119205,0.3448275862068966,0.8,UTA
1629004,Svi Mykhailiuk,2026,50,23.08,9.38,2.48,1.86,0.52,0.06,0.84,-1.54,173,362,98,240,25,28,5.583832346468632,28,0.47790055248618785,0.4083333333333333,0.8928571428571429,UTA
1629006,Josh Okogie,2022,49,10.448979591836734,2.7142857142857144,1.4285714285714286,0.5102040816326531,0.5306122448979592,0.24489795918367346,0.46938775510204084,0.8367346938775511,42,104,14,47,35,51,3.29772648956823,13,0.40384615384615385,0.2978723404255319,0.6862745098039216,PHX
1629006,Josh Okogie,2023,74,17.472972972972972,5.878378378378378,3.0,1.337837837837838,0.7297297297297297,0.35135135135135137,0.7432432432432432,0.2972972972972973,144,373,54,173,93,137,5.647044814993043,25,0.38605898123324395,0.31213872832369943,0.6788321167883211,PHX
1629006,Josh Okogie,2024,61,15.147540983606557,4.360655737704918,2.4098360655737703,0.9672131147540983,0.7704918032786885,0.3442622950819672,0.6065573770491803,0.22950819672131148,89,206,30,94,58,86,4.227027272545272,17,0.4320388349514563,0.3191489361702128,0.6744186046511628,PHX
1629006,Josh Okogie,2025,36,14.88888888888889,6.611111111111111,2.5833333333333335,0.75,1.1388888888888888,0.4444444444444444,0.6666666666666666,-0.7222222222222222,85,185,30,82,38,53,5.282195310814179,25,0.4594594594594595,0.36585365853658536,0.7169811320754716,PHX
1629006,Josh Okogie,2026,84,17.428571428571427,4.5476190476190474,2.5476190476190474,0.8809523809523809,0.8333333333333334,0.19047619047619047,0.5238095238095238,0.7738095238095238,136,319,67,174,43,71,4.252298490879543,16,0.4263322884012539,0.3850574712643678,0.6056338028169014,PHX
1629007,Jontay Porter,2024,24,14.083333333333334,4.375,3.1666666666666665,2.25,0.7916666666666666,0.6666666666666666,0.875,-3.2916666666666665,37,98,18,55,13,14,4.499396094743305,14,0.37755102040816324,0.32727272727272727,0.9285714285714286,TOR
1629008,Michael Porter Jr.,2023,78,29.846153846153847,16.21794871794872,6.153846153846154,1.1666666666666667,0.5769230769230769,0.4230769230769231,0.9102564102564102,7.205128205128205,470,995,225,554,100,127,6.640386931101124,31,0.4723618090452261,0.40613718411552346,0.7874015748031497,DEN
1629008,Michael Porter Jr.,2024,91,32.362637362637365,16.63736263736264,6.945054945054945,1.4395604395604396,0.5824175824175825,0.6153846153846154,1.1758241758241759,4.857142857142857,578,1198,248,619,110,134,6.996056799713018,34,0.48247078464106846,0.40064620355411956,0.8208955223880597,DEN
1629008,Michael Porter Jr.,2025,89,33.157303370786515,16.60674157303371,6.775280898876405,1.8876404494382022,0.6629213483146067,0.449438202247191,1.2584269662921348,2.168539325842697,559,1141,209,543,151,199,7.033391102332193,39,0.4899211218229623,0.3848987108655617,0.7587939698492462,DEN
1629008,Michael Porter Jr.,2026,41,31.78048780487805,23.29268292682927,6.7073170731707314,2.8536585365853657,1.1219512195121952,0.1951219512195122,2.2195121951219514,-5.463414634146342,351,758,146,384,107,128,8.109389318681846,38,0.4630606860158311,0.3802083333333333,0.8359375,DEN
1629010,Jerome Robinson,2024,22,3.727272727272727,1.4090909090909092,0.2727272727272727,0.22727272727272727,0.045454545454545456,0.13636363636363635,0.09090909090909091,1.2272727272727273,11,33,2,17,7,11,2.64861313051784,10,0.3333333333333333,0.11764705882352941,0.6363636363636364,GSW
1629011,Mitchell Robinson,2022,46,24.26086956521739,7.565217391304348,7.934782608695652,0.4782608695652174,0.5434782608695652,0.7608695652173914,0.6956521739130435,-3.369565217391304,150,205,0,0,48,102,3.930802428190534,19,0.7317073170731707,0.0,0.47058823529411764,NYK
1629011,Mitchell Robinson,2023,50,26.12,6.56,8.66,0.88,0.9,1.12,0.72,1.42,143,216,0,0,42,90,4.131313967981715,15,0.6620370370370371,0.0,0.4666666666666667,NYK
1629011,Mitchell Robinson,2024,30,22.366666666666667,4.766666666666667,7.5,0.6,1.2,0.6,0.6333333333333333,-0.36666666666666664,64,108,0,0,15,50,3.549485959221792,13,0.5925925925925926,0.0,0.3,NYK
1629011,Mitchell Robinson,2025,31,18.35483870967742,4.774193548387097,6.161290322580645,0.6129032258064516,1.0,0.9032258064516129,0.6774193548387096,0.7419354838709677,64,97,0,0,20,43,3.8618620501804117,14,0.6597938144329897,0.0,0.46511627906976744,NYK
1629011,Mitchell Robinson,2026,67,18.19402985074627,5.1940298507462686,7.82089552238806,0.7014925373134329,0.7611940298507462,0.8507462686567164,0.6268656716417911,2.1044776119402986,157,219,0,0,34,105,3.7019192645869086,17,0.7168949771689498,0.0,0.3238095238095238,NYK
1629012,Collin Sexton,2023,38,22.94736842105263,13.31578947368421,2.026315789473684,2.6842105263157894,0.5789473684210527,0.10526315789473684,1.7894736842105263,-0.7368421052631579,186,370,39,97,95,120,5.0730089325918275,21,0.5027027027027027,0.4020618556701031,0.7916666666666666,UTA
1629012,Collin Sexton,2024,59,25.728813559322035,17.45762711864407,2.559322033898305,4.745762711864407,0.7627118644067796,0.2542372881355932,2.0847457627118646,-2.76271186440678,382,780,96,249,170,201,6.387817159676597,30,0.4897435897435897,0.3855421686746988,0.845771144278607,UTA
1629012,Collin Sexton,2025,46,27.456521739130434,17.282608695652176,2.5869565217391304,4.217391304347826,0.5869565217391305,0.06521739130434782,2.4347826086956523,-4.521739130434782,305,637,85,202,100,118,5.909175702915145,30,0.478806907378336,0.4207920792079208,0.847457627118644,UTA
1629012,Collin Sexton,2026,58,23.413793103448278,14.741379310344827,2.2758620689655173,3.3275862068965516,1.0689655172413792,0.15517241379310345,2.1379310344827585,-2.5517241379310347,305,630,96,242,149,171,5.536356217711157,28,0.48412698412698413,0.39669421487603307,0.8713450292397661,UTA
1629013,Landry Shamet,2022,79,20.0126582278481,7.632911392405063,1.8101265822784811,1.4556962025316456,0.43037974683544306,0.10126582278481013,0.5949367088607594,1.3924050632911393,206,518,130,353,61,74,5.611748699505975,27,0.39768339768339767,0.36827195467422097,0.8243243243243243,NYK
1629013,Landry Shamet,2023,50,19.82,7.88,1.68,2.08,0.56,0.12,0.8,0.24,130,345,86,228,48,55,6.8739080765528096,31,0.37681159420289856,0.37719298245614036,0.8727272727272727,NYK
1629013,Landry Shamet,2024,44,15.886363636363637,6.886363636363637,1.3409090909090908,1.1590909090909092,0.5227272727272727,0.18181818181818182,0.6136363636363636,-3.3636363636363638,114,264,51,152,24,31,4.842716463764359,16,0.4318181818181818,0.3355263157894737,0.7741935483870968,NYK
1629013,Landry Shamet,2025,61,13.836065573770492,5.114754098360656,1.0655737704918034,0.5737704918032787,0.39344262295081966,0.03278688524590164,0.4262295081967213,1.6557377049180328,115,250,69,171,13,22,5.456184138680737,29,0.46,0.40350877192982454,0.5909090909090909,NYK
1629013,Landry Shamet,2026,69,20.956521739130434,8.014492753623188,1.608695652173913,1.2028985507246377,0.5072463768115942,0.15942028985507245,0.5362318840579711,3.2028985507246377,186,431,126,312,55,79,5.5611381442565815,23,0.43155452436194897,0.40384615384615385,0.6962025316455697,NYK
1629014,Anfernee Simons,2022,54,29.12962962962963,16.35185185185185,2.6296296296296298,3.8518518518518516,0.5555555555555556,0.1111111111111111,1.962962962962963,-1.3888888888888888,322,737,157,402,82,95,8.369209983697562,31,0.4369063772048847,0.39054726368159204,0.8631578947368421,POR
1629014,Anfernee Simons,2023,55,34.56363636363636,20.163636363636364,2.618181818181818,3.981818181818182,0.7090909090909091,0.18181818181818182,2.0,-2.0545454545454547,407,915,184,489,111,125,7.405612577167242,37,0.4448087431693989,0.37627811860940696,0.888,POR
1629014,Anfernee Simons,2024,36,33.22222222222222,20.27777777777778,3.4444444444444446,5.055555555555555,0.5277777777777778,0.1111111111111111,2.6666666666666665,-9.805555555555555,263,623,115,301,89,100,9.655823146418985,41,0.42215088282504015,0.38205980066445183,0.89,POR
1629014,Anfernee Simons,2025,63,32.41269841269841,18.88888888888889,2.6984126984126986,4.825396825396825,0.8412698412698413,0.06349206349206349,2.0952380952380953,-4.031746031746032,437,1016,194,535,122,138,8.625003246583983,36,0.4301181102362205,0.36261682242990656,0.8840579710144928,POR
1629014,Anfernee Simons,2026,54,24.75925925925926,13.814814814814815,2.425925925925926,2.4074074074074074,0.48148148148148145,0.14814814814814814,1.2222222222222223,1.4814814814814814,272,620,139,363,63,71,6.3545380428985005,27,0.43870967741935485,0.38292011019283745,0.8873239436619719,POR
1629018,Gary Trent Jr.,2022,69,34.492753623188406,16.956521739130434,2.63768115942029,1.855072463768116,1.7391304347826086,0.2608695652173913,0.9855072463768116,0.6086956521739131,417,1036,190,517,146,172,7.839257885436184,33,0.4025096525096525,0.36750483558994196,0.8488372093023255,TOR
1629018,Gary Trent Jr.,2023,63,31.555555555555557,16.58730158730159,2.619047619047619,1.5873015873015872,1.507936507936508,0.19047619047619047,0.7777777777777778,-1.2698412698412698,375,871,153,418,142,171,7.4436266755525455,35,0.4305396096440873,0.3660287081339713,0.8304093567251462,TOR
1629018,Gary Trent Jr.,2024,70,28.0,13.471428571428572,2.6285714285714286,1.6714285714285715,1.0571428571428572,0.14285714285714285,0.6714285714285714,-2.842857142857143,351,821,177,446,64,86,7.11544844864038,31,0.42752740560292324,0.3968609865470852,0.7441860465116279,TOR
1629018,Gary Trent Jr.,2025,77,25.83116883116883,11.064935064935066,2.220779220779221,1.1948051948051948,1.051948051948052,0.05194805194805195,0.5714285714285714,0.4025974025974026,294,686,189,455,75,87,6.2604389923795996,33,0.42857142857142855,0.4153846153846154,0.8620689655172413,TOR
1629018,Gary Trent Jr.,2026,65,21.16923076923077,8.138461538461538,1.0307692307692307,1.2153846153846153,0.5230769230769231,0.046153846153846156,0.6307692307692307,-5.3538461538461535,183,473,123,342,40,52,6.65647458089895,36,0.386892177589852,0.35964912280701755,0.7692307692307693,TOR
1629020,Jarred Vanderbilt,2022,80,25.075,6.725,8.3,1.2125,1.2875,0.6,0.9625,1.6125,224,382,2,14,88,135,4.215627946977979,21,0.5863874345549738,0.14285714285714285,0.6518518518518519,LAL
1629020,Jarred Vanderbilt,2023,90,22.855555555555554,7.177777777777778,6.777777777777778,2.088888888888889,1.0333333333333334,0.3,1.1444444444444444,-1.3444444444444446,258,492,34,113,96,139,4.433219282698453,18,0.524390243902439,0.3008849557522124,0.6906474820143885,LAL
1629020,Jarred Vanderbilt,2024,27,19.11111111111111,4.777777777777778,4.444444444444445,1.1111111111111112,1.1481481481481481,0.18518518518518517,0.9259259259259259,0.14814814814814814,54,104,8,26,13,20,4.500712194354384,17,0.5192307692307693,0.3076923076923077,0.65,LAL
1629020,Jarred Vanderbilt,2025,41,15.634146341463415,3.7560975609756095,4.902439024390244,1.1219512195121952,0.926829268292683,0.2682926829268293,0.7804878048780488,0.7804878048780488,61,127,9,33,23,40,3.1046778239044226,12,0.48031496062992124,0.2727272727272727,0.575,LAL
1629020,Jarred Vanderbilt,2026,72,16.72222222222222,4.277777777777778,4.388888888888889,1.1944444444444444,0.7916666666666666,0.2638888888888889,0.7916666666666666,-0.013888888888888888,122,262,30,108,34,59,3.281283767245582,14,0.46564885496183206,0.2777777777777778,0.576271186440678,LAL
1629021,Moritz Wagner,2022,60,15.35,8.783333333333333,3.716666666666667,1.3833333333333333,0.31666666666666665,0.21666666666666667,0.9166666666666666,-2.1166666666666667,187,373,63,189,90,113,6.139871545795568,26,0.5013404825737265,0.3333333333333333,0.7964601769911505,ORL
1629021,Moritz Wagner,2023,50,19.12,9.54,4.5,1.4,0.66,0.24,1.26,-1.02,164,336,45,144,104,129,5.151619519478257,20,0.4880952380952381,0.3125,0.8062015503875969,ORL
1629021,Moritz Wagner,2024,80,17.1,9.8375,4.1875,1.15,0.5,0.2875,1.275,1.1,312,523,36,115,127,160,5.055248557161511,21,0.5965583173996176,0.3130434782608696,0.79375,ORL
1629021,Moritz Wagner,2025,26,18.115384615384617,11.615384615384615,4.769230769230769,1.4615384615384615,0.6538461538461539,0.4230769230769231,1.6153846153846154,-1.9230769230769231,114,206,20,61,54,77,4.570137180233636,19,0.5533980582524272,0.32786885245901637,0.7012987012987013,ORL
1629021,Moritz Wagner,2026,37,11.135135135135135,6.243243243243243,3.135135135135135,0.6486486486486487,0.35135135135135137,0.05405405405405406,0.5135135135135135,-2.7567567567567566,80,188,22,66,49,60,4.044237363935981,14,0.425531914893617,0.3333333333333333,0.8166666666666667,ORL
1629022,Lonnie Walker IV,2022,68,22.75,11.985294117647058,2.5588235294117645,2.1176470588235294,0.6029411764705882,0.22058823529411764,1.0294117647058822,-1.1029411764705883,302,738,109,340,102,131,6.970069587992461,30,0.4092140921409214,0.3205882352941177,0.7786259541984732,SAS
1629022,Lonnie Walker IV,2023,66,20.939393939393938,10.166666666666666,1.7575757575757576,1.0454545454545454,0.5,0.2727272727272727,0.696969696969697,-3.1515151515151514,246,541,99,266,80,94,6.993586805799753,28,0.45471349353049906,0.37218045112781956,0.851063829787234,SAS
1629022,Lonnie Walker IV,2024,57,17.36842105263158,9.614035087719298,2.175438596491228,1.2280701754385965,0.5087719298245614,0.3508771929824561,0.8421052631578947,-0.17543859649122806,204,483,103,267,37,48,7.518440154439598,26,0.422360248447205,0.3857677902621723,0.7708333333333334,SAS
1629022,Lonnie Walker IV,2025,17,24.470588235294116,11.647058823529411,3.0,2.588235294117647,0.47058823529411764,0.29411764705882354,1.1764705882352942,-9.529411764705882,74,177,39,107,11,16,9.32698488574006,31,0.4180790960451977,0.3644859813084112,0.6875,SAS
1629023,P.J. Washington,2022,62,27.419354838709676,10.403225806451612,5.193548387096774,2.225806451612903,0.8870967741935484,0.8709677419354839,1.1935483870967742,1.6774193548387097,244,508,104,283,53,70,5.009694462131725,21,0.48031496062992124,0.3674911660777385,0.7571428571428571,CHA
1629023,P.J. Washington,2023,59,32.355932203389834,14.898305084745763,4.677966101694915,2.406779661016949,0.864406779661017,0.8135593220338984,1.5084745762711864,-5.440677966101695,340,785,116,347,83,110,6.890010047673566,31,0.43312101910828027,0.33429394812680113,0.7545454545454545,CHA
1629023,P.J. Washington,2024,87,31.597701149425287,12.793103448275861,5.896551724137931,1.8505747126436782,0.9310344827586207,0.6896551724137931,1.3103448275862069,-0.8045977011494253,419,947,168,495,107,159,7.620562652477624,43,0.4424498416050686,0.3393939393939394,0.6729559748427673,CHA
1629023,P.J. Washington,2025,40,30.675,12.825,6.85,2.525,1.025,0.725,1.875,0.575,200,439,66,166,47,73,6.523674833507057,30,0.45558086560364464,0.39759036144578314,0.6438356164383562,CHA
1629023,P.J. Washington,2026,43,30.41860465116279,13.325581395348838,6.883720930232558,1.5813953488372092,1.0465116279069768,0.7906976744186046,1.6046511627906976,-5.72093023255814,223,507,59,175,68,108,5.906900445091068,27,0.43984220907297833,0.33714285714285713,0.6296296296296297,CHA
1629026,Kenrich Williams,2022,49,21.918367346938776,7.408163265306122,4.489795918367347,2.204081632653061,0.8979591836734694,0.20408163265306123,0.9387755102040817,0.5102040816326531,146,317,41,121,30,55,3.9839174990774824,17,0.4605678233438486,0.33884297520661155,0.5454545454545454,OKC
1629026,Kenrich Williams,2023,52,22.73076923076923,8.057692307692308,4.846153846153846,1.9807692307692308,0.8653846153846154,0.21153846153846154,0.6153846153846154,1.7115384615384615,176,339,50,132,17,39,3.47773569302325,16,0.5191740412979351,0.3787878787878788,0.4358974358974359,OKC
1629026,Kenrich Williams,2024,76,13.947368421052632,4.328947368421052,2.8552631578947367,1.263157894736842,0.5131578947368421,0.11842105263157894,0.42105263157894735,1.9210526315789473,133,288,56,146,7,14,3.824092599627566,18,0.4618055555555556,0.3835616438356164,0.5,OKC
1629026,Kenrich Williams,2025,84,14.94047619047619,5.630952380952381,3.2142857142857144,1.2261904761904763,0.5833333333333334,0.09523809523809523,0.5357142857142857,4.4523809523809526,186,390,70,188,31,45,4.4903638779882025,18,0.47692307692307695,0.3723404255319149,0.6888888888888889,OKC
1629026,Kenrich Williams,2026,66,13.621212121212121,5.787878787878788,3.0606060606060606,1.2727272727272727,0.48484848484848486,0.07575757575757576,0.6666666666666666,0.4393939393939394,148,316,55,141,31,50,5.652814551558573,25,0.46835443037974683,0.3900709219858156,0.62,OKC
1629027,Trae Young,2022,36,34.111111111111114,24.583333333333332,3.638888888888889,9.583333333333334,1.0555555555555556,0.1111111111111111,4.0,0.05555555555555555,337,725,100,282,111,130,8.264813540373604,43,0.46482758620689657,0.3546099290780142,0.8538461538461538,ATL
1629027,Trae Young,2023,20,32.55,21.25,3.2,9.1,1.35,0.1,3.45,-1.65,161,383,37,121,66,82,7.649389380515077,38,0.42036553524804177,0.30578512396694213,0.8048780487804879,ATL
1629027,Trae Young,2024,25,34.52,23.32,2.84,10.16,1.04,0.24,4.32,-2.32,207,464,91,221,78,98,8.825719989515491,38,0.44612068965517243,0.4117647058823529,0.7959183673469388,ATL
1629027,Trae Young,2025,32,34.875,18.59375,2.90625,11.375,1.03125,0.15625,4.5,1.15625,207,531,80,255,101,118,7.277270735298963,35,0.3898305084745763,0.3137254901960784,0.8559322033898306,ATL
1629028,Deandre Ayton,2022,66,29.666666666666668,17.196969696969695,10.075757575757576,1.5,0.6666666666666666,0.5606060606060606,1.5454545454545454,4.909090909090909,510,801,7,21,108,152,6.452714865661519,35,0.6367041198501873,0.3333333333333333,0.7105263157894737,PHX
1629028,Deandre Ayton,2023,66,30.439393939393938,16.484848484848484,9.484848484848484,1.606060606060606,0.5757575757575758,0.6212121212121212,1.7878787878787878,-0.4393939393939394,487,841,7,21,107,152,6.65233891602142,31,0.5790725326991677,0.3333333333333333,0.7039473684210527,PHX
1629028,Deandre Ayton,2024,52,32.03846153846154,16.096153846153847,10.865384615384615,1.6153846153846154,1.0,0.6923076923076923,1.75,-5.903846153846154,393,685,0,9,51,64,7.580314069194756,33,0.5737226277372263,0.0,0.796875,PHX
1629028,Deandre Ayton,2025,36,29.52777777777778,13.86111111111111,9.583333333333334,1.5277777777777777,0.7222222222222222,0.7777777777777778,1.6666666666666667,-5.138888888888889,233,407,6,30,27,44,6.109256572858588,26,0.5724815724815725,0.2,0.6136363636363636,PHX
1629028,Deandre Ayton,2026,73,27.34246575342466,11.383561643835616,8.04109589041096,0.7671232876712328,0.547945205479452,0.6986301369863014,1.1506849315068493,-1.5890410958904109,380,596,0,0,71,118,6.097882458021119,25,0.6375838926174496,0.0,0.6016949152542372,PHX
1629029,Luka Doncic,2022,37,35.08108108108108,26.756756756756758,8.567567567567568,8.405405405405405,1.135135135135135,0.4864864864864865,4.486486486486487,-1.135135135135135,377,808,117,324,119,169,6.391858560376305,40,0.4665841584158416,0.3611111111111111,0.7041420118343196,DAL
1629029,Luka Doncic,2024,30,36.93333333333333,30.1,8.966666666666667,8.366666666666667,1.4,0.3,3.7333333333333334,8.133333333333333,337,707,121,323,108,146,7.984251740900269,47,0.4766619519094767,0.3746130030959752,0.7397260273972602,DAL
1629029,Luka Dončić,2025,20,34.25,22.6,7.75,6.9,1.65,0.35,3.55,5.15,168,393,56,182,60,86,7.088909054216126,36,0.42748091603053434,0.3076923076923077,0.6976744186046512,DAL
1629029,Luka Dončić,2026,21,31.761904761904763,26.666666666666668,6.809523809523809,6.666666666666667,1.0,0.38095238095238093,4.0,-4.571428571428571,202,424,73,202,83,119,8.499019551297275,39,0.47641509433962265,0.3613861386138614,0.6974789915966386,DAL
1629033,Theo Pinson,2022,18,8.166666666666666,2.6666666666666665,1.1666666666666667,0.9444444444444444,0.2777777777777778,0.1111111111111111,0.2777777777777778,-2.2777777777777777,14,39,10,30,10,10,4.576153020888641,16,0.358974358974359,0.3333333333333333,1.0,DAL
1629033,Theo Pinson,2023,36,9.027777777777779,2.638888888888889,1.75,1.2777777777777777,0.16666666666666666,0.027777777777777776,0.3333333333333333,-1.5,31,87,22,62,11,13,4.473111909926931,23,0.3563218390804598,0.3548387096774194,0.8461538461538461,DAL
1629048,Goga Bitadze,2022,43,13.279069767441861,6.511627906976744,3.4651162790697674,1.069767441860465,0.3488372093023256,0.6046511627906976,1.0,0.5581395348837209,108,198,20,58,44,61,7.085774121849308,23,0.5454545454545454,0.3448275862068966,0.7213114754098361,ORL
1629048,Goga Bitadze,2023,36,11.86111111111111,4.166666666666667,3.5555555555555554,1.0277777777777777,0.3611111111111111,0.5555555555555556,0.6111111111111112,0.4166666666666667,62,113,5,23,21,40,3.989271326230608,14,0.5486725663716814,0.21739130434782608,0.525,ORL
1629048,Goga Bitadze,2024,52,13.692307692307692,4.4423076923076925,4.230769230769231,1.1538461538461537,0.5,0.6153846153846154,0.7307692307692307,-1.2692307692307692,95,151,2,10,39,62,4.4032673320599915,15,0.6291390728476821,0.2,0.6290322580645161,ORL
1629048,Goga Bitadze,2025,63,18.746031746031747,6.746031746031746,6.015873015873016,1.8253968253968254,0.6190476190476191,0.9841269841269841,0.9047619047619048,0.6825396825396826,175,273,3,21,72,115,5.605205685179579,21,0.6410256410256411,0.14285714285714285,0.6260869565217392,ORL
1629048,Goga Bitadze,2026,65,14.676923076923076,5.246153846153846,4.923076923076923,1.2153846153846153,0.5384615384615384,0.8769230769230769,0.6461538461538462,-0.46153846153846156,140,215,1,9,60,86,3.531247872701878,15,0.6511627906976745,0.1111111111111111,0.6976744186046512,ORL
1629052,Oshae Brissett,2022,62,22.85483870967742,8.564516129032258,5.258064516129032,1.0483870967741935,0.6129032258064516,0.4032258064516129,0.8064516129032258,-3.5161290322580645,183,460,75,220,90,130,6.32616468313118,28,0.3978260869565217,0.3409090909090909,0.6923076923076923,IND
1629052,Oshae Brissett,2023,61,16.540983606557376,5.80327868852459,3.3114754098360657,0.6557377049180327,0.5081967213114754,0.19672131147540983,0.5081967213114754,0.09836065573770492,117,295,45,142,75,113,4.614541046630558,18,0.39661016949152544,0.31690140845070425,0.6637168141592921,IND
1629052,Oshae Brissett,2024,63,10.619047619047619,3.380952380952381,2.7301587301587302,0.6825396825396826,0.3333333333333333,0.1111111111111111,0.2857142857142857,2.2063492063492065,72,158,17,56,52,84,3.405065351220582,13,0.45569620253164556,0.30357142857142855,0.6190476190476191,IND
1629056,Terence Davis,2022,28,17.321428571428573,9.321428571428571,3.0714285714285716,1.3214285714285714,0.8214285714285714,0.32142857142857145,1.1785714285714286,1.75,98,232,41,131,24,31,7.611169041605513,28,0.4224137931034483,0.31297709923664124,0.7741935483870968,SAC
1629056,Terence Davis,2023,68,13.161764705882353,6.6911764705882355,2.176470588235294,1.0735294117647058,0.6470588235294118,0.17647058823529413,0.8088235294117647,0.6029411764705882,162,384,95,260,36,45,6.729878473412486,31,0.421875,0.36538461538461536,0.8,SAC
1629057,Robert Williams III,2022,47,26.51063829787234,8.97872340425532,8.425531914893616,1.6382978723404256,0.6382978723404256,1.1914893617021276,0.9574468085106383,5.042553191489362,183,254,0,0,56,76,4.61796756396487,21,0.7204724409448819,0.0,0.7368421052631579,BOS
1629057,Robert Williams III,2023,47,22.893617021276597,8.23404255319149,7.468085106382978,1.148936170212766,0.425531914893617,1.0,0.9148936170212766,2.9148936170212765,173,230,0,2,41,64,3.5887067184702266,16,0.7521739130434782,0.0,0.640625,BOS
1629057,Robert Williams III,2026,51,16.49019607843137,6.2745098039215685,6.411764705882353,1.1764705882352942,0.6078431372549019,0.9019607843137255,0.7450980392156863,0.45098039215686275,141,207,10,23,28,50,3.6882431122286343,16,0.6811594202898551,0.43478260869565216,0.56,BOS
1629060,Rui Hachimura,2022,42,22.5,11.30952380952381,3.8095238095238093,1.1428571428571428,0.5476190476190477,0.21428571428571427,0.7857142857142857,-3.0238095238095237,187,381,55,123,46,66,5.663266726158534,21,0.49081364829396323,0.44715447154471544,0.696969696969697,LAL
1629060,Rui Hachimura,2023,77,23.363636363636363,11.103896103896103,4.116883116883117,0.8441558441558441,0.35064935064935066,0.2987012987012987,0.8311688311688312,-0.4155844155844156,336,690,70,199,113,145,6.41458948841257,30,0.48695652173913045,0.35175879396984927,0.7793103448275862,LAL
1629060,Rui Hachimura,2024,72,27.166666666666668,13.055555555555555,4.222222222222222,1.1527777777777777,0.5416666666666666,0.3472222222222222,0.6527777777777778,1.0555555555555556,373,705,102,242,92,130,7.1184918660889345,36,0.5290780141843971,0.4214876033057851,0.7076923076923077,LAL
1629060,Rui Hachimura,2025,62,31.903225806451612,13.016129032258064,4.838709677419355,1.3709677419354838,0.7580645161290323,0.46774193548387094,0.8709677419354839,1.3225806451612903,308,607,113,273,78,104,5.713062213203195,24,0.5074135090609555,0.4139194139194139,0.75,LAL
1629060,Rui Hachimura,2026,77,29.584415584415584,12.03896103896104,3.4025974025974026,0.948051948051948,0.6103896103896104,0.33766233766233766,0.6363636363636364,0.24675324675324675,364,704,147,316,52,77,5.937041524551731,25,0.5170454545454546,0.4651898734177215,0.6753246753246753,LAL
1629067,Isaac Bonga,2022,16,4.4375,0.875,0.5,0.25,0.5,0.125,0.125,-2.0,3,13,1,4,7,10,1.3601470508735445,5,0.23076923076923078,0.25,0.7,TOR
1629076,Tyler Cook,2022,19,9.631578947368421,2.9473684210526314,2.736842105263158,0.15789473684210525,0.21052631578947367,0.21052631578947367,0.2631578947368421,-1.5263157894736843,21,35,0,0,14,24,2.6556791182195503,10,0.6,0.0,0.5833333333333334,CHI
1629103,Kelan Martin,2022,30,14.933333333333334,5.7,1.8333333333333333,0.7,0.43333333333333335,0.3,0.4666666666666667,-1.7666666666666666,70,171,22,75,9,13,4.340268544051479,15,0.4093567251461988,0.29333333333333333,0.6923076923076923,IND
1629109,Gary Clark,2022,38,10.0,2.6578947368421053,2.3684210526315788,0.47368421052631576,0.34210526315789475,0.18421052631578946,0.2631578947368421,-0.47368421052631576,33,88,28,70,7,10,3.8009694054349654,17,0.375,0.4,0.7,NOP
1629111,Jock Landale,2022,53,11.11320754716981,5.0,2.6037735849056602,0.8490566037735849,0.18867924528301888,0.2641509433962264,0.5849056603773585,-0.32075471698113206,101,204,29,89,34,41,5.1403382109620885,26,0.4950980392156863,0.3258426966292135,0.8292682926829268,HOU
1629111,Jock Landale,2023,74,14.256756756756756,6.4324324324324325,4.04054054054054,0.9594594594594594,0.25675675675675674,0.44594594594594594,0.7972972972972973,2.418918918918919,189,355,19,83,79,105,4.469320321839518,17,0.532394366197183,0.2289156626506024,0.7523809523809524,HOU
1629111,Jock Landale,2024,54,13.574074074074074,4.814814814814815,3.111111111111111,1.2037037037037037,0.35185185185185186,0.42592592592592593,0.5740740740740741,2.3703703703703702,100,197,10,40,50,63,4.860600452363085,20,0.5076142131979695,0.25,0.7936507936507936,HOU
1629111,Jock Landale,2025,43,11.720930232558139,4.6976744186046515,3.186046511627907,0.8604651162790697,0.3023255813953488,0.23255813953488372,0.4883720930232558,-0.8604651162790697,82,154,11,26,27,40,4.172100554196891,13,0.5324675324675324,0.4230769230769231,0.675,HOU
1629111,Jock Landale,2026,65,22.076923076923077,10.153846153846153,5.538461538461538,1.646153846153846,0.5076923076923077,0.46153846153846156,0.8153846153846154,-1.4307692307692308,262,517,68,178,68,106,5.483585646131693,26,0.5067698259187621,0.38202247191011235,0.6415094339622641,HOU
1629117,Wenyen Gabriel,2022,26,13.76923076923077,5.423076923076923,3.730769230769231,0.5384615384615384,0.19230769230769232,0.4230769230769231,0.6153846153846154,1.6923076923076923,54,110,8,28,25,42,4.71739823990366,17,0.4909090909090909,0.2857142857142857,0.5952380952380952,LAL
1629117,Wenyen Gabriel,2023,78,13.435897435897436,4.846153846153846,3.730769230769231,0.4358974358974359,0.358974358974359,0.44871794871794873,0.6153846153846154,-0.8076923076923077,157,267,10,36,54,87,4.128069650691353,15,0.5880149812734082,0.2777777777777778,0.6206896551724138,LAL
1629130,Duncan Robinson,2022,90,23.92222222222222,10.0,2.4555555555555557,1.4666666666666666,0.5,0.16666666666666666,0.6888888888888889,1.1111111111111112,306,762,244,655,44,54,7.6319847360457915,27,0.4015748031496063,0.37251908396946565,0.8148148148148148,MIA
1629130,Duncan Robinson,2023,65,17.153846153846153,7.3076923076923075,1.5846153846153845,1.3076923076923077,0.3384615384615385,0.046153846153846156,0.7384615384615385,0.07692307692307693,163,395,113,305,36,40,5.774196580810715,22,0.41265822784810124,0.3704918032786885,0.9,MIA
1629130,Duncan Robinson,2024,71,26.549295774647888,11.661971830985916,2.4225352112676055,2.676056338028169,0.6619718309859155,0.2112676056338028,1.408450704225352,-0.6901408450704225,293,662,181,469,61,71,7.141315729055278,30,0.4425981873111782,0.3859275053304904,0.8591549295774648,MIA
1629130,Duncan Robinson,2025,80,23.425,10.6,2.175,2.2375,0.5,0.0875,1.1625,0.4125,300,687,197,503,51,58,6.313738285614988,24,0.4366812227074236,0.39165009940357853,0.8793103448275862,MIA
1629130,Duncan Robinson,2026,88,27.681818181818183,12.056818181818182,2.647727272727273,2.0795454545454546,0.6931818181818182,0.25,0.7613636363636364,6.1022727272727275,361,798,254,613,85,118,4.960436471677737,23,0.4523809523809524,0.41435562805872755,0.7203389830508474,MIA
1629134,Kendrick Nunn,2023,70,13.771428571428572,7.085714285714285,1.5571428571428572,1.2857142857142858,0.4,0.1,0.9428571428571428,-0.7714285714285715,191,450,79,223,35,41,5.830312734652485,24,0.42444444444444446,0.3542600896860987,0.8536585365853658,LAL
1629139,Yuta Watanabe,2022,41,10.365853658536585,3.951219512195122,2.1219512195121952,0.43902439024390244,0.2682926829268293,0.3170731707317073,0.4634146341463415,-1.170731707317073,57,138,26,75,22,38,4.868014068961774,26,0.41304347826086957,0.3466666666666667,0.5789473684210527,BKN
1629139,Yuta Watanabe,2023,59,15.813559322033898,5.508474576271187,2.406779661016949,0.8135593220338984,0.423728813559322,0.288135593220339,0.3898305084745763,-0.1864406779661017,115,234,61,137,34,49,4.804354638765975,20,0.49145299145299143,0.44525547445255476,0.6938775510204082,BKN
1629139,Yuta Watanabe,2024,33,14.090909090909092,3.5454545454545454,1.6363636363636365,0.45454545454545453,0.36363636363636365,0.21212121212121213,0.5757575757575758,-1.9090909090909092,41,116,25,85,10,17,3.2795856168396975,11,0.35344827586206895,0.29411764705882354,0.5882352941176471,BKN
1629162,Jordan McLaughlin,2022,67,14.686567164179104,3.9402985074626864,1.5820895522388059,2.9402985074626864,0.9253731343283582,0.14925373134328357,0.5970149253731343,0.4925373134328358,100,217,31,92,33,44,3.888135009093323,16,0.4608294930875576,0.33695652173913043,0.75,MIN
1629162,Jordan McLaughlin,2023,47,15.127659574468085,3.425531914893617,1.3829787234042554,3.1914893617021276,0.723404255319149,0.0851063829787234,0.7659574468085106,1.3404255319148937,61,155,24,83,15,18,3.1050077424188554,12,0.3935483870967742,0.2891566265060241,0.8333333333333334,MIN
1629162,Jordan McLaughlin,2024,62,10.564516129032258,3.2096774193548385,1.2258064516129032,1.8064516129032258,0.5645161290322581,0.11290322580645161,0.3387096774193548,2.774193548387097,72,154,42,94,13,20,3.4742004471093586,12,0.4675324675324675,0.44680851063829785,0.65,MIN
1629162,Jordan McLaughlin,2025,45,7.0,2.1777777777777776,0.6666666666666666,1.1333333333333333,0.35555555555555557,0.022222222222222223,0.35555555555555557,1.2666666666666666,31,72,19,46,17,22,2.798448343513442,11,0.4305555555555556,0.41304347826086957,0.7727272727272727,MIN
1629162,Jordan McLaughlin,2026,54,6.092592592592593,2.0,0.7407407407407407,0.8888888888888888,0.4074074074074074,0.037037037037037035,0.3148148148148148,-1.1851851851851851,40,90,20,45,8,9,2.1101730233986133,9,0.4444444444444444,0.4444444444444444,0.8888888888888888,MIN
1629164,Brandon Goodwin,2022,36,13.916666666666666,4.75,1.8611111111111112,2.5277777777777777,0.6944444444444444,0.027777777777777776,1.0,-1.4722222222222223,64,154,19,55,24,38,5.421517974041693,21,0.4155844155844156,0.34545454545454546,0.631578947368421,CLE
1629185,Chris Chiozza,2022,34,10.882352941176471,1.9705882352941178,1.0588235294117647,1.911764705882353,0.38235294117647056,0.0,0.9411764705882353,-1.4411764705882353,24,81,17,53,2,3,2.833621669296359,11,0.2962962962962963,0.32075471698113206,0.6666666666666666,GSW
1629216,Gabe Vincent,2022,85,23.270588235294117,8.447058823529412,1.8705882352941177,3.1058823529411765,0.8941176470588236,0.16470588235294117,1.4352941176470588,1.7882352941176471,259,634,141,397,59,70,6.439287675691167,27,0.4085173501577287,0.35516372795969775,0.8428571428571429,MIA
1629216,Gabe Vincent,2023,88,26.579545454545453,9.75,1.9204545454545454,2.6931818181818183,0.8863636363636364,0.10227272727272728,1.2954545454545454,0.06818181818181818,311,774,162,467,74,85,6.950150912113308,29,0.4018087855297158,0.3468950749464668,0.8705882352941177,MIA
1629216,Gabe Vincent,2024,17,17.88235294117647,2.9411764705882355,1.2352941176470589,1.4705882352941178,0.7058823529411765,0.0,0.47058823529411764,1.2941176470588236,21,67,6,39,2,3,3.2301429580456293,9,0.31343283582089554,0.15384615384615385,0.6666666666666666,MIA
1629216,Gabe Vincent,2025,77,21.103896103896105,6.1558441558441555,1.2597402597402598,1.3376623376623376,0.6753246753246753,0.19480519480519481,0.5454545454545454,0.5844155844155844,173,434,113,322,15,21,4.842424727195139,24,0.3986175115207373,0.35093167701863354,0.7142857142857143,MIA
1629216,Gabe Vincent,2026,59,16.45762711864407,4.3559322033898304,0.9661016949152542,1.4067796610169492,0.4915254237288136,0.06779661016949153,0.5084745762711864,-0.3389830508474576,84,238,65,191,24,28,3.5319366176626725,18,0.35294117647058826,0.3403141361256545,0.8571428571428571,MIA
1629234,Drew Eubanks,2022,66,16.939393939393938,7.166666666666667,5.090909090909091,1.1515151515151516,0.42424242424242425,0.5,1.0909090909090908,-4.651515151515151,196,330,5,21,76,97,6.543542520527297,27,0.593939393939394,0.23809523809523808,0.7835051546391752,POR
1629234,Drew Eubanks,2023,67,19.28358208955224,6.014925373134329,4.880597014925373,1.2388059701492538,0.4626865671641791,0.8805970149253731,0.7761194029850746,-2.2388059701492535,167,260,3,10,66,96,3.492383649450975,18,0.6423076923076924,0.3,0.6875,POR
1629234,Drew Eubanks,2024,71,15.183098591549296,4.873239436619718,4.112676056338028,0.7605633802816901,0.352112676056338,0.6056338028169014,0.7887323943661971,-1.8591549295774648,142,239,3,3,59,76,3.9057817123731136,15,0.5941422594142259,1.0,0.7763157894736842,POR
1629234,Drew Eubanks,2025,60,11.35,4.1,3.45,0.8166666666666667,0.18333333333333332,0.4666666666666667,0.65,-1.45,99,175,2,5,46,68,3.4133337747174854,15,0.5657142857142857,0.4,0.6764705882352942,POR
1629234,Drew Eubanks,2026,41,12.975609756097562,5.2439024390243905,3.0,0.4634146341463415,0.3170731707317073,0.5365853658536586,0.6829268292682927,-3.658536585365854,92,152,1,7,30,53,4.662512669177843,19,0.6052631578947368,0.14285714285714285,0.5660377358490566,POR
1629308,Juan Toscano-Anderson,2022,80,12.8,3.8,2.2625,1.625,0.6,0.225,0.9375,0.2625,118,241,30,91,38,65,3.859559888335142,17,0.4896265560165975,0.32967032967032966,0.5846153846153846,GSW
1629308,Juan Toscano-Anderson,2023,52,13.442307692307692,2.980769230769231,2.3846153846153846,1.25,0.3076923076923077,0.19230769230769232,0.6538461538461539,-2.826923076923077,64,143,8,43,19,24,2.5009048136380216,8,0.44755244755244755,0.18604651162790697,0.7916666666666666,GSW
1629312,Haywood Highsmith,2022,27,7.185185185185185,1.9259259259259258,1.1481481481481481,0.3333333333333333,0.07407407407407407,0.1111111111111111,0.2222222222222222,-1.037037037037037,19,53,12,33,2,5,3.699541821173223,16,0.3584905660377358,0.36363636363636365,0.4,MIA
1629312,Haywood Highsmith,2023,69,16.391304347826086,4.2898550724637685,3.072463768115942,0.6956521739130435,0.6666666666666666,0.2753623188405797,0.6811594202898551,-1.7246376811594204,117,255,45,125,17,33,4.740629919906283,18,0.4588235294117647,0.36,0.5151515151515151,MIA
1629312,Haywood Highsmith,2024,72,21.13888888888889,6.013888888888889,3.2083333333333335,1.1111111111111112,0.8194444444444444,0.4027777777777778,0.5694444444444444,-0.7222222222222222,166,368,78,212,23,37,5.266136985309423,20,0.45108695652173914,0.36792452830188677,0.6216216216216216,MIA
1629312,Haywood Highsmith,2025,78,24.397435897435898,6.564102564102564,3.4615384615384617,1.5256410256410255,0.9102564102564102,0.4230769230769231,0.7564102564102564,-0.038461538461538464,193,411,97,250,29,41,5.072435680184,19,0.46958637469586373,0.388,0.7073170731707317,MIA
1629599,Amir Coffey,2022,64,22.78125,8.421875,2.796875,1.734375,0.484375,0.21875,0.703125,-1.953125,186,419,85,231,82,100,6.998423150060419,35,0.4439140811455847,0.36796536796536794,0.82,LAC
1629599,Amir Coffey,2023,49,11.510204081632653,2.979591836734694,0.9591836734693877,1.0,0.12244897959183673,0.08163265306122448,0.42857142857142855,-2.204081632653061,50,127,11,37,35,48,3.6770107646382146,13,0.3937007874015748,0.2972972972972973,0.7291666666666666,LAC
1629599,Amir Coffey,2024,76,20.68421052631579,6.315789473684211,2.0789473684210527,1.0263157894736843,0.5657894736842105,0.19736842105263158,0.5,-1.6973684210526316,173,374,73,195,61,71,5.154184128946862,18,0.4625668449197861,0.37435897435897436,0.8591549295774648,LAC
1629599,Amir Coffey,2025,70,24.3,9.514285714285714,2.1857142857142855,1.0714285714285714,0.5714285714285714,0.08571428571428572,0.6142857142857143,-0.8857142857142857,233,493,99,239,101,114,5.550147816657632,26,0.4726166328600406,0.41422594142259417,0.8859649122807017,LAC
1629599,Amir Coffey,2026,50,9.96,2.98,1.14,0.54,0.18,0.1,0.22,-0.58,55,113,17,49,22,28,4.216052898246929,17,0.48672566371681414,0.3469387755102041,0.7857142857142857,LAC
1629603,Mamadi Diakite,2023,21,8.380952380952381,2.7142857142857144,1.4285714285714286,0.38095238095238093,0.19047619047619047,0.42857142857142855,0.5714285714285714,-0.3333333333333333,24,50,7,21,2,2,3.3932706514932924,13,0.48,0.3333333333333333,1.0,CLE
1629604,CJ Elleby,2022,56,19.75,5.714285714285714,3.857142857142857,1.4821428571428572,0.6071428571428571,0.32142857142857145,0.875,-5.607142857142857,118,293,36,117,48,69,4.137255505390393,17,0.40273037542662116,0.3076923076923077,0.6956521739130435,POR
1629610,DaQuan Jeffries,2024,19,3.3157894736842106,1.1578947368421053,0.47368421052631576,0.2631578947368421,0.05263157894736842,0.05263157894736842,0.15789473684210525,0.2631578947368421,9,25,4,15,0,2,1.8637822325921864,5,0.36,0.26666666666666666,0.0,CHA
1629610,DaQuan Jeffries,2025,47,22.76595744680851,6.702127659574468,2.872340425531915,1.127659574468085,0.5531914893617021,0.5319148936170213,0.7446808510638298,-5.872340425531915,118,291,55,164,24,30,4.9074694338547165,20,0.4054982817869416,0.3353658536585366,0.8,CHA
1629611,Terance Mann,2022,81,28.51851851851852,10.395061728395062,5.234567901234568,2.5925925925925926,0.6790123456790124,0.2839506172839506,1.0246913580246915,0.6666666666666666,327,679,76,208,112,145,5.414515242257794,25,0.48159057437407954,0.36538461538461536,0.7724137931034483,LAC
1629611,Terance Mann,2023,84,23.333333333333332,8.80952380952381,3.3214285714285716,2.2738095238095237,0.5476190476190477,0.23809523809523808,1.0357142857142858,0.4166666666666667,282,541,85,213,91,119,5.850499289734621,31,0.5212569316081331,0.39906103286384975,0.7647058823529411,LAC
1629611,Terance Mann,2024,81,25.493827160493826,8.814814814814815,3.506172839506173,1.6049382716049383,0.5308641975308642,0.18518518518518517,0.654320987654321,0.3333333333333333,273,539,81,226,87,103,5.456901847914967,24,0.5064935064935064,0.3584070796460177,0.8446601941747572,LAC
1629611,Terance Mann,2025,68,20.955882352941178,7.544117647058823,2.8823529411764706,1.7794117647058822,0.6911764705882353,0.22058823529411764,0.6911764705882353,-1.4705882352941178,205,415,60,164,43,64,5.014706204186921,19,0.4939759036144578,0.36585365853658536,0.671875,LAC
1629611,Terance Mann,2026,63,24.3015873015873,7.222222222222222,3.1746031746031744,3.015873015873016,0.6507936507936508,0.23809523809523808,1.126984126984127,-4.238095238095238,168,368,56,154,63,80,4.308447982085535,21,0.45652173913043476,0.36363636363636365,0.7875,LAC
1629614,Andrew Nembhard,2023,75,27.68,9.453333333333333,2.6533333333333333,4.546666666666667,0.9333333333333333,0.17333333333333334,1.68,-3.506666666666667,284,644,92,263,49,62,6.310209088353471,31,0.4409937888198758,0.34980988593155893,0.7903225806451613,IND
1629614,Andrew Nembhard,2024,84,26.785714285714285,10.464285714285714,2.3452380952380953,4.4523809523809526,0.8214285714285714,0.11904761904761904,1.4761904761904763,1.0119047619047619,362,704,90,231,65,82,5.535093796772604,32,0.5142045454545454,0.38961038961038963,0.7926829268292683,IND
1629614,Andrew Nembhard,2025,86,30.11627906976744,10.476744186046512,3.313953488372093,4.8604651162790695,1.3255813953488371,0.1744186046511628,1.7093023255813953,2.8255813953488373,340,740,89,254,132,166,5.065980525695939,23,0.4594594594594595,0.35039370078740156,0.7951807228915663,IND
1629614,Andrew Nembhard,2026,46,31.391304347826086,15.869565217391305,3.108695652173913,7.608695652173913,0.9565217391304348,0.13043478260869565,2.4782608695652173,-6.608695652173913,263,601,87,240,117,151,6.787598808455096,31,0.43760399334442596,0.3625,0.7748344370860927,IND
1629618,Jalen Pickett,2024,29,4.551724137931035,1.5862068965517242,0.5172413793103449,0.7586206896551724,0.13793103448275862,0.034482758620689655,0.3103448275862069,-0.06896551724137931,17,38,9,26,3,4,1.9913606507559873,8,0.4473684210526316,0.34615384615384615,0.75,DEN
1629618,Jalen Pickett,2025,56,12.857142857142858,3.8035714285714284,1.3928571428571428,2.0,0.3392857142857143,0.10714285714285714,0.5357142857142857,0.05357142857142857,82,195,43,110,6,8,4.325062870198401,18,0.4205128205128205,0.39090909090909093,0.75,DEN
1629618,Jalen Pickett,2026,51,15.882352941176471,5.117647058823529,2.235294117647059,2.2745098039215685,0.2549019607843137,0.09803921568627451,0.6666666666666666,0.058823529411764705,98,232,49,127,16,21,5.548502712709184,29,0.4224137931034483,0.3858267716535433,0.7619047619047619,DEN
1629620,Justin Robinson,2022,25,12.12,3.12,0.84,1.28,0.36,0.04,0.68,-4.92,28,93,18,61,4,8,3.3827996294982254,11,0.3010752688172043,0.29508196721311475,0.5,MIL
1629622,Max Strus,2022,85,24.435294117647057,10.505882352941176,3.1882352941176473,1.5176470588235293,0.4823529411764706,0.2823529411764706,0.9058823529411765,3.1176470588235294,310,730,224,573,49,63,7.0349865966159335,32,0.4246575342465753,0.39092495636998253,0.7777777777777778,MIA
1629622,Max Strus,2023,104,28.298076923076923,10.971153846153847,3.326923076923077,1.9711538461538463,0.4807692307692308,0.18269230769230768,0.7211538461538461,-1.6346153846153846,401,984,241,703,98,114,6.690751087286381,31,0.40752032520325204,0.34281650071123754,0.8596491228070176,MIA
1629622,Max Strus,2024,81,32.55555555555556,11.691358024691358,4.91358024691358,3.814814814814815,0.8888888888888888,0.35802469135802467,1.5185185185185186,2.7037037037037037,341,820,189,542,76,96,5.8579902170211975,27,0.41585365853658535,0.34870848708487084,0.7916666666666666,MIA
1629622,Max Strus,2025,59,25.83050847457627,9.76271186440678,4.5423728813559325,3.2711864406779663,0.5423728813559322,0.23728813559322035,1.0338983050847457,4.677966101694915,202,462,139,360,33,40,5.727546815085385,24,0.43722943722943725,0.3861111111111111,0.825,MIA
1629622,Max Strus,2026,30,25.7,10.2,5.066666666666666,2.066666666666667,0.6,0.13333333333333333,1.1,-2.3666666666666667,103,244,71,188,29,33,7.622109401218139,29,0.42213114754098363,0.3776595744680851,0.8787878787878788,MIA
1629626,Bol Bol,2023,59,21.084745762711865,8.627118644067796,5.593220338983051,1.0508474576271187,0.423728813559322,0.7966101694915254,1.5254237288135593,-1.2203389830508475,208,382,26,93,67,90,6.3569085554405005,24,0.5445026178010471,0.27956989247311825,0.7444444444444445,PHX
1629626,Bol Bol,2024,45,10.688888888888888,5.0,3.1333333333333333,0.37777777777777777,0.24444444444444444,0.5555555555555556,0.4222222222222222,0.3111111111111111,94,154,22,52,15,19,5.452272253590491,25,0.6103896103896104,0.4230769230769231,0.7894736842105263,PHX
1629626,Bol Bol,2025,33,11.0,5.909090909090909,2.4242424242424243,0.5454545454545454,0.18181818181818182,0.42424242424242425,0.5454545454545454,-1.0909090909090908,76,142,24,68,19,24,5.912717418643247,25,0.5352112676056338,0.35294117647058826,0.7916666666666666,PHX
1629627,Zion Williamson,2024,34,30.0,19.352941176470587,5.5,5.588235294117647,1.1470588235294117,0.5588235294117647,2.4705882352941178,2.9411764705882355,285,508,3,11,85,137,6.714445544207794,31,0.5610236220472441,0.2727272727272727,0.6204379562043796,NOP
1629627,Zion Williamson,2026,27,28.703703703703702,17.555555555555557,5.481481481481482,3.185185185185185,0.8148148148148148,0.5555555555555556,2.2222222222222223,-2.6296296296296298,199,341,1,2,75,108,6.277758868438354,26,0.5835777126099707,0.5,0.6944444444444444,NOP
1629628,RJ Barrett,2022,43,31.953488372093023,16.58139534883721,5.325581395348837,2.488372093023256,0.4418604651162791,0.27906976744186046,2.0,-3.255813953488372,263,645,83,231,104,154,7.728218417682462,35,0.4077519379844961,0.3593073593073593,0.6753246753246753,NYK
1629628,RJ Barrett,2023,56,32.892857142857146,17.375,4.660714285714286,2.482142857142857,0.5178571428571429,0.14285714285714285,2.267857142857143,-1.8392857142857142,362,856,92,289,157,206,6.394777698886945,30,0.42289719626168226,0.31833910034602075,0.7621359223300971,NYK
1629628,RJ Barrett,2024,42,31.452380952380953,19.285714285714285,5.0476190476190474,3.4047619047619047,0.5238095238095238,0.35714285714285715,2.1904761904761907,-2.7142857142857144,314,635,68,192,114,163,5.32039662140514,29,0.494488188976378,0.3541666666666667,0.6993865030674846,NYK
1629628,RJ Barrett,2025,40,31.35,19.625,5.9,5.025,0.925,0.175,2.7,-3.175,318,663,71,206,78,139,6.245767797846425,37,0.4796380090497738,0.3446601941747573,0.5611510791366906,NYK
1629628,RJ Barrett,2026,48,31.708333333333332,19.479166666666668,5.479166666666667,3.4375,0.7916666666666666,0.3541666666666667,2.0833333333333335,2.7916666666666665,365,747,85,252,120,182,6.06345727983608,33,0.4886211512717537,0.3373015873015873,0.6593406593406593,NYK
1629629,Cam Reddish,2022,47,20.04255319148936,9.48936170212766,2.106382978723404,0.9361702127659575,0.9787234042553191,0.2765957446808511,1.148936170212766,-4.702127659574468,150,378,58,170,88,96,6.980944063556261,33,0.3968253968253968,0.3411764705882353,0.9166666666666666,LAL
1629629,Cam Reddish,2023,39,24.435897435897434,9.307692307692308,2.1538461538461537,1.358974358974359,0.9487179487179487,0.358974358974359,1.0769230769230769,-4.487179487179487,132,294,42,133,57,68,6.444719773230297,26,0.4489795918367347,0.3157894736842105,0.8382352941176471,LAL
1629629,Cam Reddish,2024,47,20.595744680851062,5.340425531914893,2.106382978723404,1.0,0.9787234042553191,0.23404255319148937,0.6382978723404256,-1.0425531914893618,88,229,35,106,40,50,4.975053400389312,18,0.38427947598253276,0.330188679245283,0.8,LAL
1629629,Cam Reddish,2025,33,17.848484848484848,3.1818181818181817,2.0,0.6666666666666666,1.0,0.30303030303030304,0.36363636363636365,-2.757575757575758,38,94,13,47,16,26,3.652520922720237,15,0.40425531914893614,0.2765957446808511,0.6153846153846154,LAL
1629630,Ja Morant,2022,30,31.3,24.233333333333334,5.8,7.266666666666667,1.0,0.3,2.8666666666666667,3.7333333333333334,295,563,52,128,85,117,10.012693093693912,52,0.5239786856127886,0.40625,0.7264957264957265,MEM
1629630,Ja Morant,2023,27,31.25925925925926,21.037037037037038,5.7407407407407405,7.592592592592593,1.037037037037037,0.2222222222222222,3.4444444444444446,6.814814814814815,227,503,38,132,76,112,7.987882560871048,36,0.45129224652087474,0.2878787878787879,0.6785714285714286,MEM
1629630,Ja Morant,2025,30,29.933333333333334,20.6,3.6333333333333333,6.566666666666666,1.1,0.36666666666666664,3.533333333333333,2.466666666666667,235,533,55,171,93,118,7.699529766205832,36,0.44090056285178236,0.3216374269005848,0.788135593220339,MEM
1629631,De'Andre Hunter,2022,51,29.470588235294116,12.92156862745098,3.156862745098039,1.1372549019607843,0.6078431372549019,0.3137254901960784,1.2941176470588236,-0.4117647058823529,250,558,72,191,87,120,5.820113872614184,26,0.44802867383512546,0.3769633507853403,0.725,ATL
1629631,De'Andre Hunter,2023,68,31.720588235294116,14.838235294117647,4.294117647058823,1.3823529411764706,0.5294117647058824,0.27941176470588236,1.1911764705882353,-0.5441176470588235,387,834,104,299,131,161,5.164778228807659,27,0.46402877697841727,0.34782608695652173,0.8136645962732919,ATL
1629631,De'Andre Hunter,2024,46,29.73913043478261,14.58695652173913,3.739130434782609,1.7608695652173914,0.6304347826086957,0.21739130434782608,1.5869565217391304,-0.717391304347826,245,547,95,253,86,113,6.4379986088035555,27,0.44789762340036565,0.37549407114624506,0.7610619469026548,ATL
1629631,De'Andre Hunter,2025,59,26.372881355932204,14.864406779661017,3.9322033898305087,1.3559322033898304,0.7457627118644068,0.2033898305084746,1.152542372881356,1.6610169491525424,301,661,137,329,138,176,6.226909420822314,27,0.45537065052950076,0.41641337386018235,0.7840909090909091,ATL
1629631,De'Andre Hunter,2026,40,25.775,12.875,3.825,2.05,0.65,0.125,1.475,-0.75,183,437,60,206,89,106,6.284647553506473,29,0.41876430205949655,0.2912621359223301,0.839622641509434,ATL
1629632,Coby White,2022,65,26.753846153846155,12.153846153846153,2.9846153846153847,2.753846153846154,0.46153846153846156,0.16923076923076924,1.1538461538461537,-1.6307692307692307,288,678,139,376,75,88,7.002746713858895,31,0.4247787610619469,0.3696808510638298,0.8522727272727273,CHI
1629632,Coby White,2023,76,23.526315789473685,9.710526315789474,2.8552631578947367,2.8026315789473686,0.7368421052631579,0.09210526315789473,1.013157894736842,1.7763157894736843,272,608,133,351,61,70,5.670545628006026,25,0.4473684210526316,0.3789173789173789,0.8714285714285714,CHI
1629632,Coby White,2024,68,36.161764705882355,18.352941176470587,4.411764705882353,4.955882352941177,0.7352941176470589,0.20588235294117646,2.0441176470588234,-1.0294117647058822,460,1020,182,474,146,173,7.1981853141874375,37,0.45098039215686275,0.38396624472573837,0.8439306358381503,CHI
1629632,Coby White,2025,57,32.49122807017544,18.43859649122807,3.6666666666666665,4.56140350877193,0.9298245614035088,0.24561403508771928,2.3859649122807016,-3.263157894736842,372,837,166,452,141,162,8.095451862134093,44,0.4444444444444444,0.3672566371681416,0.8703703703703703,CHI
1629632,Coby White,2026,40,23.725,16.025,3.3,3.775,0.525,0.125,2.275,3.725,221,483,94,247,105,130,6.791727622819109,27,0.4575569358178054,0.3805668016194332,0.8076923076923077,CHI
1629633,Jarrett Culver,2022,40,8.975,3.425,1.375,0.85,0.55,0.125,0.55,-0.95,54,145,12,49,17,36,3.32733434541133,14,0.3724137931034483,0.24489795918367346,0.4722222222222222,MEM
1629634,Brandon Clarke,2022,64,19.75,10.21875,5.28125,1.359375,0.65625,0.703125,0.609375,0.921875,284,444,5,20,81,128,5.119116832311716,22,0.6396396396396397,0.25,0.6328125,MEM
1629634,Brandon Clarke,2023,51,18.980392156862745,9.392156862745098,5.196078431372549,1.2549019607843137,0.5490196078431373,0.5098039215686274,0.9803921568627451,-0.4117647058823529,201,305,0,5,77,112,4.441073885323454,19,0.659016393442623,0.0,0.6875,MEM
1629634,Brandon Clarke,2025,62,18.677419354838708,8.161290322580646,4.983870967741935,1.032258064516129,0.8225806451612904,0.46774193548387094,0.6451612903225806,2.564516129032258,225,363,1,17,55,78,4.192864932305899,18,0.6198347107438017,0.058823529411764705,0.7051282051282052,MEM
1629636,Darius Garland,2022,57,35.280701754385966,20.859649122807017,3.1228070175438596,8.350877192982455,1.280701754385965,0.10526315789473684,3.807017543859649,6.385964912280702,459,966,150,378,121,142,6.421055199473581,34,0.4751552795031056,0.3968253968253968,0.852112676056338,CLE
1629636,Darius Garland,2023,51,34.72549019607843,18.529411764705884,2.607843137254902,7.529411764705882,1.196078431372549,0.1568627450980392,2.607843137254902,4.921568627450981,357,784,109,273,122,149,4.784779790863821,29,0.45535714285714285,0.3992673992673993,0.8187919463087249,CLE
1629636,Darius Garland,2024,63,33.38095238095238,16.53968253968254,2.6825396825396823,6.380952380952381,1.2698412698412698,0.14285714285714285,2.7936507936507935,0.015873015873015872,392,889,146,386,112,139,6.2677500125782055,30,0.4409448818897638,0.37823834196891193,0.8057553956834532,CLE
1629636,Darius Garland,2025,66,30.242424242424242,19.227272727272727,2.772727272727273,6.590909090909091,1.2121212121212122,0.15151515151515152,2.5757575757575757,6.924242424242424,473,1011,179,465,144,166,6.6095396198233045,39,0.4678536102868447,0.3849462365591398,0.8674698795180723,CLE
1629636,Darius Garland,2026,42,29.833333333333332,18.833333333333332,2.380952380952381,6.785714285714286,0.9285714285714286,0.16666666666666666,2.9047619047619047,1.7857142857142858,296,630,117,287,82,97,7.0914468119121405,41,0.46984126984126984,0.4076655052264808,0.845360824742268,CLE
1629637,Jaxson Hayes,2022,71,18.577464788732396,8.295774647887324,4.154929577464789,0.5633802816901409,0.4225352112676056,0.6338028169014085,0.7183098591549296,-0.6901408450704225,226,377,14,49,123,164,5.501673423857206,23,0.5994694960212201,0.2857142857142857,0.75,LAL
1629637,Jaxson Hayes,2023,45,12.222222222222221,4.177777777777778,2.7111111111111112,0.6,0.4,0.3111111111111111,0.6666666666666666,-1.5555555555555556,71,137,3,26,43,63,3.944437331050635,14,0.5182481751824818,0.11538461538461539,0.6825396825396826,LAL
1629637,Jaxson Hayes,2024,74,12.04054054054054,3.9864864864864864,3.0135135135135136,0.44594594594594594,0.44594594594594594,0.35135135135135137,0.6081081081081081,-1.3243243243243243,123,174,0,8,49,80,4.149577444218665,19,0.7068965517241379,0.0,0.6125,LAL
1629637,Jaxson Hayes,2025,58,18.655172413793103,6.413793103448276,4.568965517241379,0.9827586206896551,0.5344827586206896,0.7758620689655172,0.7068965517241379,0.7586206896551724,157,223,0,3,58,96,4.296201842585181,19,0.7040358744394619,0.0,0.6041666666666666,LAL
1629637,Jaxson Hayes,2026,68,17.61764705882353,6.838235294117647,3.911764705882353,0.8823529411764706,0.4411764705882353,0.6029411764705882,0.5,1.2647058823529411,187,252,3,4,88,133,4.833373699285489,21,0.7420634920634921,0.75,0.6616541353383458,LAL
1629638,Nickeil Alexander-Walker,2022,63,21.761904761904763,10.031746031746032,2.7301587301587302,2.2698412698412698,0.6984126984126984,0.31746031746031744,1.3968253968253967,-1.9047619047619047,236,633,99,315,61,87,6.787009066112411,31,0.37282780410742494,0.3142857142857143,0.7011494252873564,MIN
1629638,Nickeil Alexander-Walker,2023,66,16.53030303030303,6.484848484848484,1.803030303030303,1.8636363636363635,0.5909090909090909,0.36363636363636365,0.9242424242424242,-0.4696969696969697,155,345,74,192,44,65,5.500328449612173,27,0.4492753623188406,0.3854166666666667,0.676923076923077,MIN
1629638,Nickeil Alexander-Walker,2024,95,23.473684210526315,7.842105263157895,1.9473684210526316,2.463157894736842,0.7578947368421053,0.4105263157894737,0.9473684210526315,3.0842105263157893,267,628,150,405,61,73,5.360048803909453,28,0.4251592356687898,0.37037037037037035,0.8356164383561644,MIN
1629638,Nickeil Alexander-Walker,2025,95,24.568421052631578,9.221052631578948,2.9894736842105263,2.642105263157895,0.5578947368421052,0.37894736842105264,1.2526315789473683,2.642105263157895,309,715,161,425,97,124,5.726346255106363,26,0.43216783216783217,0.3788235294117647,0.782258064516129,MIN
1629638,Nickeil Alexander-Walker,2026,65,33.4,19.523076923076925,3.246153846153846,3.353846153846154,1.2153846153846153,0.4461538461538462,2.123076923076923,0.7230769230769231,447,990,201,516,174,202,6.351937923548639,36,0.45151515151515154,0.38953488372093026,0.8613861386138614,MIN
1629639,Tyler Herro,2022,67,30.955223880597014,17.955223880597014,4.626865671641791,3.8208955223880596,0.582089552238806,0.19402985074626866,2.4925373134328357,2.3582089552238807,467,1073,152,424,117,140,7.359662450718238,31,0.43522833178005593,0.3584905660377358,0.8357142857142857,MIA
1629639,Tyler Herro,2023,62,34.274193548387096,19.225806451612904,5.193548387096774,4.112903225806452,0.7096774193548387,0.20967741935483872,2.306451612903226,2.032258064516129,442,1006,184,490,124,135,7.866549548435481,41,0.4393638170974155,0.37551020408163266,0.9185185185185185,MIA
1629639,Tyler Herro,2024,45,33.955555555555556,20.31111111111111,5.088888888888889,4.844444444444444,0.6888888888888889,0.06666666666666667,2.3777777777777778,0.2,343,799,145,376,83,99,6.130483527653285,33,0.4292866082603254,0.38563829787234044,0.8383838383838383,MIA
1629639,Tyler Herro,2025,65,35.66153846153846,22.384615384615383,5.061538461538461,5.138461538461539,0.8,0.24615384615384617,2.5846153846153848,-0.8923076923076924,537,1157,212,563,169,203,7.195250837558384,40,0.4641313742437338,0.3765541740674956,0.8325123152709359,MIA
1629639,Tyler Herro,2026,29,31.03448275862069,20.137931034482758,4.620689655172414,4.103448275862069,0.7241379310344828,0.3448275862068966,1.896551724137931,-0.3793103448275862,220,455,74,198,70,78,6.294692423729662,33,0.4835164835164835,0.37373737373737376,0.8974358974358975,MIA
1629640,Keldon Johnson,2022,67,31.761194029850746,16.73134328358209,6.029850746268656,2.1343283582089554,0.7313432835820896,0.19402985074626866,1.1940298507462686,1.2238805970149254,428,917,142,357,123,176,6.698217966431476,34,0.46673936750272627,0.39775910364145656,0.6988636363636364,SAS
1629640,Keldon Johnson,2023,43,32.51162790697674,21.093023255813954,4.976744186046512,2.883720930232558,0.7441860465116279,0.18604651162790697,1.930232558139535,-7.6976744186046515,356,791,91,291,104,150,6.376347489666015,34,0.450063211125158,0.3127147766323024,0.6933333333333334,SAS
1629640,Keldon Johnson,2024,63,29.285714285714285,15.158730158730158,5.412698412698413,2.746031746031746,0.6984126984126984,0.2857142857142857,1.380952380952381,-5.777777777777778,354,787,117,336,130,170,6.572686270704548,28,0.4498094027954257,0.3482142857142857,0.7647058823529411,SAS
1629640,Keldon Johnson,2025,70,23.485714285714284,12.042857142857143,4.742857142857143,1.6428571428571428,0.6571428571428571,0.2714285714285714,0.9571428571428572,-2.5714285714285716,325,677,80,248,113,145,5.841966400842393,28,0.48005908419497784,0.3225806451612903,0.7793103448275862,SAS
1629640,Keldon Johnson,2026,102,21.99019607843137,11.882352941176471,4.823529411764706,1.2647058823529411,0.5686274509803921,0.12745098039215685,0.9019607843137255,3.0686274509803924,468,930,118,324,158,213,6.160066409644371,27,0.5032258064516129,0.36419753086419754,0.7417840375586855,SAS
1629641,Romeo Langford,2022,47,15.702127659574469,4.51063829787234,2.234042553191489,0.3829787234042553,0.3829787234042553,0.2765957446808511,0.3404255319148936,0.7872340425531915,81,182,29,81,21,38,3.939059369209045,16,0.44505494505494503,0.35802469135802467,0.5526315789473685,SAS
1629641,Romeo Langford,2023,40,20.175,6.725,2.725,1.2,0.6,0.3,0.75,-4.125,112,242,15,59,30,42,5.330067108828498,23,0.4628099173553719,0.2542372881355932,0.7142857142857143,SAS
1629642,Nassir Little,2022,38,25.263157894736842,9.368421052631579,5.447368421052632,1.131578947368421,0.5526315789473685,0.6842105263157895,0.9473684210526315,-0.3157894736842105,129,280,45,135,53,69,5.3343408247073425,22,0.4607142857142857,0.3333333333333333,0.7681159420289855,POR
1629642,Nassir Little,2023,54,18.12962962962963,6.648148148148148,2.611111111111111,0.9259259259259259,0.37037037037037035,0.37037037037037035,0.6666666666666666,-3.5185185185185186,134,303,58,158,33,46,5.620573419371343,28,0.44224422442244227,0.3670886075949367,0.717391304347826,POR
1629642,Nassir Little,2024,47,9.638297872340425,3.1702127659574466,1.553191489361702,0.40425531914893614,0.2127659574468085,0.14893617021276595,0.2978723404255319,-2.0425531914893615,56,122,20,68,17,18,3.2525518338694313,13,0.45901639344262296,0.29411764705882354,0.9444444444444444,POR
1629643,Chuma Okeke,2022,68,25.014705882352942,8.573529411764707,4.955882352941177,1.661764705882353,1.3970588235294117,0.5294117647058824,0.8088235294117647,-4.676470588235294,208,562,114,363,53,63,5.26128120277223,26,0.3701067615658363,0.3140495867768595,0.8412698412698413,ORL
1629643,Chuma Okeke,2023,27,19.185185185185187,4.7407407407407405,3.5555555555555554,1.3703703703703705,0.7037037037037037,0.4074074074074074,0.6296296296296297,-4.37037037037037,43,122,26,86,16,21,4.390484401105791,16,0.3524590163934426,0.3023255813953488,0.7619047619047619,ORL
1629643,Chuma Okeke,2024,48,9.1875,2.3541666666666665,1.6666666666666667,0.4375,0.1875,0.14583333333333334,0.3333333333333333,-1.5833333333333333,42,115,24,84,5,8,3.664026289818657,16,0.3652173913043478,0.2857142857142857,0.625,ORL
1629644,KZ Okpala,2022,21,11.714285714285714,3.6666666666666665,1.9523809523809523,0.6666666666666666,0.19047619047619047,0.3333333333333333,0.23809523809523808,0.2857142857142857,30,69,9,26,8,11,4.430951741255296,16,0.43478260869565216,0.34615384615384615,0.7272727272727273,SAC
1629644,KZ Okpala,2023,30,7.633333333333334,1.4333333333333333,1.0333333333333334,0.4,0.2,0.13333333333333333,0.13333333333333333,-0.36666666666666664,15,37,6,20,7,8,2.2078751422302307,7,0.40540540540540543,0.3,0.875,SAC
1629645,Kevin Porter Jr.,2022,55,30.472727272727273,14.8,4.2,6.054545454545455,1.0909090909090908,0.38181818181818183,3.0545454545454547,-5.072727272727272,293,715,140,370,88,142,7.424683557292253,36,0.4097902097902098,0.3783783783783784,0.6197183098591549,HOU
1629645,Kevin Porter Jr.,2023,45,33.93333333333333,18.555555555555557,5.133333333333334,5.933333333333334,1.3777777777777778,0.24444444444444444,3.022222222222222,-6.066666666666666,307,674,115,299,106,140,7.092106865944689,36,0.45548961424332346,0.38461538461538464,0.7571428571428571,HOU
1629645,Kevin Porter Jr.,2025,73,19.945205479452056,9.36986301369863,3.5205479452054793,3.3972602739726026,0.9726027397260274,0.1506849315068493,1.8767123287671232,-0.958904109589041,274,628,50,165,86,124,5.699675549525868,26,0.43630573248407645,0.30303030303030304,0.6935483870967742,HOU
1629645,Kevin Porter Jr.,2026,27,31.62962962962963,14.925925925925926,5.111111111111111,7.037037037037037,2.3703703703703702,0.4074074074074074,2.6296296296296298,-4.0,158,340,30,95,57,67,7.685780706683288,32,0.4647058823529412,0.3157894736842105,0.8507462686567164,HOU
1629646,Charles Bassey,2022,24,5.791666666666667,1.9166666666666667,2.0833333333333335,0.3333333333333333,0.16666666666666666,0.4583333333333333,0.3333333333333333,-1.7083333333333333,20,32,0,3,6,8,2.30154327555998,8,0.625,0.0,0.75,SAS
1629646,Charles Bassey,2023,32,14.0625,5.53125,5.125,1.25,0.4375,0.6875,1.15625,-2.1875,79,122,2,6,17,31,4.242521883913373,16,0.6475409836065574,0.3333333333333333,0.5483870967741935,SAS
1629646,Charles Bassey,2024,17,9.764705882352942,3.1176470588235294,3.1176470588235294,0.8823529411764706,0.47058823529411764,0.5882352941176471,0.6470588235294118,-3.176470588235294,24,33,0,1,5,6,3.1796688691823016,10,0.7272727272727273,0.0,0.8333333333333334,SAS
1629646,Charles Bassey,2025,30,9.466666666666667,4.1,3.933333333333333,0.4666666666666667,0.4,0.4666666666666667,0.6,-4.1,54,87,0,0,15,21,4.113476589841301,16,0.6206896551724138,0.0,0.7142857142857143,SAS
1629647,Darius Bazley,2022,57,27.333333333333332,10.56140350877193,6.087719298245614,1.4035087719298245,0.8421052631578947,0.631578947368421,1.2456140350877194,-6.842105263157895,220,527,65,217,97,135,6.321780783980236,25,0.4174573055028463,0.2995391705069124,0.7185185185185186,OKC
1629647,Darius Bazley,2023,40,13.95,5.05,3.1,0.85,0.5,0.625,0.625,-1.575,75,165,17,45,35,63,4.646200543151306,17,0.45454545454545453,0.37777777777777777,0.5555555555555556,OKC
1629649,Ignas Brazdeikis,2022,42,12.666666666666666,5.0,1.7142857142857142,0.8809523809523809,0.23809523809523808,0.07142857142857142,0.40476190476190477,-4.119047619047619,81,188,27,87,21,32,5.391954259051844,20,0.4308510638297872,0.3103448275862069,0.65625,ORL
1629650,Moses Brown,2022,38,8.289473684210526,3.8684210526315788,3.210526315789474,0.02631578947368421,0.13157894736842105,0.3157894736842105,0.47368421052631576,-1.5526315789473684,58,98,0,0,31,56,4.153611600936792,16,0.5918367346938775,0.0,0.5535714285714286,LAC
1629650,Moses Brown,2023,33,7.333333333333333,3.757575757575758,3.5454545454545454,0.09090909090909091,0.09090909090909091,0.3333333333333333,0.36363636363636365,0.5454545454545454,52,78,0,0,20,48,3.945173499276545,13,0.6666666666666666,0.0,0.4166666666666667,LAC
1629650,Moses Brown,2024,21,8.904761904761905,3.142857142857143,3.8095238095238093,0.23809523809523808,0.23809523809523808,0.3333333333333333,0.5238095238095238,-2.4761904761904763,30,59,0,0,6,23,2.903200204700225,9,0.5084745762711864,0.0,0.2608695652173913,LAC
1629651,Nic Claxton,2022,44,19.954545454545453,8.159090909090908,5.454545454545454,0.8636363636363636,0.5227272727272727,0.8181818181818182,0.8181818181818182,-1.3409090909090908,157,237,0,0,45,82,4.615157946946591,17,0.6624472573839663,0.0,0.5487804878048781,BKN
1629651,Nic Claxton,2023,36,27.75,11.694444444444445,8.333333333333334,1.8055555555555556,0.9166666666666666,1.0833333333333333,0.9444444444444444,-1.7222222222222223,184,267,0,1,53,95,5.7808523565521,27,0.6891385767790262,0.0,0.5578947368421052,BKN
1629651,Nic Claxton,2024,41,29.21951219512195,10.853658536585366,9.682926829268293,1.951219512195122,0.7317073170731707,1.1951219512195121,1.3414634146341464,-5.634146341463414,203,332,1,5,38,76,4.552806692633435,22,0.6114457831325302,0.2,0.5,BKN
1629651,Nic Claxton,2025,57,26.36842105263158,9.75438596491228,7.052631578947368,2.192982456140351,0.9473684210526315,0.9824561403508771,1.1929824561403508,-7.333333333333333,251,443,5,19,49,99,4.433157137471418,21,0.5665914221218962,0.2631578947368421,0.494949494949495,BKN
1629651,Nic Claxton,2026,56,27.214285714285715,11.214285714285714,6.589285714285714,3.1964285714285716,0.5714285714285714,0.8214285714285714,1.2678571428571428,-8.571428571428571,266,474,3,18,93,154,4.754765210585293,28,0.5611814345991561,0.16666666666666666,0.6038961038961039,BKN
1629652,Luguentz Dort,2022,42,32.333333333333336,15.976190476190476,4.071428571428571,1.6904761904761905,1.0,0.35714285714285715,1.6666666666666667,-6.595238095238095,236,594,100,315,99,118,6.8520536185951,34,0.39730639730639733,0.31746031746031744,0.8389830508474576,OKC
1629652,Luguentz Dort,2023,64,30.53125,13.015625,4.609375,2.140625,1.0,0.28125,1.140625,0.890625,289,750,123,359,132,180,6.046098538701014,24,0.38533333333333336,0.3426183844011142,0.7333333333333333,OKC
1629652,Luguentz Dort,2024,83,28.759036144578314,10.626506024096386,3.566265060240964,1.5060240963855422,0.9759036144578314,0.4819277108433735,0.963855421686747,4.578313253012048,300,685,172,427,110,139,5.636792989300881,29,0.43795620437956206,0.4028103044496487,0.7913669064748201,OKC
1629652,Luguentz Dort,2025,93,29.193548387096776,9.623655913978494,4.043010752688172,1.4408602150537635,1.1397849462365592,0.4946236559139785,0.7634408602150538,6.494623655913978,315,745,218,547,47,68,5.750073682882575,26,0.4228187919463087,0.39853747714808047,0.6911764705882353,OKC
1629652,Luguentz Dort,2026,83,25.96385542168675,7.771084337349397,3.3855421686746987,1.2650602409638554,0.7951807228915663,0.3132530120481928,0.7469879518072289,3.1566265060240966,227,597,145,431,46,62,4.554079653761061,19,0.38023450586264657,0.33642691415313225,0.7419354838709677,OKC
1629655,Daniel Gafford,2022,58,18.862068965517242,9.155172413793103,5.310344827586207,0.9310344827586207,0.3620689655172414,0.8448275862068966,0.9137931034482759,-3.9827586206896552,229,328,0,1,73,104,5.149695014433553,24,0.698170731707317,0.0,0.7019230769230769,WAS
1629655,Daniel Gafford,2023,65,19.46153846153846,8.323076923076924,4.953846153846154,0.9846153846153847,0.4153846153846154,0.8307692307692308,1.0307692307692307,-2.6,230,313,0,0,81,122,5.019050247269436,22,0.7348242811501597,0.0,0.6639344262295082,WAS
1629655,Daniel Gafford,2024,64,21.515625,9.65625,6.21875,1.140625,0.578125,1.015625,0.8125,-3.34375,260,373,0,0,98,144,5.366618603748103,26,0.6970509383378016,0.0,0.6805555555555556,WAS
1629655,Daniel Gafford,2025,42,20.047619047619047,11.095238095238095,5.928571428571429,1.3095238095238095,0.35714285714285715,0.9761904761904762,1.0,-0.2619047619047619,191,272,0,0,84,128,5.2536144297116385,27,0.7022058823529411,0.0,0.65625,WAS
1629655,Daniel Gafford,2026,44,21.022727272727273,8.340909090909092,6.886363636363637,1.0,0.7272727272727273,0.9090909090909091,1.0454545454545454,-3.5681818181818183,147,239,0,0,73,108,4.912931118750786,22,0.6150627615062761,0.0,0.6759259259259259,WAS
1629656,Quentin Grimes,2022,42,18.738095238095237,6.5476190476190474,2.238095238095238,1.0476190476190477,0.7380952380952381,0.2619047619047619,0.6666666666666666,-1.0952380952380953,95,235,72,189,13,19,6.129506330148918,27,0.40425531914893614,0.38095238095238093,0.6842105263157895,NYK
1629656,Quentin Grimes,2023,79,29.417721518987342,10.582278481012658,3.1645569620253164,2.0632911392405062,0.6835443037974683,0.3924050632911392,0.9746835443037974,2.481012658227848,295,638,165,438,81,103,7.487780806663184,36,0.46238244514106586,0.3767123287671233,0.7864077669902912,NYK
1629656,Quentin Grimes,2024,49,19.93877551020408,6.795918367346939,1.8979591836734695,1.2857142857142858,0.673469387755102,0.08163265306122448,0.5306122448979592,-0.8775510204081632,115,313,76,229,27,34,5.159859461251241,19,0.36741214057507987,0.3318777292576419,0.7941176470588235,NYK
1629656,Quentin Grimes,2025,64,25.546875,12.15625,4.140625,2.640625,0.828125,0.265625,1.703125,-2.90625,284,623,123,325,87,115,8.604573811420906,35,0.45585874799357945,0.37846153846153846,0.7565217391304347,NYK
1629656,Quentin Grimes,2026,77,27.506493506493506,11.155844155844155,3.272727272727273,3.090909090909091,0.6753246753246753,0.3246753246753247,1.5194805194805194,-1.6883116883116882,291,666,124,361,153,190,6.236701504770253,27,0.4369369369369369,0.34349030470914127,0.8052631578947368,NYK
1629657,Kyle Guy,2022,19,9.736842105263158,3.8947368421052633,0.8947368421052632,0.8947368421052632,0.3684210526315789,0.05263157894736842,0.6842105263157895,-2.526315789473684,26,65,14,40,8,12,4.897785631646944,17,0.4,0.35,0.6666666666666666,MIA
1629659,Talen Horton-Tucker,2022,54,24.462962962962962,8.88888888888889,3.0925925925925926,2.5555555555555554,0.9259259259259259,0.4444444444444444,1.4259259259259258,-2.0555555555555554,186,452,41,155,67,90,6.064641309577713,25,0.41150442477876104,0.2645161290322581,0.7444444444444445,UTA
1629659,Talen Horton-Tucker,2023,56,18.857142857142858,9.071428571428571,2.9642857142857144,3.5535714285714284,0.625,0.32142857142857145,1.6607142857142858,-0.6071428571428571,194,483,48,173,72,104,7.524160219784465,41,0.40165631469979296,0.2774566473988439,0.6923076923076923,UTA
1629659,Talen Horton-Tucker,2024,49,19.632653061224488,10.0,2.36734693877551,3.3469387755102042,0.8979591836734694,0.3877551020408163,1.3061224489795917,-2.163265306122449,177,446,60,179,76,92,6.058740243097845,27,0.3968609865470852,0.33519553072625696,0.8260869565217391,UTA
1629659,Talen Horton-Tucker,2025,56,11.678571428571429,6.053571428571429,1.5714285714285714,1.2857142857142858,0.4107142857142857,0.17857142857142858,0.6964285714285714,-0.23214285714285715,124,265,39,110,52,75,6.422742667787912,22,0.4679245283018868,0.35454545454545455,0.6933333333333334,UTA
1629660,Ty Jerome,2022,48,16.666666666666668,7.083333333333333,1.625,2.2708333333333335,0.625,0.10416666666666667,0.7708333333333334,-0.14583333333333334,124,328,54,186,38,47,5.047996583155153,24,0.3780487804878049,0.2903225806451613,0.8085106382978723,CLE
1629660,Ty Jerome,2023,45,18.155555555555555,6.866666666666666,1.7333333333333334,3.0,0.5111111111111111,0.1111111111111111,0.6666666666666666,-2.0444444444444443,118,242,35,90,38,41,5.813776741499454,22,0.48760330578512395,0.3888888888888889,0.926829268292683,CLE
1629660,Ty Jerome,2025,76,19.763157894736842,12.210526315789474,2.4078947368421053,3.3552631578947367,1.013157894736842,0.05263157894736842,1.3157894736842106,4.9605263157894735,341,672,122,277,124,146,7.17461411640363,33,0.5074404761904762,0.4404332129963899,0.8493150684931506,CLE
1629661,Cameron Johnson,2022,78,25.897435897435898,11.846153846153847,4.064102564102564,1.5256410256410255,0.782051282051282,0.21794871794871795,0.7564102564102564,2.423076923076923,314,690,179,438,117,138,5.306396343832804,24,0.45507246376811594,0.408675799086758,0.8478260869565217,BKN
1629661,Cameron Johnson,2023,40,28.925,15.325,4.275,1.875,1.225,0.325,0.75,3.325,223,462,103,251,64,77,7.6238071786631565,33,0.48268398268398266,0.4103585657370518,0.8311688311688312,BKN
1629661,Cameron Johnson,2024,57,27.526315789473685,13.210526315789474,4.315789473684211,2.4035087719298245,0.8421052631578947,0.2631578947368421,0.9824561403508771,-1.4736842105263157,270,607,134,346,79,102,5.320905005277577,29,0.44481054365733114,0.3872832369942196,0.7745098039215687,BKN
1629661,Cameron Johnson,2025,45,31.266666666666666,17.444444444444443,4.177777777777778,3.2444444444444445,0.9333333333333333,0.4444444444444444,1.5333333333333334,-4.333333333333333,275,573,128,324,107,121,5.825319170169428,37,0.4799301919720768,0.3950617283950617,0.8842975206611571,BKN
1629661,Cameron Johnson,2026,55,30.29090909090909,12.218181818181819,3.6,2.4545454545454546,0.7818181818181819,0.3090909090909091,0.8727272727272727,6.163636363636364,241,491,112,265,78,97,5.899437854861003,28,0.4908350305498982,0.4226415094339623,0.8041237113402062,BKN
1629667,Jalen McDaniels,2022,56,16.446428571428573,6.196428571428571,3.107142857142857,1.0535714285714286,0.4642857142857143,0.39285714285714285,0.6607142857142857,0.7321428571428571,125,260,43,112,54,74,4.594145059874451,16,0.4807692307692308,0.38392857142857145,0.7297297297297297,CHA
1629667,Jalen McDaniels,2023,87,22.620689655172413,8.620689655172415,4.0344827586206895,1.5172413793103448,0.9310344827586207,0.3793103448275862,1.0919540229885059,-1.7241379310344827,281,620,78,238,110,132,5.738976043727063,26,0.4532258064516129,0.3277310924369748,0.8333333333333334,CHA
1629667,Jalen McDaniels,2024,49,10.816326530612244,3.142857142857143,1.5510204081632653,0.7551020408163265,0.3673469387755102,0.12244897959183673,0.5918367346938775,-3.142857142857143,61,184,12,71,20,27,3.5707142142714248,13,0.33152173913043476,0.16901408450704225,0.7407407407407407,CHA
1629669,Jaylen Nowell,2022,64,15.546875,8.375,1.921875,2.078125,0.453125,0.15625,0.578125,1.265625,200,425,63,165,73,94,5.897268670984711,29,0.47058823529411764,0.38181818181818183,0.776595744680851,MIN
1629669,Jaylen Nowell,2023,70,18.614285714285714,10.114285714285714,2.4714285714285715,1.9142857142857144,0.6,0.07142857142857142,0.9714285714285714,-0.6428571428571429,284,645,69,239,71,93,6.432577541719007,30,0.44031007751937984,0.28870292887029286,0.7634408602150538,MIN
1629670,Jordan Nwora,2022,69,16.81159420289855,6.768115942028985,3.101449275362319,0.8260869565217391,0.36231884057971014,0.2318840579710145,0.7971014492753623,-0.9130434782608695,181,448,76,223,29,38,7.0526276445196014,28,0.40401785714285715,0.34080717488789236,0.7631578947368421,MIL
1629670,Jordan Nwora,2023,62,19.161290322580644,8.741935483870968,3.693548387096774,1.4193548387096775,0.3870967741935484,0.22580645161290322,1.064516129032258,-4.064516129032258,194,445,86,211,68,86,6.697039923240294,33,0.43595505617977526,0.4075829383886256,0.7906976744186046,MIL
1629670,Jordan Nwora,2024,51,13.313725490196079,6.666666666666667,2.7450980392156863,1.0980392156862746,0.49019607843137253,0.2549019607843137,1.0196078431372548,-4.117647058823529,131,283,41,124,37,45,5.523284047255461,19,0.4628975265017668,0.33064516129032256,0.8222222222222222,MIL
1629671,Miye Oni,2022,16,2.75,0.3125,0.4375,0.3125,0.0,0.0,0.0625,-2.0,2,9,1,8,0,1,0.8732124598286489,3,0.2222222222222222,0.125,0.0,UTA
1629672,Eric Paschall,2022,60,11.85,5.033333333333333,1.7166666666666666,0.5666666666666667,0.15,0.08333333333333333,0.45,0.03333333333333333,105,214,39,103,53,68,4.7797832255883534,18,0.49065420560747663,0.3786407766990291,0.7794117647058824,UTA
1629673,Jordan Poole,2022,81,28.864197530864196,16.925925925925927,3.0,3.8641975308641974,0.7777777777777778,0.3333333333333333,2.4444444444444446,3.654320987654321,491,1050,213,570,176,194,7.590747291567837,33,0.4676190476190476,0.3736842105263158,0.9072164948453608,GSW
1629673,Jordan Poole,2023,67,27.686567164179106,16.507462686567163,2.626865671641791,4.432835820895522,0.7611940298507462,0.26865671641791045,2.5970149253731343,-0.22388059701492538,398,938,153,467,157,190,8.714969939148,38,0.42430703624733473,0.32762312633832974,0.8263157894736842,GSW
1629673,Jordan Poole,2024,71,29.87323943661972,17.0,2.619718309859155,4.464788732394366,1.0845070422535212,0.29577464788732394,2.4225352112676055,-7.605633802816901,446,1057,169,501,146,164,8.5707142559499,38,0.4219489120151372,0.3373253493013972,0.8902439024390244,GSW
1629673,Jordan Poole,2025,49,28.26530612244898,17.46938775510204,2.693877551020408,4.1020408163265305,1.2244897959183674,0.32653061224489793,3.020408163265306,-9.285714285714286,296,688,153,399,111,129,6.831611696177332,34,0.43023255813953487,0.38345864661654133,0.8604651162790697,GSW
1629673,Jordan Poole,2026,35,23.34285714285714,12.4,1.9142857142857144,3.0,0.6,0.37142857142857144,1.8857142857142857,-4.228571428571429,143,392,84,253,64,78,8.264737282753833,34,0.3647959183673469,0.33201581027667987,0.8205128205128205,GSW
1629674,Neemias Queta,2024,28,10.142857142857142,4.321428571428571,3.607142857142857,0.5357142857142857,0.42857142857142855,0.4642857142857143,0.2857142857142857,4.392857142857143,55,86,0,0,11,16,3.810838066946269,16,0.6395348837209303,0.0,0.6875,BOS
1629674,Neemias Queta,2025,61,13.311475409836065,4.885245901639344,3.5737704918032787,0.6721311475409836,0.2786885245901639,0.5245901639344263,0.6065573770491803,1.4426229508196722,128,198,0,3,42,56,3.773143519912531,14,0.6464646464646465,0.0,0.75,BOS
1629674,Neemias Queta,2026,68,24.573529411764707,9.485294117647058,8.058823529411764,1.5735294117647058,0.7352941176470589,0.8382352941176471,0.9705882352941176,3.985294117647059,276,428,1,8,92,134,4.205513960670886,24,0.6448598130841121,0.125,0.6865671641791045,BOS
1629675,Naz Reid,2022,74,15.22972972972973,7.891891891891892,3.675675675675676,0.8648648648648649,0.5,0.7297297297297297,1.054054054054054,-1.662162162162162,219,451,54,156,92,125,4.671591696034009,23,0.48558758314855877,0.34615384615384615,0.736,MIN
1629675,Naz Reid,2023,64,18.03125,11.390625,4.734375,1.09375,0.640625,0.640625,1.3125,-1.953125,293,539,74,202,69,107,6.620356264091235,30,0.5435992578849722,0.36633663366336633,0.6448598130841121,MIN
1629675,Naz Reid,2024,89,23.40449438202247,12.573033707865168,4.943820224719101,1.247191011235955,0.7752808988764045,0.6853932584269663,1.2134831460674158,2.3146067415730336,421,885,167,418,110,152,5.87345267911906,31,0.47570621468926555,0.39952153110047844,0.7236842105263158,MIN
1629675,Naz Reid,2025,86,26.837209302325583,13.372093023255815,5.662790697674419,2.2093023255813953,0.7325581395348837,0.7325581395348837,1.3488372093023255,4.151162790697675,429,920,189,482,103,139,6.654580928384696,30,0.46630434782608693,0.3921161825726141,0.7410071942446043,MIN
1629675,Naz Reid,2026,86,26.290697674418606,13.44186046511628,6.395348837209302,2.13953488372093,0.9069767441860465,0.8255813953488372,1.5813953488372092,1.8372093023255813,441,964,178,487,96,135,6.3405411740876625,33,0.4574688796680498,0.3655030800821355,0.7111111111111111,MIN
1629676,Isaiah Roby,2022,37,18.243243243243242,8.513513513513514,4.486486486486487,1.3513513513513513,0.5945945945945946,0.5405405405405406,0.7567567567567568,-3.189189189189189,121,235,30,69,43,67,5.988978866874375,26,0.5148936170212766,0.43478260869565216,0.6417910447761194,SAS
1629676,Isaiah Roby,2023,42,11.333333333333334,4.095238095238095,2.5714285714285716,0.9047619047619048,0.42857142857142855,0.16666666666666666,0.7380952380952381,-2.619047619047619,67,155,18,60,20,41,3.5873050133771955,14,0.432258064516129,0.3,0.4878048780487805,SAS
1629677,Luka Samanic,2024,42,8.880952380952381,3.6904761904761907,2.2857142857142856,0.40476190476190477,0.09523809523809523,0.16666666666666666,0.6190476190476191,-1.380952380952381,53,141,12,57,37,47,4.302512568471858,15,0.375886524822695,0.21052631578947367,0.7872340425531915,UTA
1629678,Admiral Schofield,2022,38,12.342105263157896,3.8421052631578947,2.3421052631578947,0.6578947368421053,0.10526315789473684,0.13157894736842105,0.5526315789473685,-3.3684210526315788,54,129,26,79,12,15,3.259301166926479,10,0.4186046511627907,0.3291139240506329,0.8,ORL
1629678,Admiral Schofield,2023,36,11.972222222222221,3.9444444444444446,1.7222222222222223,0.7777777777777778,0.2222222222222222,0.1388888888888889,0.4166666666666667,-2.5555555555555554,52,115,23,70,15,17,3.5772650722060564,13,0.45217391304347826,0.32857142857142857,0.8823529411764706,ORL
1629678,Admiral Schofield,2024,23,3.652173913043478,1.1304347826086956,0.7391304347826086,0.30434782608695654,0.043478260869565216,0.0,0.21739130434782608,-0.5652173913043478,10,26,6,16,0,2,1.866068980165304,5,0.38461538461538464,0.375,0.0,ORL
1629680,Matisse Thybulle,2022,69,24.347826086956523,5.217391304347826,2.1449275362318843,1.0434782608695652,1.6376811594202898,0.855072463768116,0.5507246376811594,0.0,144,291,41,139,31,42,3.665697771700865,15,0.4948453608247423,0.2949640287769784,0.7380952380952381,POR
1629680,Matisse Thybulle,2023,67,16.925373134328357,3.985074626865672,1.8805970149253732,0.7014925373134329,1.208955223880597,0.373134328358209,0.34328358208955223,-0.373134328358209,100,234,48,138,19,28,3.9523393046643824,15,0.42735042735042733,0.34782608695652173,0.6785714285714286,POR
1629680,Matisse Thybulle,2024,63,22.793650793650794,5.5396825396825395,2.0476190476190474,1.380952380952381,1.7301587301587302,0.6825396825396826,0.6349206349206349,-3.9365079365079363,124,311,79,227,22,29,4.324817343990815,16,0.3987138263665595,0.34801762114537443,0.7586206896551724,POR
1629680,Matisse Thybulle,2025,15,20.733333333333334,7.466666666666667,3.466666666666667,1.8666666666666667,2.2,0.6,0.8666666666666667,0.06666666666666667,42,88,21,48,7,15,4.867775477077604,15,0.4772727272727273,0.4375,0.4666666666666667,POR
1629680,Matisse Thybulle,2026,34,15.617647058823529,5.205882352941177,1.9411764705882353,0.8823529411764706,1.8235294117647058,0.47058823529411764,0.7941176470588235,1.6176470588235294,59,146,38,103,21,25,3.8120972654822602,14,0.4041095890410959,0.36893203883495146,0.84,POR
1629681,Killian Tillie,2022,35,13.142857142857142,3.3714285714285714,1.7142857142857142,0.6285714285714286,0.6571428571428571,0.42857142857142855,0.37142857142857144,0.9142857142857143,43,127,27,86,5,8,3.2817294067548692,12,0.33858267716535434,0.313953488372093,0.625,MEM
1629684,Grant Williams,2022,94,24.70212765957447,7.659574468085107,3.5531914893617023,0.9680851063829787,0.4787234042553192,0.6595744680851063,0.8085106382978723,0.8297872340425532,246,535,129,324,99,116,5.46258671147803,27,0.45981308411214955,0.39814814814814814,0.853448275862069,BOS
1629684,Grant Williams,2023,91,24.24175824175824,7.362637362637362,4.131868131868132,1.5714285714285714,0.5054945054945055,0.3626373626373626,0.8791208791208791,1.8131868131868132,228,502,129,319,85,112,5.384167084076718,23,0.4541832669322709,0.4043887147335423,0.7589285714285714,BOS
1629684,Grant Williams,2024,71,27.718309859154928,9.943661971830986,4.042253521126761,2.267605633802817,0.5774647887323944,0.4647887323943662,1.3098591549295775,-3.5211267605633805,254,559,120,317,78,107,6.656655796899097,27,0.4543828264758497,0.3785488958990536,0.7289719626168224,BOS
1629684,Grant Williams,2026,37,19.56756756756757,6.8108108108108105,3.864864864864865,1.4864864864864864,0.4864864864864865,0.3783783783783784,0.8378378378378378,5.081081081081081,79,187,52,136,42,53,4.71897963216295,20,0.42245989304812837,0.38235294117647056,0.7924528301886793,BOS
1629685,Dylan Windler,2022,50,9.26,2.2,1.78,0.68,0.28,0.06,0.32,-0.18,37,98,21,70,15,18,3.1493439550069433,13,0.37755102040816324,0.3,0.8333333333333334,CLE
1629685,Dylan Windler,2024,17,6.352941176470588,2.5294117647058822,0.9411764705882353,0.5882352941176471,0.11764705882352941,0.0,0.11764705882352941,-0.9411764705882353,15,30,13,27,0,0,3.9070072795367228,12,0.5,0.48148148148148145,0.0,CLE
1629717,Armoni Brooks,2022,58,14.724137931034482,4.9655172413793105,1.8103448275862069,1.0689655172413792,0.4827586206896552,0.1896551724137931,0.46551724137931033,-1.5344827586206897,98,293,74,253,18,21,5.531300146142412,21,0.33447098976109213,0.2924901185770751,0.8571428571428571,HOU
1629718,Charlie Brown Jr.,2022,18,9.777777777777779,1.6666666666666667,1.7777777777777777,0.3333333333333333,0.5555555555555556,0.2222222222222222,0.2777777777777778,-1.0555555555555556,10,39,1,12,9,10,2.1962534944228786,7,0.2564102564102564,0.08333333333333333,0.9,PHI
1629719,Devontae Cacok,2022,15,8.066666666666666,3.066666666666667,2.8,0.4,0.5333333333333333,0.4666666666666667,0.2,-0.06666666666666667,21,31,0,0,4,7,2.8149262021959873,8,0.6774193548387096,0.0,0.5714285714285714,SAS
1629723,John Konchar,2022,79,17.075949367088608,4.531645569620253,4.405063291139241,1.4430379746835442,0.6075949367088608,0.2911392405063291,0.379746835443038,0.6708860759493671,138,273,53,132,29,51,4.668045885120356,18,0.5054945054945055,0.4015151515151515,0.5686274509803921,MEM
1629723,John Konchar,2023,76,19.86842105263158,4.631578947368421,4.092105263157895,1.2763157894736843,1.013157894736842,0.35526315789473684,0.4868421052631579,2.5,136,318,58,174,22,30,4.432733108029123,19,0.4276729559748428,0.3333333333333333,0.7333333333333333,MEM
1629723,John Konchar,2024,53,21.641509433962263,4.320754716981132,4.754716981132075,2.0,0.9622641509433962,0.8679245283018868,0.8490566037735849,-2.7735849056603774,85,202,38,119,21,24,3.3898807836177345,13,0.4207920792079208,0.31932773109243695,0.875,MEM
1629723,John Konchar,2025,51,13.0,2.627450980392157,3.411764705882353,0.9803921568627451,0.6470588235294118,0.3137254901960784,0.35294117647058826,0.45098039215686275,49,107,25,71,11,12,2.749260150031099,9,0.45794392523364486,0.352112676056338,0.9166666666666666,MEM
1629723,John Konchar,2026,54,19.537037037037038,4.092592592592593,4.12962962962963,2.074074074074074,1.5185185185185186,0.6296296296296297,0.6296296296296297,-2.0,86,185,25,92,24,36,3.9490553851093395,16,0.4648648648648649,0.2717391304347826,0.6666666666666666,MEM
1629726,Garrison Mathews,2022,57,25.68421052631579,9.035087719298245,2.719298245614035,0.9298245614035088,0.8245614035087719,0.3508771929824561,0.631578947368421,-3.2280701754385963,152,389,117,328,94,121,5.885711852446148,23,0.390745501285347,0.3567073170731707,0.7768595041322314,ATL
1629726,Garrison Mathews,2023,53,12.528301886792454,4.471698113207547,1.3018867924528301,0.4528301886792453,0.41509433962264153,0.09433962264150944,0.33962264150943394,-1.7358490566037736,69,195,60,175,39,44,4.107234581456452,19,0.35384615384615387,0.34285714285714286,0.8863636363636364,ATL
1629726,Garrison Mathews,2024,66,14.863636363636363,4.7272727272727275,1.3636363636363635,0.5454545454545454,0.30303030303030304,0.12121212121212122,0.2878787878787879,-1.4696969696969697,100,219,82,188,30,39,4.06692268673258,20,0.45662100456621,0.43617021276595747,0.7692307692307693,ATL
1629726,Garrison Mathews,2025,47,17.70212765957447,7.51063829787234,1.851063829787234,1.2765957446808511,0.5531914893617021,0.3191489361702128,0.6595744680851063,-1.2765957446808511,102,257,85,218,64,78,6.060823377933182,25,0.3968871595330739,0.38990825688073394,0.8205128205128205,ATL
1629731,Dean Wade,2022,51,19.274509803921568,5.2745098039215685,2.9411764705882355,1.0196078431372548,0.5686274509803921,0.13725490196078433,0.3137254901960784,0.7254901960784313,99,217,51,142,20,30,5.016287198207651,17,0.45622119815668205,0.3591549295774648,0.6666666666666666,CLE
1629731,Dean Wade,2023,46,19.565217391304348,4.521739130434782,3.3260869565217392,0.8043478260869565,0.6086956521739131,0.45652173913043476,0.3695652173913043,2.1739130434782608,73,178,45,128,17,25,4.5691678329856025,22,0.4101123595505618,0.3515625,0.68,CLE
1629731,Dean Wade,2024,57,20.649122807017545,5.298245614035087,3.9298245614035086,0.8421052631578947,0.7192982456140351,0.47368421052631576,0.38596491228070173,2.8771929824561404,100,245,82,212,20,26,5.202900675449849,23,0.40816326530612246,0.3867924528301887,0.7692307692307693,CLE
1629731,Dean Wade,2025,68,20.558823529411764,4.926470588235294,4.220588235294118,1.2058823529411764,0.6617647058823529,0.3088235294117647,0.36764705882352944,4.4411764705882355,118,289,83,236,16,30,3.8645583496601534,19,0.4083044982698962,0.3516949152542373,0.5333333333333333,CLE
1629731,Dean Wade,2026,77,22.441558441558442,5.467532467532467,4.116883116883117,1.3246753246753247,0.7402597402597403,0.3116883116883117,0.33766233766233766,2.324675324675325,152,343,89,244,28,41,3.7925981081728386,14,0.44314868804664725,0.36475409836065575,0.6829268292682927,CLE
1629744,Matt Thomas,2022,39,11.666666666666666,4.128205128205129,1.2820512820512822,0.5128205128205128,0.20512820512820512,0.07692307692307693,0.20512820512820512,0.8205128205128205,55,134,35,91,16,20,3.742919541435164,13,0.41044776119402987,0.38461538461538464,0.8,CHI
1629750,Javonte Green,2022,67,22.44776119402985,6.432835820895522,4.1940298507462686,0.835820895522388,1.044776119402985,0.417910447761194,0.47761194029850745,0.05970149253731343,167,324,35,105,62,76,4.254138379440036,23,0.5154320987654321,0.3333333333333333,0.8157894736842105,CHI
1629750,Javonte Green,2023,31,14.709677419354838,4.774193548387097,2.5806451612903225,0.7096774193548387,0.7096774193548387,0.5806451612903226,0.5483870967741935,1.1290322580645162,54,101,10,32,30,44,4.030795433652889,13,0.5346534653465347,0.3125,0.6818181818181818,CHI
1629750,Javonte Green,2025,72,17.22222222222222,4.916666666666667,2.9722222222222223,0.6944444444444444,0.9166666666666666,0.3888888888888889,0.4722222222222222,-2.5833333333333335,127,291,47,143,53,73,3.888408197432357,15,0.436426116838488,0.32867132867132864,0.726027397260274,CHI
1629750,Javonte Green,2026,90,16.7,6.277777777777778,2.577777777777778,0.6222222222222222,1.1333333333333333,0.2777777777777778,0.5,2.3555555555555556,188,427,98,261,91,111,4.5172025194524785,20,0.44028103044496486,0.37547892720306514,0.8198198198198198,CHI
1629833,Keljin Blevins,2022,31,11.290322580645162,3.064516129032258,1.4516129032258065,0.6129032258064516,0.41935483870967744,0.03225806451612903,0.5483870967741935,-6.709677419354839,34,111,21,72,6,11,3.4344867046956495,11,0.3063063063063063,0.2916666666666667,0.5454545454545454,POR
1630162,Anthony Edwards,2022,63,33.87301587301587,20.523809523809526,4.777777777777778,3.5873015873015874,1.4444444444444444,0.49206349206349204,2.634920634920635,2.7777777777777777,479,1080,189,523,146,189,7.795484927408699,38,0.44351851851851853,0.361376673040153,0.7724867724867724,MIN
1630162,Anthony Edwards,2023,55,35.30909090909091,22.78181818181818,5.527272727272727,4.4363636363636365,1.4,0.6181818181818182,3.036363636363636,0.6363636363636364,487,1039,145,385,134,197,7.964483450481684,37,0.4687199230028874,0.37662337662337664,0.6802030456852792,MIN
1630162,Anthony Edwards,2024,51,35.21568627450981,23.607843137254903,5.431372549019608,5.7254901960784315,1.2745098039215685,0.37254901960784315,2.980392156862745,4.1568627450980395,459,995,127,341,159,206,9.090827094104363,41,0.46130653266331656,0.3724340175953079,0.7718446601941747,MIN
1630162,Anthony Edwards,2025,56,35.57142857142857,24.196428571428573,6.017857142857143,4.5,1.125,0.4642857142857143,2.9285714285714284,4.410714285714286,498,1099,209,532,150,192,7.191964310906349,41,0.4531392174704277,0.39285714285714285,0.78125,MIN
1630162,Anthony Edwards,2026,35,32.142857142857146,23.4,4.685714285714286,3.4285714285714284,1.2857142857142858,0.7142857142857143,2.6285714285714286,3.7142857142857144,311,645,105,255,92,124,9.271080906586382,41,0.4821705426356589,0.4117647058823529,0.7419354838709677,MIN
1630163,LaMelo Ball,2022,68,31.926470588235293,19.426470588235293,6.617647058823529,7.5588235294117645,1.6176470588235294,0.39705882352941174,3.323529411764706,1.8970588235294117,479,1122,200,507,163,188,6.993208168763415,36,0.4269162210338681,0.39447731755424065,0.8670212765957447,CHA
1630163,LaMelo Ball,2023,31,34.74193548387097,22.64516129032258,6.258064516129032,8.516129032258064,1.2258064516129032,0.25806451612903225,3.4516129032258065,-4.258064516129032,252,613,130,336,68,81,5.069834889466481,33,0.4110929853181077,0.3869047619047619,0.8395061728395061,CHA
1630163,LaMelo Ball,2024,17,32.1764705882353,22.58823529411765,5.0,8.176470588235293,1.588235294117647,0.17647058823529413,3.235294117647059,-5.176470588235294,145,319,55,150,39,48,9.753581544293176,36,0.45454545454545453,0.36666666666666664,0.8125,CHA
1630163,LaMelo Ball,2025,31,30.387096774193548,22.677419354838708,4.419354838709677,6.967741935483871,1.1612903225806452,0.16129032258064516,3.5806451612903225,-3.903225806451613,251,620,128,341,73,91,8.623174576972579,36,0.40483870967741936,0.375366568914956,0.8021978021978022,CHA
1630163,LaMelo Ball,2026,66,27.772727272727273,19.560606060606062,4.621212121212121,7.0606060606060606,1.1515151515151516,0.25757575757575757,2.696969696969697,5.984848484848484,463,1131,248,674,117,134,6.803005643161392,37,0.4093722369584439,0.36795252225519287,0.8731343283582089,CHA
1630164,James Wiseman,2023,40,18.525,9.15,5.825,0.6,0.175,0.4,1.1,-7.45,155,282,3,15,53,76,5.9292841268074055,23,0.549645390070922,0.2,0.6973684210526315,DET
1630164,James Wiseman,2024,58,17.25862068965517,7.051724137931035,5.310344827586207,0.8620689655172413,0.1896551724137931,0.5172413793103449,1.0517241379310345,-5.241379310344827,176,287,0,2,57,86,5.786925413993725,24,0.6132404181184669,0.0,0.6627906976744186,DET
1630165,Killian Hayes,2022,65,24.93846153846154,6.815384615384615,3.1384615384615384,4.2,1.1692307692307693,0.49230769230769234,1.646153846153846,-5.553846153846154,172,451,42,165,57,74,4.464765908240276,26,0.38137472283813745,0.2545454545454545,0.7702702702702703,DET
1630165,Killian Hayes,2023,73,27.972602739726028,9.753424657534246,2.835616438356164,6.164383561643835,1.36986301369863,0.3561643835616438,2.219178082191781,-6.616438356164384,284,766,74,268,70,89,6.3064799609383435,26,0.370757180156658,0.27611940298507465,0.7865168539325843,DET
1630165,Killian Hayes,2024,41,24.195121951219512,7.048780487804878,2.8048780487804876,4.926829268292683,0.8780487804878049,0.4146341463414634,1.2439024390243902,-5.7073170731707314,117,282,22,74,33,50,5.941175050072987,23,0.4148936170212766,0.2972972972972973,0.66,DET
1630165,Killian Hayes,2026,22,17.545454545454547,5.5,2.409090909090909,3.590909090909091,0.9090909090909091,0.18181818181818182,1.2727272727272727,-0.36363636363636365,42,135,17,61,20,22,4.9737405680328,18,0.3111111111111111,0.2786885245901639,0.9090909090909091,DET
1630166,Deni Avdija,2022,80,24.075,8.175,5.2,2.0125,0.725,0.5125,1.0625,-0.925,241,557,78,247,94,126,4.759467580052377,21,0.4326750448833034,0.3157894736842105,0.746031746031746,WAS
1630166,Deni Avdija,2023,72,26.25,8.86111111111111,6.291666666666667,2.7777777777777777,0.8055555555555556,0.3472222222222222,1.6527777777777777,-1.2638888888888888,239,549,63,216,97,132,5.751437188560727,25,0.4353369763205829,0.2916666666666667,0.7348484848484849,WAS
1630166,Deni Avdija,2024,66,29.196969696969695,13.393939393939394,6.742424242424242,3.8484848484848486,0.7727272727272727,0.4393939393939394,2.0606060606060606,-5.484848484848484,338,682,68,191,140,195,5.599117479578058,25,0.49560117302052786,0.35602094240837695,0.717948717948718,WAS
1630166,Deni Avdija,2025,48,28.229166666666668,13.875,6.375,3.2916666666666665,0.9166666666666666,0.3541666666666667,2.4375,-3.2916666666666665,240,530,72,218,114,156,6.3902352369047195,33,0.4528301886792453,0.3302752293577982,0.7307692307692307,WAS
1630166,Deni Avdija,2026,19,29.894736842105264,18.789473684210527,5.684210526315789,5.315789473684211,0.7894736842105263,0.42105263157894735,3.4210526315789473,-5.105263157894737,136,292,32,94,53,79,7.941305149997709,32,0.4657534246575342,0.3404255319148936,0.6708860759493671,WAS
1630167,Obi Toppin,2022,69,16.420289855072465,8.55072463768116,3.608695652173913,1.0,0.3333333333333333,0.43478260869565216,0.7681159420289855,2.710144927536232,233,436,48,156,76,103,7.379495104449216,42,0.5344036697247706,0.3076923076923077,0.7378640776699029,IND
1630167,Obi Toppin,2023,78,15.679487179487179,7.358974358974359,2.8974358974358974,0.9358974358974359,0.3974358974358974,0.19230769230769232,0.5897435897435898,0.6923076923076923,217,489,98,290,42,52,6.164359982945025,34,0.4437627811860941,0.33793103448275863,0.8076923076923077,IND
1630167,Obi Toppin,2024,95,20.736842105263158,10.16842105263158,3.9473684210526314,1.5894736842105264,0.5157894736842106,0.4105263157894737,0.8421052631578947,0.7263157894736842,383,680,113,294,87,115,5.7863607634383145,27,0.5632352941176471,0.3843537414965986,0.7565217391304347,IND
1630167,Obi Toppin,2025,99,19.424242424242426,10.141414141414142,3.9696969696969697,1.5656565656565657,0.5757575757575758,0.3333333333333333,0.8888888888888888,-1.0101010101010102,386,745,132,370,100,135,6.111231047716449,34,0.5181208053691275,0.3567567567567568,0.7407407407407407,IND
1630167,Obi Toppin,2026,22,17.59090909090909,10.954545454545455,4.2272727272727275,2.272727272727273,0.5,0.045454545454545456,1.2272727272727273,-1.5454545454545454,92,180,32,93,25,27,6.74344318386579,26,0.5111111111111111,0.34408602150537637,0.9259259259259259,IND
1630168,Onyeka Okongwu,2022,47,19.93617021276596,6.76595744680851,5.595744680851064,0.9361702127659575,0.6382978723404256,0.9361702127659575,0.9361702127659575,1.0851063829787233,130,189,0,0,58,86,4.314851833606335,17,0.6878306878306878,0.0,0.6744186046511628,ATL
1630168,Onyeka Okongwu,2023,65,21.93846153846154,8.538461538461538,6.676923076923077,1.0,0.6923076923076923,0.9692307692307692,1.0,-0.4461538461538462,231,363,4,10,89,121,4.031427023543134,19,0.6363636363636364,0.4,0.7355371900826446,ATL
1630168,Onyeka Okongwu,2024,50,25.62,10.24,6.9,1.34,0.44,0.88,0.82,-0.34,207,337,20,62,78,92,5.040893992626502,22,0.6142433234421365,0.3225806451612903,0.8478260869565217,ATL
1630168,Onyeka Okongwu,2025,63,27.58730158730159,12.492063492063492,8.476190476190476,2.1587301587301586,0.8571428571428571,0.7142857142857143,1.2222222222222223,0.25396825396825395,323,581,45,136,96,134,5.838893553695563,30,0.5559380378657487,0.33088235294117646,0.7164179104477612,ATL
1630168,Onyeka Okongwu,2026,66,31.363636363636363,14.136363636363637,7.575757575757576,3.0303030303030303,1.0303030303030303,0.7727272727272727,1.5,-0.3484848484848485,354,745,128,332,97,136,6.218796231862446,31,0.47516778523489933,0.3855421686746988,0.7132352941176471,ATL
1630169,Tyrese Haliburton,2022,69,34.768115942028984,14.63768115942029,3.869565217391304,7.956521739130435,1.6666666666666667,0.5942028985507246,2.550724637681159,-4.434782608695652,377,794,147,344,109,133,6.701560429553951,30,0.4748110831234257,0.4273255813953488,0.8195488721804511,IND
1630169,Tyrese Haliburton,2023,44,33.43181818181818,19.40909090909091,3.5,10.045454545454545,1.4545454545454546,0.38636363636363635,2.6818181818181817,-1.4090909090909092,317,650,129,312,91,109,7.860168001690496,43,0.4876923076923077,0.41346153846153844,0.8348623853211009,IND
1630169,Tyrese Haliburton,2024,73,32.23287671232877,18.45205479452055,4.205479452054795,10.26027397260274,1.1643835616438356,0.6575342465753424,2.2054794520547945,3.3013698630136985,502,1066,206,573,137,159,7.363651524531402,35,0.4709193245778612,0.35951134380453753,0.8616352201257862,IND
1630169,Tyrese Haliburton,2025,79,33.31645569620253,17.126582278481013,3.9873417721518987,9.0,1.4177215189873418,0.569620253164557,1.8101265822784811,2.9873417721518987,492,1073,224,589,145,175,7.74988352039448,34,0.45852749301025164,0.38030560271646857,0.8285714285714286,IND
1630170,Devin Vassell,2022,71,27.35211267605634,12.366197183098592,4.295774647887324,1.9154929577464788,1.0422535211267605,0.5352112676056338,0.8028169014084507,0.4225352112676056,327,767,142,387,82,98,5.848661474754513,23,0.42633637548891784,0.3669250645994832,0.8367346938775511,SAS
1630170,Devin Vassell,2023,34,30.794117647058822,18.38235294117647,3.823529411764706,3.5,1.1176470588235294,0.4411764705882353,1.4705882352941178,-7.5588235294117645,238,531,97,238,52,65,6.334201085125832,29,0.448210922787194,0.40756302521008403,0.8,SAS
1630170,Devin Vassell,2024,61,32.704918032786885,18.639344262295083,3.7704918032786887,4.049180327868853,1.1475409836065573,0.29508196721311475,1.5737704918032787,-4.147540983606557,439,943,143,391,116,146,7.254958733825314,34,0.46553552492046657,0.3657289002557545,0.7945205479452054,SAS
1630170,Devin Vassell,2025,58,30.879310344827587,16.310344827586206,3.9655172413793105,2.8620689655172415,1.3275862068965518,0.41379310344827586,1.3448275862068966,-4.120689655172414,365,808,148,390,68,90,6.852344704492274,37,0.45173267326732675,0.37948717948717947,0.7555555555555555,SAS
1630170,Devin Vassell,2026,89,31.60674157303371,13.561797752808989,4.337078651685394,2.5280898876404496,0.9550561797752809,0.4606741573033708,0.9101123595505618,7.0,429,985,218,571,131,161,5.714723917971126,35,0.4355329949238579,0.38178633975481613,0.8136645962732919,SAS
1630171,Isaac Okoro,2022,66,28.984848484848484,8.212121212121213,3.0,1.6818181818181819,0.8333333333333334,0.2878787878787879,0.803030303030303,0.5606060606060606,196,416,54,157,96,130,4.747518060937497,20,0.47115384615384615,0.34394904458598724,0.7384615384615385,CLE
1630171,Isaac Okoro,2023,79,21.303797468354432,6.443037974683544,2.367088607594937,1.139240506329114,0.7088607594936709,0.3670886075949367,0.569620253164557,1.6455696202531647,183,369,65,178,78,103,4.439758700543561,20,0.4959349593495935,0.3651685393258427,0.7572815533980582,CLE
1630171,Isaac Okoro,2024,78,26.5,8.679487179487179,2.7948717948717947,1.7692307692307692,0.8461538461538461,0.4358974358974359,0.782051282051282,0.19230769230769232,249,525,91,238,88,132,4.8737131894562955,22,0.4742857142857143,0.38235294117647056,0.6666666666666666,CLE
1630171,Isaac Okoro,2025,63,18.396825396825395,5.888888888888889,2.1904761904761907,1.1587301587301588,0.6031746031746031,0.2698412698412698,0.42857142857142855,4.873015873015873,138,295,62,166,33,46,3.9395067282146816,16,0.46779661016949153,0.37349397590361444,0.717391304347826,CLE
1630171,Isaac Okoro,2026,59,26.54237288135593,8.796610169491526,2.6440677966101696,1.5593220338983051,0.7627118644067796,0.3559322033898305,0.6779661016949152,-5.864406779661017,190,428,66,208,73,92,4.645278140282286,20,0.4439252336448598,0.3173076923076923,0.7934782608695652,CLE
1630172,Patrick Williams,2022,21,25.428571428571427,8.428571428571429,4.380952380952381,0.7142857142857143,0.6666666666666666,0.5238095238095238,0.8571428571428571,-6.0,66,128,19,46,26,38,6.144684113698836,23,0.515625,0.41304347826086957,0.6842105263157895,CHI
1630172,Patrick Williams,2023,78,28.23076923076923,9.923076923076923,3.948717948717949,1.205128205128205,0.8717948717948718,0.7564102564102564,1.2179487179487178,-2.1538461538461537,296,644,106,263,76,88,4.456919997502295,23,0.45962732919254656,0.40304182509505704,0.8636363636363636,CHI
1630172,Patrick Williams,2024,42,27.30952380952381,9.904761904761905,3.880952380952381,1.5238095238095237,0.9047619047619048,0.7142857142857143,1.3571428571428572,-0.19047619047619047,155,352,56,144,50,64,5.950238871243307,25,0.4403409090909091,0.3888888888888889,0.78125,CHI
1630172,Patrick Williams,2025,64,24.828125,8.84375,3.734375,1.9375,0.765625,0.5,1.34375,-2.984375,205,518,96,273,60,83,4.788275197300106,21,0.39575289575289574,0.3516483516483517,0.7228915662650602,CHI
1630172,Patrick Williams,2026,71,20.464788732394368,7.084507042253521,2.9859154929577465,1.4647887323943662,0.6901408450704225,0.323943661971831,1.028169014084507,-4.901408450704225,178,471,95,268,52,73,4.553637412233495,20,0.37791932059447986,0.35447761194029853,0.7123287671232876,CHI
1630173,Precious Achiuwa,2022,72,23.61111111111111,9.055555555555555,6.222222222222222,1.1111111111111112,0.4583333333333333,0.4027777777777778,1.1805555555555556,0.06944444444444445,263,590,58,154,68,115,5.015156995250593,21,0.4457627118644068,0.37662337662337664,0.591304347826087,TOR
1630173,Precious Achiuwa,2023,50,19.92,8.94,5.82,0.82,0.54,0.5,1.02,-1.2,182,373,26,96,57,86,5.51957555303977,27,0.4879356568364611,0.2708333333333333,0.6627906976744186,TOR
1630173,Precious Achiuwa,2024,73,20.36986301369863,6.8493150684931505,5.945205479452055,1.1643835616438356,0.5753424657534246,0.7123287671232876,0.9178082191780822,-1.1506849315068493,215,428,20,85,50,92,5.136122707723946,19,0.5023364485981309,0.23529411764705882,0.5434782608695652,TOR
1630173,Precious Achiuwa,2025,61,17.459016393442624,5.770491803278689,4.836065573770492,0.7540983606557377,0.7213114754098361,0.47540983606557374,0.7049180327868853,-0.8524590163934426,152,306,9,33,39,66,5.292741704834873,26,0.49673202614379086,0.2727272727272727,0.5909090909090909,TOR
1630173,Precious Achiuwa,2026,69,23.55072463768116,9.666666666666666,6.666666666666667,1.3623188405797102,0.927536231884058,0.6376811594202898,0.855072463768116,-4.028985507246377,292,556,24,89,59,108,6.670097156596099,29,0.5251798561151079,0.2696629213483146,0.5462962962962963,TOR
1630174,Aaron Nesmith,2022,64,9.609375,3.25,1.609375,0.390625,0.328125,0.09375,0.484375,0.28125,76,195,32,122,24,30,4.167142829935083,18,0.38974358974358975,0.26229508196721313,0.8,IND
1630174,Aaron Nesmith,2023,67,24.71641791044776,9.776119402985074,3.791044776119403,1.4328358208955223,0.746268656716418,0.3582089552238806,1.044776119402985,-2.388059701492537,227,543,106,291,95,118,6.244563442834696,25,0.4180478821362799,0.3642611683848797,0.8050847457627118,IND
1630174,Aaron Nesmith,2024,84,28.535714285714285,11.869047619047619,3.9523809523809526,1.619047619047619,0.7857142857142857,0.5714285714285714,0.9523809523809523,2.892857142857143,358,729,154,388,127,159,5.587808937373992,26,0.49108367626886146,0.39690721649484534,0.7987421383647799,IND
1630174,Aaron Nesmith,2025,66,25.833333333333332,11.893939393939394,4.515151515151516,1.196969696969697,0.803030303030303,0.45454545454545453,0.8939393939393939,4.4393939393939394,277,562,138,301,93,105,6.19212598728613,30,0.4928825622775801,0.4584717607973422,0.8857142857142857,IND
1630174,Aaron Nesmith,2026,42,29.476190476190474,12.761904761904763,4.190476190476191,1.9523809523809523,0.5238095238095238,0.5238095238095238,1.4523809523809523,-5.261904761904762,185,461,95,255,71,90,6.434698332078576,32,0.40130151843817785,0.37254901960784315,0.7888888888888889,IND
1630175,Cole Anthony,2022,55,31.21818181818182,15.454545454545455,5.036363636363636,5.236363636363636,0.6545454545454545,0.23636363636363636,2.690909090909091,-4.5636363636363635,303,771,103,314,141,164,7.033828791970095,33,0.39299610894941633,0.32802547770700635,0.8597560975609756,ORL
1630175,Cole Anthony,2023,52,26.326923076923077,12.865384615384615,4.769230769230769,3.8846153846153846,0.6153846153846154,0.4230769230769231,1.4807692307692308,-0.9230769230769231,244,547,70,189,111,126,6.230943799576767,28,0.4460694698354662,0.37037037037037035,0.8809523809523809,ORL
1630175,Cole Anthony,2024,82,21.378048780487806,10.585365853658537,3.682926829268293,2.658536585365854,0.7682926829268293,0.4146341463414634,1.5,1.4268292682926829,316,739,89,264,147,182,6.148273308768362,26,0.42760487144790255,0.3371212121212121,0.8076923076923077,ORL
1630175,Cole Anthony,2025,64,16.71875,7.859375,2.640625,2.625,0.609375,0.265625,1.484375,-0.09375,191,469,62,188,59,77,7.046032740553536,27,0.4072494669509595,0.32978723404255317,0.7662337662337663,ORL
1630175,Cole Anthony,2026,35,15.057142857142857,6.685714285714286,2.4857142857142858,3.4571428571428573,0.5714285714285714,0.3142857142857143,1.8571428571428572,-3.1714285714285713,98,231,22,72,16,26,5.534764082178946,23,0.42424242424242425,0.3055555555555556,0.6153846153846154,ORL
1630177,Theo Maledon,2022,49,17.306122448979593,6.510204081632653,2.5306122448979593,2.163265306122449,0.5510204081632653,0.20408163265306123,1.183673469387755,-3.7551020408163267,107,290,40,141,65,85,6.680576475186578,28,0.3689655172413793,0.28368794326241137,0.7647058823529411,CHA
1630177,Theo Maledon,2023,42,19.023809523809526,6.357142857142857,2.8333333333333335,3.380952380952381,0.8571428571428571,0.19047619047619047,1.2619047619047619,-3.5,94,234,25,88,54,64,5.225740365664753,22,0.4017094017094017,0.2840909090909091,0.84375,CHA
1630177,Theo Maledon,2024,17,12.588235294117647,3.4705882352941178,1.411764705882353,1.6470588235294117,0.4117647058823529,0.0,1.0588235294117647,-3.823529411764706,20,70,5,30,14,15,3.502100210210002,9,0.2857142857142857,0.16666666666666666,0.9333333333333333,CHA
1630178,Tyrese Maxey,2022,72,36.09722222222222,16.52777777777778,3.2777777777777777,4.25,0.7361111111111112,0.3333333333333333,1.2222222222222223,3.236111111111111,453,941,138,314,146,174,6.667077452132881,38,0.4814027630180659,0.4394904458598726,0.8390804597701149,PHI
1630178,Tyrese Maxey,2023,64,34.015625,19.546875,3.25,3.21875,0.90625,0.1875,1.203125,3.875,458,969,171,398,164,193,8.197811724081744,44,0.4726522187822497,0.4296482412060301,0.8497409326424871,PHI
1630178,Tyrese Maxey,2024,49,37.04081632653061,22.918367346938776,3.489795918367347,6.387755102040816,0.8571428571428571,0.3877551020408163,1.5918367346938775,4.163265306122449,420,945,140,382,143,178,7.076477274198293,37,0.4444444444444444,0.36649214659685864,0.8033707865168539,PHI
1630178,Tyrese Maxey,2025,31,36.96774193548387,23.677419354838708,3.806451612903226,6.387096774193548,1.903225806451613,0.3548387096774194,2.4193548387096775,-4.193548387096774,276,629,92,279,90,107,9.917617646640057,39,0.43879173290937995,0.32974910394265233,0.8411214953271028,PHI
1630178,Tyrese Maxey,2026,48,37.5,25.895833333333332,3.6875,6.645833333333333,1.8958333333333333,0.7291666666666666,2.0625,-0.5625,474,1014,152,394,143,166,7.086815998239816,39,0.46745562130177515,0.38578680203045684,0.8614457831325302,PHI
1630180,Saddiq Bey,2022,72,32.47222222222222,14.277777777777779,5.305555555555555,2.8194444444444446,0.875,0.18055555555555555,1.1111111111111112,-6.486111111111111,362,957,169,514,135,171,7.4327448766001645,34,0.3782654127481714,0.32879377431906615,0.7894736842105263,DET
1630180,Saddiq Bey,2023,72,26.166666666666668,11.73611111111111,4.458333333333333,1.2777777777777777,0.8888888888888888,0.1388888888888889,0.7361111111111112,-2.3472222222222223,297,717,132,361,119,142,5.8574451373253344,26,0.41422594142259417,0.3656509695290859,0.8380281690140845,DET
1630180,Saddiq Bey,2024,57,32.50877192982456,13.228070175438596,6.421052631578948,1.4736842105263157,0.8421052631578947,0.19298245614035087,0.8947368421052632,-1.3859649122807018,262,625,105,324,125,150,5.500056960288323,25,0.4192,0.32407407407407407,0.8333333333333334,DET
1630180,Saddiq Bey,2026,55,30.30909090909091,15.563636363636364,5.381818181818182,2.3636363636363638,0.9090909090909091,0.07272727272727272,0.8909090909090909,-3.709090909090909,306,706,117,309,127,153,6.531302508528637,36,0.43342776203966005,0.3786407766990291,0.8300653594771242,DET
1630181,R.J. Hampton,2022,64,21.921875,7.640625,3.03125,2.46875,0.65625,0.203125,1.359375,-6.484375,175,457,64,183,75,117,4.5333584995800065,21,0.38293216630196936,0.34972677595628415,0.6410256410256411,ORL
1630181,R.J. Hampton,2023,47,15.872340425531915,6.425531914893617,1.851063829787234,1.148936170212766,0.574468085106383,0.19148936170212766,0.8936170212765957,-2.978723404255319,102,237,41,116,57,76,5.788837387409698,27,0.43037974683544306,0.35344827586206895,0.75,ORL
1630182,Josh Green,2022,83,13.951807228915662,4.120481927710843,2.0843373493975905,1.036144578313253,0.6024096385542169,0.1686746987951807,0.5301204819277109,0.5903614457831325,138,284,33,100,33,53,4.212054681858023,18,0.4859154929577465,0.33,0.6226415094339622,DAL
1630182,Josh Green,2023,59,25.440677966101696,8.76271186440678,2.983050847457627,1.7118644067796611,0.711864406779661,0.0847457627118644,1.2203389830508475,0.6440677966101694,195,365,65,163,62,88,5.940332578205062,23,0.5342465753424658,0.3987730061349693,0.7045454545454546,DAL
1630182,Josh Green,2024,79,24.063291139240505,7.3164556962025316,3.037974683544304,1.9367088607594938,0.810126582278481,0.1518987341772152,0.8481012658227848,-1.2278481012658229,215,459,95,246,53,76,5.393596164392592,21,0.4684095860566449,0.3861788617886179,0.6973684210526315,DAL
1630182,Josh Green,2025,68,27.794117647058822,7.4411764705882355,2.5294117647058822,1.588235294117647,1.088235294117647,0.22058823529411764,1.0294117647058822,-5.352941176470588,180,421,97,248,49,72,5.255792406396926,20,0.42755344418052255,0.3911290322580645,0.6805555555555556,DAL
1630182,Josh Green,2026,60,15.366666666666667,4.15,1.75,0.7833333333333333,0.5833333333333334,0.1,0.5833333333333334,3.3666666666666667,83,184,58,140,25,28,3.9265502174516365,14,0.45108695652173914,0.4142857142857143,0.8928571428571429,DAL
1630183,Jaden McDaniels,2022,71,25.154929577464788,9.04225352112676,4.070422535211268,1.1267605633802817,0.7605633802816901,0.6197183098591549,1.0704225352112675,0.29577464788732394,248,545,84,253,62,78,5.117020951737751,24,0.45504587155963305,0.33201581027667987,0.7948717948717948,MIN
1630183,Jaden McDaniels,2023,68,29.955882352941178,11.426470588235293,3.8088235294117645,1.7352941176470589,0.9411764705882353,0.6617647058823529,1.3676470588235294,0.5294117647058824,306,601,86,222,79,113,5.4123026701351336,24,0.5091514143094842,0.38738738738738737,0.6991150442477876,MIN
1630183,Jaden McDaniels,2024,83,29.867469879518072,10.686746987951807,3.2289156626506026,1.3373493975903614,0.8674698795180723,0.5542168674698795,1.1686746987951808,2.3132530120481927,354,725,103,299,76,104,6.046421458978399,26,0.4882758620689655,0.34448160535117056,0.7307692307692307,MIN
1630183,Jaden McDaniels,2025,87,31.42528735632184,11.620689655172415,5.574712643678161,1.9310344827586208,1.3103448275862069,0.7586206896551724,1.103448275862069,2.5517241379310347,408,859,108,316,87,109,5.883048923400544,30,0.47497089639115253,0.34177215189873417,0.7981651376146789,MIN
1630183,Jaden McDaniels,2026,74,31.783783783783782,14.5,4.391891891891892,2.7027027027027026,0.9864864864864865,0.6891891891891891,1.7432432432432432,0.24324324324324326,421,844,98,253,133,162,6.68723994501407,32,0.49881516587677727,0.38735177865612647,0.8209876543209876,MIN
1630184,Kira Lewis Jr.,2022,24,14.208333333333334,5.875,1.625,2.0416666666666665,0.4583333333333333,0.041666666666666664,1.0833333333333333,-4.458333333333333,59,146,13,58,10,12,4.721021444376298,16,0.4041095890410959,0.22413793103448276,0.8333333333333334,NOP
1630184,Kira Lewis Jr.,2023,26,9.346153846153847,4.384615384615385,1.3076923076923077,0.8846153846153846,0.38461538461538464,0.07692307692307693,0.38461538461538464,2.0384615384615383,40,90,15,35,19,22,4.089762076961671,15,0.4444444444444444,0.42857142857142855,0.8636363636363636,NOP
1630184,Kira Lewis Jr.,2024,28,9.392857142857142,3.1785714285714284,0.9285714285714286,1.3214285714285714,0.32142857142857145,0.07142857142857142,0.5,-2.392857142857143,34,92,4,33,17,20,3.6923702256948565,13,0.3695652173913043,0.12121212121212122,0.85,NOP
1630186,Jahmi'us Ramsey,2022,19,7.052631578947368,3.1578947368421053,0.6842105263157895,0.3684210526315789,0.05263157894736842,0.05263157894736842,0.2631578947368421,-1.105263157894737,24,58,5,18,7,14,3.113825048513249,10,0.41379310344827586,0.2777777777777778,0.5,SAC
1630188,Jalen Smith,2022,47,17.19148936170213,8.829787234042554,5.702127659574468,0.44680851063829785,0.2765957446808511,0.6382978723404256,0.7872340425531915,0.425531914893617,157,311,36,109,65,87,6.29464627226002,19,0.5048231511254019,0.3302752293577982,0.7471264367816092,IND
1630188,Jalen Smith,2023,58,17.79310344827586,8.89655172413793,5.327586206896552,0.896551724137931,0.29310344827586204,0.603448275862069,1.0172413793103448,-2.3448275862068964,195,420,46,166,80,109,5.863026148678232,23,0.4642857142857143,0.27710843373493976,0.7339449541284404,IND
1630188,Jalen Smith,2024,65,15.707692307692307,8.846153846153847,5.0,0.9384615384615385,0.26153846153846155,0.5384615384615384,0.676923076923077,-1.2615384615384615,226,381,62,142,61,94,4.651044134219922,20,0.5931758530183727,0.43661971830985913,0.648936170212766,IND
1630188,Jalen Smith,2025,61,14.62295081967213,7.918032786885246,5.262295081967213,1.0163934426229508,0.26229508196721313,0.5409836065573771,0.5901639344262295,-0.9836065573770492,178,376,67,205,60,71,4.488114236392285,17,0.4734042553191489,0.32682926829268294,0.8450704225352113,IND
1630188,Jalen Smith,2026,49,20.306122448979593,9.979591836734693,6.6938775510204085,1.1428571428571428,0.46938775510204084,0.5510204081632653,1.0,2.2857142857142856,177,374,72,199,63,86,4.4976373238177665,18,0.4732620320855615,0.36180904522613067,0.7325581395348837,IND
1630190,Elijah Hughes,2022,36,12.11111111111111,3.5,1.6111111111111112,0.6111111111111112,0.3888888888888889,0.2222222222222222,0.4722222222222222,-6.388888888888889,47,144,25,95,7,9,4.813671007809796,26,0.3263888888888889,0.2631578947368421,0.7777777777777778,POR
1630191,Isaiah Stewart,2022,65,25.215384615384615,8.23076923076923,8.646153846153846,1.1076923076923078,0.3076923076923077,0.9230769230769231,1.1538461538461537,-4.938461538461539,229,450,15,39,62,87,4.622530525755179,20,0.5088888888888888,0.38461538461538464,0.7126436781609196,DET
1630191,Isaiah Stewart,2023,45,28.0,10.733333333333333,7.644444444444445,1.3111111111111111,0.37777777777777777,0.7333333333333333,1.3333333333333333,-5.555555555555555,173,389,62,183,75,105,4.0192717567421905,21,0.44473007712082263,0.33879781420765026,0.7142857142857143,DET
1630191,Isaiah Stewart,2024,42,31.071428571428573,10.5,6.714285714285714,1.5476190476190477,0.3333333333333333,0.5714285714285714,1.4523809523809523,-3.4285714285714284,166,346,56,154,53,72,3.8334217027636694,20,0.4797687861271676,0.36363636363636365,0.7361111111111112,DET
1630191,Isaiah Stewart,2025,61,19.59016393442623,5.901639344262295,5.311475409836065,1.639344262295082,0.3114754098360656,1.0,0.8852459016393442,0.29508196721311475,146,262,13,44,55,71,3.8501295131150535,16,0.5572519083969466,0.29545454545454547,0.7746478873239436,DET
1630191,Isaiah Stewart,2026,57,19.29824561403509,8.491228070175438,4.228070175438597,0.9122807017543859,0.22807017543859648,0.9298245614035088,0.9473684210526315,0.19298245614035087,188,330,28,85,80,107,5.603324290791086,31,0.5696969696969697,0.32941176470588235,0.7476635514018691,DET
1630192,Zeke Nnaji,2022,43,16.41860465116279,6.348837209302325,3.4186046511627906,0.3953488372093023,0.37209302325581395,0.3023255813953488,0.5348837209302325,-0.8837209302325582,97,187,38,81,41,65,4.893551251782349,21,0.5187165775401069,0.4691358024691358,0.6307692307692307,DEN
1630192,Zeke Nnaji,2023,56,12.678571428571429,4.821428571428571,2.3214285714285716,0.30357142857142855,0.32142857142857145,0.375,0.5714285714285714,-1.875,109,195,16,65,36,54,4.50900973952916,18,0.558974358974359,0.24615384615384617,0.6666666666666666,DEN
1630192,Zeke Nnaji,2024,56,9.089285714285714,3.017857142857143,1.9285714285714286,0.5,0.25,0.4107142857142857,0.4642857142857143,-2.4107142857142856,61,128,6,19,41,59,3.083628744477233,14,0.4765625,0.3157894736842105,0.6949152542372882,DEN
1630192,Zeke Nnaji,2025,56,8.821428571428571,2.2857142857142856,1.4107142857142858,0.30357142857142855,0.32142857142857145,0.2857142857142857,0.25,-1.4464285714285714,48,113,10,42,22,36,3.1317394859394367,14,0.4247787610619469,0.23809523809523808,0.6111111111111112,DEN
1630192,Zeke Nnaji,2026,52,11.692307692307692,3.5,2.4615384615384617,0.5384615384615384,0.3269230769230769,0.40384615384615385,0.4807692307692308,-1.9038461538461537,68,143,13,49,33,44,4.281744192888376,21,0.4755244755244755,0.2653061224489796,0.75,DEN
1630193,Immanuel Quickley,2022,70,22.37142857142857,10.142857142857142,3.0,3.4,0.6571428571428571,0.04285714285714286,1.2428571428571429,2.6714285714285713,240,629,117,349,113,130,5.7490659966962046,24,0.3815580286168522,0.335243553008596,0.8692307692307693,NYK
1630193,Immanuel Quickley,2023,77,27.623376623376622,12.831168831168831,3.7662337662337664,3.103896103896104,0.8831168831168831,0.12987012987012986,1.1688311688311688,4.116883116883117,353,817,146,407,136,169,7.432861950403263,39,0.4320685434516524,0.35872235872235875,0.8047337278106509,NYK
1630193,Immanuel Quickley,2024,59,28.847457627118644,16.033898305084747,3.6440677966101696,4.627118644067797,0.711864406779661,0.11864406779661017,1.4915254237288136,-1.4067796610169492,332,760,148,368,134,167,6.280693190643616,29,0.4368421052631579,0.40217391304347827,0.8023952095808383,NYK
1630193,Immanuel Quickley,2025,27,27.333333333333332,15.444444444444445,3.4814814814814814,6.037037037037037,0.6296296296296297,0.1111111111111111,1.7777777777777777,-2.6296296296296298,142,334,64,168,69,85,5.101533203424341,23,0.4251497005988024,0.38095238095238093,0.8117647058823529,NYK
1630193,Immanuel Quickley,2026,62,31.483870967741936,15.387096774193548,3.967741935483871,5.870967741935484,1.2419354838709677,0.04838709677419355,1.3870967741935485,1.6612903225806452,347,783,151,416,109,137,6.369380747391016,32,0.44316730523627074,0.3629807692307692,0.7956204379562044,NYK
1630194,Paul Reed,2022,48,9.166666666666666,3.3333333333333335,2.875,0.5416666666666666,0.875,0.4166666666666667,0.3958333333333333,-0.9166666666666666,73,132,4,11,10,21,4.279258900509368,25,0.553030303030303,0.36363636363636365,0.47619047619047616,PHI
1630194,Paul Reed,2023,73,10.849315068493151,3.8493150684931505,3.8493150684931505,0.410958904109589,0.6164383561643836,0.4383561643835616,0.5753424657534246,-0.5205479452054794,120,205,0,4,41,52,4.554214265919938,19,0.5853658536585366,0.0,0.7884615384615384,PHI
1630194,Paul Reed,2024,80,17.5875,6.375,5.3,1.225,0.75,0.7375,0.775,0.375,223,405,14,46,50,72,5.0725745591590705,30,0.5506172839506173,0.30434782608695654,0.6944444444444444,PHI
1630194,Paul Reed,2025,49,9.877551020408163,4.0,2.7755102040816326,0.9183673469387755,0.8979591836734694,0.5102040816326531,0.6326530612244898,1.163265306122449,76,149,8,28,36,48,3.208062759153359,13,0.5100671140939598,0.2857142857142857,0.75,PHI
1630194,Paul Reed,2026,65,12.076923076923077,6.8307692307692305,4.2,1.0923076923076922,0.7076923076923077,0.5846153846153846,0.8,1.4307692307692308,187,302,12,36,58,90,5.236796583937403,28,0.6192052980132451,0.3333333333333333,0.6444444444444445,PHI
1630195,Leandro Bolmaro,2022,35,6.914285714285715,1.4285714285714286,1.2285714285714286,0.6,0.17142857142857143,0.0,0.37142857142857144,0.08571428571428572,17,54,5,18,11,13,2.3172716498416115,11,0.3148148148148148,0.2777777777777778,0.8461538461538461,MIN
1630197,Aleksej Pokusevski,2022,60,20.233333333333334,7.616666666666666,5.233333333333333,2.183333333333333,0.65,0.5833333333333334,1.5333333333333334,-0.7333333333333333,184,451,56,195,33,48,5.220856695291336,19,0.4079822616407982,0.28717948717948716,0.6875,OKC
1630197,Aleksej Pokusevski,2023,27,19.22222222222222,6.777777777777778,4.222222222222222,1.8518518518518519,0.5925925925925926,0.7777777777777778,1.1851851851851851,-7.666666666666667,70,184,24,81,19,30,5.597618541248888,17,0.3804347826086957,0.2962962962962963,0.6333333333333333,OKC
1630197,Aleksej Pokusevski,2024,27,14.407407407407407,5.0,3.185185185185185,1.2592592592592593,0.5555555555555556,0.4074074074074074,0.7037037037037037,-2.5185185185185186,47,115,17,52,24,33,4.123105625617661,14,0.40869565217391307,0.3269230769230769,0.7272727272727273,OKC
1630198,Isaiah Joe,2022,60,10.433333333333334,3.3833333333333333,0.9666666666666667,0.5833333333333334,0.23333333333333334,0.05,0.36666666666666664,0.5833333333333334,64,182,46,138,29,31,3.9277011289292476,18,0.3516483516483517,0.3333333333333333,0.9354838709677419,OKC
1630198,Isaiah Joe,2023,72,19.5,9.402777777777779,2.486111111111111,1.2083333333333333,0.6666666666666666,0.125,0.5555555555555556,3.0,222,511,159,394,74,89,6.814772111805152,33,0.4344422700587084,0.4035532994923858,0.8314606741573034,OKC
1630198,Isaiah Joe,2024,87,18.367816091954023,7.931034482758621,2.264367816091954,1.2528735632183907,0.5747126436781609,0.21839080459770116,0.5977011494252874,3.9770114942528734,242,531,161,386,45,52,4.576972451782783,23,0.455743879472693,0.4170984455958549,0.8653846153846154,OKC
1630198,Isaiah Joe,2025,95,19.105263157894736,9.08421052631579,2.3684210526315788,1.4,0.5789473684210527,0.11578947368421053,0.47368421052631576,6.368421052631579,295,661,215,522,58,70,6.839595542811704,32,0.4462934947049924,0.4118773946360153,0.8285714285714286,OKC
1630198,Isaiah Joe,2026,79,19.253164556962027,9.746835443037975,2.392405063291139,1.2278481012658229,0.6582278481012658,0.1518987341772152,0.569620253164557,3.5822784810126582,251,553,185,442,83,96,6.359866863689513,22,0.4538878842676311,0.41855203619909503,0.8645833333333334,OKC
1630200,Tre Jones,2022,69,16.391304347826086,5.811594202898551,2.260869565217391,3.347826086956522,0.5942028985507246,0.10144927536231885,0.6666666666666666,-0.043478260869565216,162,331,11,52,66,85,4.8333259840612035,19,0.48942598187311176,0.21153846153846154,0.7764705882352941,SAS
1630200,Tre Jones,2023,64,28.953125,12.890625,3.59375,6.59375,1.296875,0.125,1.609375,-4.921875,330,704,42,144,123,145,5.603618976600804,26,0.46875,0.2916666666666667,0.8482758620689655,SAS
1630200,Tre Jones,2024,76,27.68421052631579,9.75,3.6842105263157894,6.2368421052631575,1.0263157894736843,0.11842105263157894,1.513157894736842,-0.10526315789473684,293,587,60,185,95,112,5.101960407529638,24,0.4991482112436116,0.32432432432432434,0.8482142857142857,SAS
1630200,Tre Jones,2025,45,19.68888888888889,7.088888888888889,2.511111111111111,4.222222222222222,0.8222222222222222,0.2222222222222222,0.7555555555555555,-0.6444444444444445,125,232,19,47,50,59,5.611766138384527,20,0.5387931034482759,0.40425531914893614,0.847457627118644,SAS
1630200,Tre Jones,2026,53,26.79245283018868,13.60377358490566,3.0377358490566038,5.377358490566038,1.169811320754717,0.18867924528301888,1.4339622641509433,-2.018867924528302,292,525,32,107,105,125,5.835368364358018,29,0.5561904761904762,0.29906542056074764,0.84,SAS
1630201,Malachi Flynn,2022,50,11.52,3.78,1.32,1.46,0.42,0.08,0.28,-0.48,72,190,30,93,15,24,5.035749746582337,20,0.37894736842105264,0.3225806451612903,0.625,TOR
1630201,Malachi Flynn,2023,53,13.0,4.6415094339622645,1.4339622641509433,1.320754716981132,0.39622641509433965,0.07547169811320754,0.4716981132075472,-0.7547169811320755,87,242,47,133,25,33,5.00420722847148,20,0.359504132231405,0.3533834586466165,0.7575757575757576,TOR
1630201,Malachi Flynn,2024,67,12.567164179104477,4.925373134328358,1.6119402985074627,1.8656716417910448,0.5223880597014925,0.11940298507462686,0.8805970149253731,-2.8805970149253732,118,300,51,160,43,59,4.300505371415124,17,0.3933333333333333,0.31875,0.7288135593220338,TOR
1630202,Payton Pritchard,2022,95,13.789473684210526,5.852631578947369,1.894736842105263,1.8631578947368421,0.3263157894736842,0.08421052631578947,0.5263157894736842,1.263157894736842,203,475,125,317,25,27,5.858197422729368,24,0.42736842105263156,0.3943217665615142,0.9259259259259259,BOS
1630202,Payton Pritchard,2023,56,12.5,5.392857142857143,1.6785714285714286,1.3392857142857142,0.26785714285714285,0.017857142857142856,0.8035714285714286,0.375,113,267,60,164,16,21,5.882728406657366,30,0.4232209737827715,0.36585365853658536,0.7619047619047619,BOS
1630202,Payton Pritchard,2024,100,21.46,8.88,2.98,3.17,0.43,0.05,0.74,4.9,335,727,168,433,50,61,7.200280578146965,38,0.4607977991746905,0.38799076212471134,0.819672131147541,BOS
1630202,Payton Pritchard,2025,90,28.244444444444444,13.9,3.611111111111111,3.2555555555555555,0.8444444444444444,0.14444444444444443,1.011111111111111,5.7,447,949,279,683,78,93,8.179242018671413,43,0.47102212855637515,0.4084919472913616,0.8387096774193549,BOS
1630202,Payton Pritchard,2026,80,32.3375,16.0625,3.8375,5.2625,0.7,0.125,1.25,5.5875,492,1084,209,568,92,104,8.152570069258973,36,0.45387453874538747,0.36795774647887325,0.8846153846153846,BOS
1630204,Ashton Hagans,2024,18,16.22222222222222,4.111111111111111,2.388888888888889,2.7222222222222223,0.5555555555555556,0.3333333333333333,1.6111111111111112,-1.4444444444444444,27,66,8,25,12,15,3.660422490704798,13,0.4090909090909091,0.32,0.8,POR
1630205,Lamar Stevens,2022,63,15.777777777777779,5.904761904761905,2.5555555555555554,0.6666666666666666,0.47619047619047616,0.23809523809523808,0.6507936507936508,-0.8571428571428571,152,312,18,62,50,71,5.053629439018303,23,0.48717948717948717,0.2903225806451613,0.704225352112676,CLE
1630205,Lamar Stevens,2023,62,17.725806451612904,5.209677419354839,3.306451612903226,0.532258064516129,0.43548387096774194,0.24193548387096775,0.43548387096774194,0.5,127,280,29,93,40,57,4.069627995945502,18,0.45357142857142857,0.3118279569892473,0.7017543859649122,CLE
1630205,Lamar Stevens,2024,34,13.852941176470589,6.588235294117647,3.323529411764706,0.6764705882352942,0.5882352941176471,0.4411764705882353,0.6764705882352942,0.11764705882352941,95,205,11,36,23,35,5.182240343062258,19,0.4634146341463415,0.3055555555555556,0.6571428571428571,CLE
1630205,Lamar Stevens,2025,18,9.333333333333334,4.333333333333333,2.3333333333333335,0.5,0.2777777777777778,0.16666666666666666,0.6111111111111112,3.4444444444444446,31,72,8,29,8,11,7.530330826261299,31,0.4305555555555556,0.27586206896551724,0.7272727272727273,CLE
1630206,Jay Scrubb,2022,18,6.722222222222222,2.7222222222222223,0.8888888888888888,0.4444444444444444,0.2222222222222222,0.16666666666666666,0.3888888888888889,0.8888888888888888,18,46,6,21,7,10,3.1211904884770294,9,0.391304347826087,0.2857142857142857,0.7,LAC
1630208,Nick Richards,2022,48,7.166666666666667,2.8958333333333335,1.7083333333333333,0.25,0.14583333333333334,0.3125,0.4791666666666667,-2.3125,55,84,0,0,29,42,3.130084516113612,12,0.6547619047619048,0.0,0.6904761904761905,CHA
1630208,Nick Richards,2023,57,18.017543859649123,8.0,6.175438596491228,0.5263157894736842,0.17543859649122806,0.7543859649122807,0.8070175438596491,-1.9649122807017543,169,267,1,1,117,159,4.617513245398281,20,0.6329588014981273,1.0,0.7358490566037735,CHA
1630208,Nick Richards,2024,57,25.54385964912281,9.157894736842104,7.684210526315789,0.8245614035087719,0.3684210526315789,0.8070175438596491,1.0,-6.491228070175438,215,312,0,1,92,126,4.503131742323537,21,0.6891025641025641,0.0,0.7301587301587301,CHA
1630208,Nick Richards,2025,47,20.51063829787234,7.680851063829787,7.276595744680851,0.7446808510638298,0.19148936170212766,0.6808510638297872,1.425531914893617,-5.808510638297872,148,256,0,1,65,92,4.8950124704674085,19,0.578125,0.0,0.7065217391304348,CHA
1630208,Nick Richards,2026,42,13.928571428571429,5.595238095238095,4.642857142857143,0.30952380952380953,0.21428571428571427,0.5,1.3095238095238095,-2.619047619047619,91,168,4,15,49,79,4.384337554931934,16,0.5416666666666666,0.26666666666666666,0.620253164556962,CHA
1630209,Omer Yurtseven,2022,64,11.609375,5.0625,4.703125,0.8125,0.265625,0.328125,0.640625,1.078125,142,265,1,13,39,64,5.154363231036431,22,0.5358490566037736,0.07692307692307693,0.609375,MIA
1630209,Omer Yurtseven,2023,16,6.1875,2.75,1.75,0.1875,0.125,0.1875,0.3125,0.4375,18,34,3,9,5,6,4.00832467081531,14,0.5294117647058824,0.3333333333333333,0.8333333333333334,MIA
1630209,Omer Yurtseven,2024,45,11.377777777777778,4.4,4.4,0.5777777777777777,0.15555555555555556,0.26666666666666666,0.8,-2.8222222222222224,88,171,5,23,17,26,4.811917024902389,20,0.5146198830409356,0.21739130434782608,0.6538461538461539,MIA
1630210,Markus Howard,2022,28,5.428571428571429,3.607142857142857,0.32142857142857145,0.21428571428571427,0.2857142857142857,0.0,0.25,0.17857142857142858,31,84,26,62,13,15,5.035718976319629,21,0.36904761904761907,0.41935483870967744,0.8666666666666667,DEN
1630214,Xavier Tillman,2022,62,13.548387096774194,4.709677419354839,3.0806451612903225,1.096774193548387,0.8870967741935484,0.25806451612903225,0.7096774193548387,-1.1129032258064515,116,241,11,51,49,77,3.672615081053297,16,0.48132780082987553,0.21568627450980393,0.6363636363636364,MEM
1630214,Xavier Tillman,2023,67,20.34328358208955,7.17910447761194,5.298507462686567,1.7164179104477613,0.9253731343283582,0.4925373134328358,0.7164179104477612,-0.08955223880597014,212,351,5,19,52,94,4.987637362380712,22,0.603988603988604,0.2631578947368421,0.5531914893617021,MEM
1630214,Xavier Tillman,2024,59,16.93220338983051,4.88135593220339,3.610169491525424,1.3389830508474576,0.8813559322033898,0.6610169491525424,0.6101694915254238,-0.6610169491525424,123,282,20,80,22,49,4.646410352544365,20,0.43617021276595747,0.25,0.4489795918367347,MEM
1630214,Xavier Tillman,2025,33,7.242424242424242,1.0909090909090908,1.393939393939394,0.21212121212121213,0.3333333333333333,0.15151515151515152,0.42424242424242425,-0.36363636363636365,14,57,5,34,3,4,1.9099024249231353,8,0.24561403508771928,0.14705882352941177,0.75,MEM
1630214,Xavier Tillman,2026,29,6.655172413793103,1.5862068965517242,1.5517241379310345,0.4482758620689655,0.3103448275862069,0.1724137931034483,0.27586206896551724,-0.7586206896551724,21,47,3,18,1,4,2.3530715698439524,9,0.44680851063829785,0.16666666666666666,0.25,MEM
1630215,Jared Butler,2022,43,8.488372093023257,3.744186046511628,1.069767441860465,1.4651162790697674,0.3953488372093023,0.18604651162790697,0.7674418604651163,-0.16279069767441862,61,153,28,88,11,16,4.8062113742621,21,0.39869281045751637,0.3181818181818182,0.6875,WAS
1630215,Jared Butler,2024,40,14.1,6.275,1.45,3.15,0.725,0.2,1.25,-1.2,98,201,24,78,31,36,5.32043713260962,22,0.48756218905472637,0.3076923076923077,0.8611111111111112,WAS
1630215,Jared Butler,2025,59,17.084745762711865,8.813559322033898,1.8305084745762712,3.6440677966101696,0.6779661016949152,0.2033898305084746,1.3389830508474576,-2.2542372881355934,196,438,59,164,69,85,6.254583357416263,26,0.4474885844748858,0.3597560975609756,0.8117647058823529,WAS
1630217,Desmond Bane,2022,85,30.376470588235293,18.094117647058823,4.329411764705882,2.6588235294117646,1.0941176470588236,0.4,1.3294117647058823,5.5058823529411764,563,1215,262,588,150,170,7.243426460643907,34,0.4633744855967078,0.445578231292517,0.8823529411764706,MEM
1630217,Desmond Bane,2023,50,32.0,20.88,5.04,4.3,0.94,0.42,2.08,5.16,395,818,149,353,105,125,6.529806072689967,38,0.4828850855745721,0.42209631728045327,0.84,MEM
1630217,Desmond Bane,2024,32,34.21875,22.40625,4.09375,5.34375,0.875,0.5,2.84375,-5.40625,268,576,108,276,73,90,7.361010515306415,37,0.4652777777777778,0.391304347826087,0.8111111111111111,MEM
1630217,Desmond Bane,2025,68,31.63235294117647,18.33823529411765,5.955882352941177,5.161764705882353,1.161764705882353,0.4411764705882353,2.3970588235294117,0.9705882352941176,471,994,162,419,143,163,7.145837519441517,38,0.4738430583501006,0.38663484486873506,0.8773006134969326,MEM
1630217,Desmond Bane,2026,65,33.261538461538464,17.73846153846154,4.2153846153846155,3.8615384615384616,0.9846153846153847,0.38461538461538464,1.8923076923076922,-0.26153846153846155,433,939,139,351,148,166,7.299993414117157,37,0.46112886048988283,0.396011396011396,0.891566265060241,MEM
1630219,Skylar Mays,2022,31,7.483870967741935,2.7096774193548385,0.8387096774193549,0.6129032258064516,0.25806451612903225,0.0,0.3225806451612903,-1.4516129032258065,34,66,8,25,8,9,4.598503730469269,19,0.5151515151515151,0.32,0.8888888888888888,ATL
1630219,Skylar Mays,2024,38,11.421052631578947,4.078947368421052,1.131578947368421,2.236842105263158,0.5526315789473685,0.10526315789473684,0.5263157894736842,-2.710526315789474,63,159,16,54,13,17,5.288343014120102,18,0.39622641509433965,0.2962962962962963,0.7647058823529411,ATL
1630224,Jalen Green,2022,55,31.490909090909092,16.327272727272728,3.109090909090909,2.5272727272727273,0.6909090909090909,0.2727272727272727,2.1636363636363636,-8.472727272727273,335,768,129,366,99,134,7.615905737469458,32,0.4361979166666667,0.3524590163934426,0.7388059701492538,HOU
1630224,Jalen Green,2023,46,33.47826086956522,20.391304347826086,3.652173913043478,3.5434782608695654,0.7391304347826086,0.2608695652173913,2.5,-6.282608695652174,348,813,122,346,120,160,7.864062452757453,41,0.4280442804428044,0.35260115606936415,0.75,HOU
1630224,Jalen Green,2024,64,30.875,18.40625,5.015625,3.546875,0.671875,0.296875,2.375,0.296875,439,1017,157,465,143,191,8.977429812131424,41,0.43166175024582104,0.33763440860215055,0.7486910994764397,HOU
1630224,Jalen Green,2025,72,32.208333333333336,18.208333333333332,4.805555555555555,3.4166666666666665,0.7777777777777778,0.3611111111111111,2.4166666666666665,0.9027777777777778,487,1201,187,559,150,202,8.415173251043049,38,0.4054954204829309,0.334525939177102,0.7425742574257426,HOU
1630224,Jalen Green,2026,33,26.90909090909091,18.272727272727273,3.727272727272727,2.757575757575758,1.2424242424242424,0.18181818181818182,2.484848484848485,-0.7575757575757576,235,561,71,240,62,83,9.438196091125965,36,0.41889483065953653,0.29583333333333334,0.7469879518072289,HOU
1630227,Daishen Nix,2022,24,10.958333333333334,3.2083333333333335,1.375,1.6666666666666667,0.625,0.0,1.0833333333333333,-1.9166666666666667,27,67,7,26,16,30,3.6113247800034087,13,0.40298507462686567,0.2692307692307692,0.5333333333333333,HOU
1630227,Daishen Nix,2023,57,16.05263157894737,3.9649122807017543,1.719298245614035,2.3157894736842106,0.543859649122807,0.12280701754385964,1.5087719298245614,-2.6491228070175437,81,237,40,140,24,36,3.8310988365923615,16,0.34177215189873417,0.2857142857142857,0.6666666666666666,HOU
1630227,Daishen Nix,2024,15,3.3333333333333335,1.8,0.2,0.4,0.3333333333333333,0.0,0.3333333333333333,1.8666666666666667,9,24,6,17,3,6,2.0424075429327444,5,0.375,0.35294117647058826,0.5,HOU
1630228,Jonathan Kuminga,2022,78,14.5,7.833333333333333,2.8333333333333335,0.782051282051282,0.3974358974358974,0.21794871794871795,0.9487179487179487,-0.5641025641025641,226,444,48,141,111,154,6.919606374711813,26,0.509009009009009,0.3404255319148936,0.7207792207792207,GSW
1630228,Jonathan Kuminga,2023,76,18.960526315789473,9.118421052631579,3.1052631578947367,1.6710526315789473,0.5657894736842105,0.39473684210526316,1.263157894736842,-1.2763157894736843,273,519,57,152,90,139,6.661265355797715,24,0.5260115606936416,0.375,0.6474820143884892,GSW
1630228,Jonathan Kuminga,2024,60,26.166666666666668,15.283333333333333,4.783333333333333,2.183333333333333,0.6833333333333333,0.45,1.6166666666666667,1.9,369,688,46,141,133,190,6.452148943468413,31,0.5363372093023255,0.3262411347517731,0.7,GSW
1630228,Jonathan Kuminga,2025,41,22.73170731707317,14.0,3.8292682926829267,2.024390243902439,0.6829268292682927,0.43902439024390244,1.3902439024390243,0.1951219512195122,224,481,47,137,79,130,6.902897942168926,33,0.4656964656964657,0.34306569343065696,0.6076923076923076,GSW
1630228,Jonathan Kuminga,2026,34,22.41176470588235,10.352941176470589,4.735294117647059,1.911764705882353,0.5,0.3235294117647059,1.4411764705882353,-1.2647058823529411,133,305,30,100,56,87,5.9639439510260654,24,0.4360655737704918,0.3,0.6436781609195402,GSW
1630230,Naji Marshall,2022,58,13.10344827586207,5.206896551724138,2.5172413793103448,1.0862068965517242,0.5344827586206896,0.13793103448275862,0.8103448275862069,-1.2758620689655173,110,260,20,96,62,81,4.930245432450441,19,0.4230769230769231,0.20833333333333334,0.7654320987654321,NOP
1630230,Naji Marshall,2023,74,22.60810810810811,8.432432432432432,3.527027027027027,2.391891891891892,0.6216216216216216,0.17567567567567569,1.1756756756756757,0.14864864864864866,227,525,59,200,111,139,5.439785151582007,22,0.43238095238095237,0.295,0.7985611510791367,NOP
1630230,Naji Marshall,2024,71,19.239436619718308,7.225352112676056,3.619718309859155,1.9014084507042253,0.7464788732394366,0.2112676056338028,0.9436619718309859,2.6901408450704225,187,406,65,169,74,92,4.510930164131787,19,0.4605911330049261,0.38461538461538464,0.8043478260869565,NOP
1630230,Naji Marshall,2025,66,27.348484848484848,12.575757575757576,4.575757575757576,2.984848484848485,0.9848484848484849,0.16666666666666666,1.5909090909090908,-1.393939393939394,334,652,59,205,103,128,7.704265763569618,38,0.5122699386503068,0.28780487804878047,0.8046875,NOP
1630230,Naji Marshall,2026,60,28.45,13.166666666666666,4.3,3.1,1.1833333333333333,0.1,1.6,-3.816666666666667,308,617,44,166,130,180,6.449718602892468,32,0.4991896272285251,0.26506024096385544,0.7222222222222222,NOP
1630231,KJ Martin,2022,77,20.935064935064936,8.714285714285714,3.8051948051948052,1.2987012987012987,0.4025974025974026,0.4805194805194805,0.7662337662337663,-2.831168831168831,272,508,58,161,69,111,4.4658268016747344,20,0.5354330708661418,0.36024844720496896,0.6216216216216216,HOU
1630231,KJ Martin,2023,78,27.641025641025642,12.153846153846153,5.5,1.5256410256410255,0.48717948717948717,0.3076923076923077,1.1538461538461537,-4.576923076923077,379,671,66,206,124,185,5.190092767674096,23,0.5648286140089419,0.32038834951456313,0.6702702702702703,HOU
1630231,KJ Martin,2024,60,12.433333333333334,3.7333333333333334,2.183333333333333,0.85,0.36666666666666664,0.2,0.5333333333333333,-0.11666666666666667,97,181,8,28,22,41,3.786088123226421,15,0.5359116022099447,0.2857142857142857,0.5365853658536586,HOU
1630231,KJ Martin,2025,41,21.0,6.121951219512195,2.8292682926829267,1.0731707317073171,0.4146341463414634,0.3902439024390244,0.5609756097560976,-3.707317073170732,103,191,14,56,31,40,4.858987147293249,20,0.5392670157068062,0.25,0.775,HOU
1630233,Nathan Knight,2022,36,7.472222222222222,3.8333333333333335,2.361111111111111,0.6111111111111112,0.19444444444444445,0.2222222222222222,0.5,0.6111111111111112,45,88,4,13,44,60,4.292851200376205,20,0.5113636363636364,0.3076923076923077,0.7333333333333333,MIN
1630233,Nathan Knight,2023,40,6.975,3.05,1.4,0.35,0.2,0.15,0.6,-1.05,42,77,6,22,32,49,3.7618189817270653,16,0.5454545454545454,0.2727272727272727,0.6530612244897959,MIN
1630235,Trent Forrest,2022,60,12.766666666666667,3.25,1.65,1.7666666666666666,0.5,0.1,0.8,1.3,76,155,5,27,38,48,3.96435388114069,18,0.49032258064516127,0.18518518518518517,0.7916666666666666,ATL
1630235,Trent Forrest,2023,23,12.043478260869565,2.260869565217391,1.608695652173913,1.6521739130434783,0.30434782608695654,0.08695652173913043,0.6521739130434783,-2.5217391304347827,25,60,0,2,2,3,2.831918580370877,11,0.4166666666666667,0.0,0.6666666666666666,ATL
1630235,Trent Forrest,2024,38,10.868421052631579,2.1842105263157894,1.3421052631578947,2.4210526315789473,0.2894736842105263,0.07894736842105263,0.5263157894736842,-2.473684210526316,34,90,2,10,13,17,2.264356756796147,6,0.37777777777777777,0.2,0.7647058823529411,ATL
1630237,Anthony Lamb,2023,67,18.029850746268657,6.134328358208955,3.2388059701492535,1.4328358208955223,0.43283582089552236,0.29850746268656714,0.835820895522388,0.2835820895522388,149,314,74,200,39,52,5.128339333038491,26,0.4745222929936306,0.37,0.75,GSW
1630238,Malik Fitts,2022,23,3.4782608695652173,1.2608695652173914,0.8260869565217391,0.21739130434782608,0.0,0.0,0.08695652173913043,-0.4782608695652174,11,23,7,12,0,0,2.178769279460891,7,0.4782608695652174,0.5833333333333334,0.0,BOS
1630240,Saben Lee,2022,36,15.916666666666666,5.472222222222222,2.361111111111111,2.75,0.9722222222222222,0.3333333333333333,0.8055555555555556,-1.4166666666666667,68,173,14,60,47,59,4.930871329034257,17,0.3930635838150289,0.23333333333333334,0.7966101694915254,PHX
1630240,Saben Lee,2023,22,12.909090909090908,4.636363636363637,1.6363636363636365,2.3181818181818183,0.7727272727272727,0.045454545454545456,0.8181818181818182,-1.5,36,91,6,18,24,33,3.982646338990177,15,0.3956043956043956,0.3333333333333333,0.7272727272727273,PHX
1630240,Saben Lee,2024,23,7.0,2.391304347826087,1.0869565217391304,1.2173913043478262,0.13043478260869565,0.13043478260869565,0.2608695652173913,0.5217391304347826,16,46,2,13,21,27,2.369102830470614,9,0.34782608695652173,0.15384615384615385,0.7777777777777778,PHX
1630241,Sam Merrill,2024,71,16.830985915492956,7.295774647887324,1.8591549295774648,1.647887323943662,0.2676056338028169,0.056338028169014086,0.2676056338028169,0.23943661971830985,168,422,153,381,29,31,6.715428645391751,27,0.3981042654028436,0.4015748031496063,0.9354838709677419,CLE
1630241,Sam Merrill,2025,79,19.82278481012658,7.025316455696203,2.240506329113924,1.5443037974683544,0.7215189873417721,0.20253164556962025,0.46835443037974683,4.7594936708860756,187,464,151,407,30,32,4.971649583192592,27,0.40301724137931033,0.371007371007371,0.9375,CLE
1630241,Sam Merrill,2026,69,24.855072463768117,11.521739130434783,2.2318840579710146,2.0869565217391304,0.5942028985507246,0.10144927536231885,0.7391304347826086,3.579710144927536,264,580,187,453,80,94,6.813931869279409,32,0.45517241379310347,0.41280353200883,0.851063829787234,CLE
1630243,Trevelin Queen,2025,30,14.333333333333334,5.066666666666666,1.8,1.2666666666666666,1.0333333333333334,0.3333333333333333,0.7333333333333333,-2.8666666666666667,56,147,22,77,18,21,5.705008890157981,25,0.38095238095238093,0.2857142857142857,0.8571428571428571,ORL
1630245,Ayo Dosunmu,2022,81,26.679012345679013,8.481481481481481,2.728395061728395,3.259259259259259,0.7530864197530864,0.32098765432098764,1.345679012345679,-2.8395061728395063,281,552,71,196,54,79,5.6105060179789294,26,0.5090579710144928,0.3622448979591837,0.6835443037974683,CHI
1630245,Ayo Dosunmu,2023,81,25.753086419753085,8.320987654320987,2.728395061728395,2.5185185185185186,0.7530864197530864,0.2839506172839506,1.1975308641975309,-1.0,275,563,58,188,66,82,5.024507837823093,22,0.48845470692717585,0.30851063829787234,0.8048780487804879,CHI
1630245,Ayo Dosunmu,2024,77,29.4025974025974,12.233766233766234,2.8051948051948052,3.1948051948051948,0.922077922077922,0.4805194805194805,1.3636363636363635,-2.272727272727273,366,734,123,306,87,107,7.392912864956873,35,0.4986376021798365,0.4019607843137255,0.8130841121495327,CHI
1630245,Ayo Dosunmu,2025,44,30.068181818181817,11.681818181818182,3.3181818181818183,4.363636363636363,0.9090909090909091,0.38636363636363635,1.5227272727272727,-5.886363636363637,203,423,59,184,49,66,4.968611837734996,23,0.4799054373522459,0.32065217391304346,0.7424242424242424,CHI
1630245,Ayo Dosunmu,2026,76,27.276315789473685,14.328947368421053,3.3289473684210527,3.6578947368421053,0.8421052631578947,0.27631578947368424,1.381578947368421,-2.210526315789474,415,815,131,306,128,147,5.854657764879143,29,0.50920245398773,0.42810457516339867,0.8707482993197279,CHI
1630249,Vit Krejci,2022,28,23.321428571428573,6.357142857142857,3.392857142857143,1.8571428571428572,0.6071428571428571,0.2857142857142857,1.0,-5.714285714285714,67,157,31,92,13,16,4.6044606851463294,16,0.4267515923566879,0.33695652173913043,0.8125,ATL
1630249,Vit Krejci,2023,29,5.724137931034483,1.2413793103448276,0.896551724137931,0.5862068965517241,0.1724137931034483,0.034482758620689655,0.1724137931034483,-0.10344827586206896,15,37,5,21,1,2,1.8832944617230336,7,0.40540540540540543,0.23809523809523808,0.5,ATL
1630249,Vit Krejci,2024,22,24.59090909090909,6.136363636363637,2.3636363636363638,2.272727272727273,0.5909090909090909,0.2727272727272727,0.9090909090909091,0.045454545454545456,51,104,28,68,5,6,5.667748814421527,19,0.49038461538461536,0.4117647058823529,0.8333333333333334,ATL
1630249,Vít Krejčí,2025,58,19.689655172413794,6.982758620689655,2.6724137931034484,2.5344827586206895,0.6206896551724138,0.39655172413793105,0.8620689655172413,-1.1379310344827587,142,285,89,202,32,45,5.034935422887138,20,0.4982456140350877,0.4405940594059406,0.7111111111111111,ATL
1630249,Vít Krejčí,2026,69,20.3768115942029,8.0,2.1594202898550723,1.4782608695652173,0.6811594202898551,0.2608695652173913,0.5942028985507246,-0.5652173913043478,193,433,128,331,38,51,6.3547110824314,28,0.4457274826789838,0.3867069486404834,0.7450980392156863,ATL
1630256,Jae'Sean Tate,2022,70,25.957142857142856,10.985714285714286,5.242857142857143,2.7714285714285714,0.9428571428571428,0.44285714285714284,1.7285714285714286,-6.2,313,653,57,187,86,121,4.460755954465589,22,0.4793261868300153,0.3048128342245989,0.7107438016528925,HOU
1630256,Jae'Sean Tate,2023,31,21.774193548387096,9.129032258064516,3.806451612903226,2.7096774193548385,0.6774193548387096,0.22580645161290322,1.5161290322580645,-3.032258064516129,110,229,13,46,50,69,4.209053222787526,17,0.48034934497816595,0.2826086956521739,0.7246376811594203,HOU
1630256,Jae'Sean Tate,2024,65,15.892307692307693,4.076923076923077,3.0307692307692307,0.9846153846153847,0.6461538461538462,0.23076923076923078,0.5692307692307692,1.2,108,229,23,77,26,39,3.4337829553737644,16,0.47161572052401746,0.2987012987012987,0.6666666666666666,HOU
1630256,Jae'Sean Tate,2025,51,11.215686274509803,3.450980392156863,2.215686274509804,0.9215686274509803,0.49019607843137253,0.13725490196078433,0.43137254901960786,0.9019607843137255,67,142,14,43,28,39,3.4427531162730567,16,0.47183098591549294,0.32558139534883723,0.717948717948718,HOU
1630256,Jae'Sean Tate,2026,50,8.68,2.78,1.66,0.5,0.22,0.06,0.32,-1.02,59,119,10,36,11,17,2.8876231310437266,13,0.4957983193277311,0.2777777777777778,0.6470588235294118,HOU
1630264,Anthony Gill,2022,43,10.186046511627907,3.9767441860465116,1.930232558139535,0.6046511627906976,0.11627906976744186,0.2558139534883721,0.4186046511627907,2.0232558139534884,61,101,13,23,36,46,3.782719934077565,15,0.6039603960396039,0.5652173913043478,0.782608695652174,WAS
1630264,Anthony Gill,2023,59,10.627118644067796,3.305084745762712,1.6779661016949152,0.576271186440678,0.11864406779661017,0.2033898305084746,0.2542372881355932,-0.2033898305084746,71,132,4,29,49,67,3.312745695705975,18,0.5378787878787878,0.13793103448275862,0.7313432835820896,WAS
1630264,Anthony Gill,2024,43,10.069767441860465,4.046511627906977,1.9767441860465116,0.7209302325581395,0.3023255813953488,0.18604651162790697,0.5348837209302325,0.3488372093023256,69,149,9,38,27,34,4.380440771321084,18,0.46308724832214765,0.23684210526315788,0.7941176470588235,WAS
1630264,Anthony Gill,2025,46,8.152173913043478,2.5869565217391304,1.326086956521739,0.32608695652173914,0.15217391304347827,0.043478260869565216,0.21739130434782608,-1.7826086956521738,41,85,10,31,27,43,2.7290705536787647,10,0.4823529411764706,0.3225806451612903,0.627906976744186,WAS
1630264,Anthony Gill,2026,51,17.0,5.803921568627451,2.8823529411764706,1.1176470588235294,0.5882352941176471,0.27450980392156865,0.6666666666666666,-4.96078431372549,127,199,17,45,25,34,5.502797862335622,21,0.6381909547738693,0.37777777777777777,0.7352941176470589,WAS
1630267,Facundo Campazzo,2022,67,17.895522388059703,4.955223880597015,1.791044776119403,3.3134328358208953,0.9402985074626866,0.34328358208955223,1.0298507462686568,-3.298507462686567,107,298,58,195,60,78,5.106243462429392,22,0.35906040268456374,0.29743589743589743,0.7692307692307693,DEN
1630284,Kevon Harris,2023,34,13.5,4.147058823529412,2.0588235294117645,0.47058823529411764,0.5,0.14705882352941177,0.6176470588235294,0.0,47,107,16,43,31,41,4.868777165505115,22,0.4392523364485981,0.37209302325581395,0.7560975609756098,ORL
1630288,Jeff Dowtin Jr.,2023,25,10.36,2.44,0.92,1.24,0.36,0.12,0.2,-0.36,25,57,5,16,6,9,3.001110905425967,10,0.43859649122807015,0.3125,0.6666666666666666,PHI
1630288,Jeff Dowtin Jr.,2025,39,15.128205128205128,6.871794871794871,1.435897435897436,1.8974358974358974,0.5897435897435898,0.23076923076923078,0.3333333333333333,-2.2564102564102564,109,222,28,67,22,31,7.505014068430613,30,0.49099099099099097,0.417910447761194,0.7096774193548387,PHI
1630296,Braxton Key,2024,20,3.0,1.1,0.9,0.45,0.1,0.05,0.05,-0.55,7,17,2,5,6,8,1.2096106376585989,3,0.4117647058823529,0.4,0.75,DEN
1630311,Pat Spencer,2025,46,6.804347826086956,2.9130434782608696,1.2391304347826086,1.173913043478261,0.3695652173913043,0.06521739130434782,0.5217391304347826,-0.2608695652173913,57,126,6,25,14,18,4.0156697903007785,17,0.4523809523809524,0.24,0.7777777777777778,GSW
1630311,Pat Spencer,2026,67,18.29850746268657,7.134328358208955,2.3582089552238807,3.462686567164179,0.7164179104477612,0.07462686567164178,1.2686567164179106,-1.3880597014925373,187,438,60,169,44,57,5.76534979460775,20,0.4269406392694064,0.35502958579881655,0.7719298245614035,GSW
1630314,Brandon Williams,2022,20,26.0,11.5,2.8,3.95,0.8,0.45,2.4,-11.85,86,230,24,87,34,54,6.778448821157584,25,0.3739130434782609,0.27586206896551724,0.6296296296296297,DAL
1630314,Brandon Williams,2024,16,7.125,3.375,0.8125,1.0625,0.0625,0.0625,0.4375,-3.5625,20,54,3,15,11,17,5.451299539253614,22,0.37037037037037035,0.2,0.6470588235294118,DAL
1630314,Brandon Williams,2025,32,14.03125,7.59375,1.6875,2.375,0.65625,0.15625,1.03125,1.21875,89,174,23,58,42,52,7.120435719723174,25,0.5114942528735632,0.39655172413793105,0.8076923076923077,DAL
1630314,Brandon Williams,2026,49,21.346938775510203,11.693877551020408,2.816326530612245,4.1020408163265305,1.0204081632653061,0.22448979591836735,1.7959183673469388,-0.9795918367346939,212,451,28,118,121,156,5.923836319032952,22,0.4700665188470067,0.23728813559322035,0.7756410256410257,DAL
1630322,Lindy Waters III,2022,25,18.72,7.96,2.92,0.96,0.76,0.32,0.44,-1.56,71,175,53,146,4,5,6.174409553417504,25,0.4057142857142857,0.363013698630137,0.8,OKC
1630322,Lindy Waters III,2023,43,12.837209302325581,5.093023255813954,1.813953488372093,0.6976744186046512,0.3488372093023256,0.2558139534883721,0.27906976744186046,2.9767441860465116,72,185,59,168,16,20,4.269570924624472,23,0.3891891891891892,0.35119047619047616,0.8,OKC
1630322,Lindy Waters III,2024,39,7.435897435897436,3.5128205128205128,1.0512820512820513,0.6153846153846154,0.1282051282051282,0.1794871794871795,0.1794871794871795,-1.1025641025641026,49,105,37,86,2,2,3.9859740595968107,12,0.4666666666666667,0.43023255813953487,1.0,OKC
1630322,Lindy Waters III,2025,52,14.98076923076923,4.923076923076923,2.1153846153846154,1.0,0.5192307692307693,0.21153846153846154,0.38461538461538464,0.25,92,249,64,186,8,11,4.973838040860591,21,0.36947791164658633,0.34408602150537637,0.7272727272727273,OKC
1630322,Lindy Waters III,2026,49,6.551020408163265,2.2448979591836733,0.7142857142857143,0.46938775510204084,0.14285714285714285,0.02040816326530612,0.16326530612244897,0.02040816326530612,39,101,30,87,2,3,2.74264632126299,11,0.38613861386138615,0.3448275862068966,0.6666666666666666,OKC
1630346,Matt Ryan,2023,34,9.147058823529411,3.588235294117647,0.7647058823529411,0.47058823529411764,0.14705882352941177,0.029411764705882353,0.20588235294117646,0.6176470588235294,40,108,32,84,10,12,3.6274847037985336,11,0.37037037037037035,0.38095238095238093,0.8333333333333334,NOP
1630346,Matt Ryan,2024,27,13.62962962962963,5.185185185185185,1.3703703703703705,0.6296296296296297,0.25925925925925924,0.037037037037037035,0.5555555555555556,0.6296296296296297,47,109,39,88,7,8,5.987403681814251,20,0.43119266055045874,0.4431818181818182,0.875,NOP
1630346,Matt Ryan,2025,19,3.5789473684210527,1.4736842105263157,0.42105263157894735,0.15789473684210525,0.10526315789473684,0.0,0.15789473684210525,-2.1052631578947367,10,31,6,19,2,2,2.6324559942007597,8,0.3225806451612903,0.3157894736842105,1.0,NOP
1630526,Jeremiah Robinson-Earl,2022,49,22.20408163265306,7.469387755102041,5.591836734693878,1.0,0.5918367346938775,0.30612244897959184,0.7959183673469388,-4.857142857142857,134,324,58,165,40,54,4.835209581877529,18,0.41358024691358025,0.3515151515151515,0.7407407407407407,NOP
1630526,Jeremiah Robinson-Earl,2023,43,18.488372093023255,6.534883720930233,4.046511627906977,0.9767441860465116,0.5581395348837209,0.18604651162790697,0.3953488372093023,-0.5348837209302325,105,240,38,110,33,40,4.54264888745858,17,0.4375,0.34545454545454546,0.825,NOP
1630526,Jeremiah Robinson-Earl,2024,37,9.108108108108109,3.1621621621621623,2.081081081081081,0.5945945945945946,0.2702702702702703,0.10810810810810811,0.43243243243243246,-0.6216216216216216,46,97,13,39,12,18,3.278833748568345,11,0.4742268041237113,0.3333333333333333,0.6666666666666666,NOP
1630526,Jeremiah Robinson-Earl,2025,66,18.803030303030305,6.333333333333333,4.7727272727272725,1.3333333333333333,0.5909090909090909,0.10606060606060606,0.7727272727272727,-5.015151515151516,158,347,56,164,46,55,4.5381573127065336,19,0.4553314121037464,0.34146341463414637,0.8363636363636363,NOP
1630526,Jeremiah Robinson-Earl,2026,22,16.40909090909091,4.590909090909091,4.681818181818182,0.6818181818181818,0.4090909090909091,0.045454545454545456,0.5454545454545454,-3.909090909090909,37,100,10,41,17,18,3.403906591929351,12,0.37,0.24390243902439024,0.9444444444444444,NOP
1630527,Brandon Boston,2025,41,23.78048780487805,10.609756097560975,3.1951219512195124,2.1951219512195124,1.2439024390243902,0.21951219512195122,1.2682926829268293,-3.2195121951219514,163,373,48,137,61,79,5.765752547501878,26,0.43699731903485256,0.35036496350364965,0.7721518987341772,LAC
1630527,Brandon Boston Jr.,2022,50,15.2,6.86,2.22,1.02,0.52,0.26,0.62,-0.7,125,325,34,111,59,72,6.000034013509032,27,0.38461538461538464,0.3063063063063063,0.8194444444444444,LAC
1630527,Brandon Boston Jr.,2023,22,10.272727272727273,5.7727272727272725,1.3181818181818181,0.7727272727272727,0.4090909090909091,0.0,0.5454545454545454,-1.6363636363636365,47,109,12,26,21,29,6.816868560394646,24,0.43119266055045874,0.46153846153846156,0.7241379310344828,LAC
1630527,Brandon Boston Jr.,2024,34,10.0,4.676470588235294,1.5,0.4117647058823529,0.3235294117647059,0.23529411764705882,0.7058823529411765,-3.0,64,159,13,48,18,29,5.037559463430043,23,0.4025157232704403,0.2708333333333333,0.6206896551724138,LAC
1630528,Josh Christopher,2022,70,17.514285714285716,7.3428571428571425,2.4571428571428573,1.8857142857142857,0.8142857142857143,0.17142857142857143,1.5285714285714285,-3.6142857142857143,203,457,51,174,57,82,6.109829842469735,30,0.4442013129102845,0.29310344827586204,0.6951219512195121,HOU
1630528,Josh Christopher,2023,64,12.234375,5.8125,1.109375,1.140625,0.515625,0.234375,0.9375,-3.515625,153,329,21,89,45,60,4.652614898831128,20,0.46504559270516715,0.23595505617977527,0.75,HOU
1630529,Herbert Jones,2022,77,30.4025974025974,8.987012987012987,3.7662337662337664,2.064935064935065,1.6883116883116882,0.6363636363636364,1.2337662337662338,0.9090909090909091,257,555,56,165,122,147,5.014435756927737,22,0.46306306306306305,0.3393939393939394,0.8299319727891157,NOP
1630529,Herbert Jones,2023,57,29.07017543859649,8.964912280701755,3.9473684210526314,2.473684210526316,1.456140350877193,0.49122807017543857,1.3157894736842106,1.8771929824561404,194,425,46,141,77,105,4.313454500085839,20,0.45647058823529413,0.3262411347517731,0.7333333333333333,NOP
1630529,Herbert Jones,2024,73,30.534246575342465,10.863013698630137,3.5205479452054793,2.5753424657534247,1.3150684931506849,0.589041095890411,1.3013698630136987,2.5205479452054793,283,570,116,271,111,132,4.845717090876204,23,0.4964912280701754,0.4280442804428044,0.8409090909090909,NOP
1630529,Herbert Jones,2025,19,32.21052631578947,9.526315789473685,3.8947368421052633,3.210526315789474,1.9473684210526316,0.42105263157894735,1.5789473684210527,-0.7894736842105263,67,162,20,68,27,33,5.39926354085682,20,0.41358024691358025,0.29411764705882354,0.8181818181818182,NOP
1630529,Herbert Jones,2026,56,28.375,8.857142857142858,3.392857142857143,2.767857142857143,1.5714285714285714,0.48214285714285715,1.3035714285714286,-0.875,183,478,80,259,50,62,4.609983519704604,18,0.38284518828451886,0.3088803088803089,0.8064516129032258,NOP
1630530,Trey Murphy III,2022,69,14.73913043478261,5.3478260869565215,2.391304347826087,0.6376811594202898,0.37681159420289856,0.11594202898550725,0.2463768115942029,0.7971014492753623,121,305,82,209,45,52,5.511554939548584,32,0.39672131147540984,0.3923444976076555,0.8653846153846154,NOP
1630530,Trey Murphy III,2023,71,30.943661971830984,13.605633802816902,3.507042253521127,1.4788732394366197,1.1408450704225352,0.4647887323943662,0.7746478873239436,-0.7183098591549296,333,704,177,441,123,135,6.543216494397486,32,0.47301136363636365,0.4013605442176871,0.9111111111111111,NOP
1630530,Trey Murphy III,2024,52,30.153846153846153,13.442307692307692,4.961538461538462,2.3076923076923075,0.8461538461538461,0.46153846153846156,0.8076923076923077,2.2884615384615383,246,565,146,394,61,74,6.527208398089993,34,0.4353982300884956,0.37055837563451777,0.8243243243243243,NOP
1630530,Trey Murphy III,2025,39,34.17948717948718,19.794871794871796,4.897435897435898,3.5384615384615383,1.1025641025641026,0.717948717948718,1.9743589743589745,-6.0,277,602,120,316,98,112,6.875507587690821,40,0.4601328903654485,0.379746835443038,0.875,NOP
1630530,Trey Murphy III,2026,52,35.30769230769231,19.71153846153846,5.519230769230769,4.019230769230769,1.4615384615384615,0.40384615384615385,1.8076923076923077,-2.6538461538461537,370,819,168,453,117,139,7.282362626913347,44,0.4517704517704518,0.3708609271523179,0.841726618705036,NOP
1630531,Jaden Springer,2023,19,5.578947368421052,2.6842105263157894,0.7368421052631579,0.42105263157894735,0.42105263157894735,0.15789473684210525,0.21052631578947367,0.15789473684210525,21,38,2,5,7,10,4.631446037433753,19,0.5526315789473685,0.4,0.7,PHI
1630531,Jaden Springer,2024,51,10.392156862745098,3.2745098039215685,1.588235294117647,0.8823529411764706,0.7058823529411765,0.3137254901960784,0.7058823529411765,-0.45098039215686275,61,151,10,48,35,42,3.6059863081966856,11,0.40397350993377484,0.20833333333333334,0.8333333333333334,PHI
1630531,Jaden Springer,2025,38,9.421052631578947,2.710526315789474,1.4473684210526316,0.868421052631579,0.631578947368421,0.10526315789473684,0.42105263157894735,-0.9736842105263158,35,90,12,48,21,32,3.2291568202177845,11,0.3888888888888889,0.25,0.65625,PHI
1630532,Franz Wagner,2022,71,31.04225352112676,14.619718309859154,4.47887323943662,2.9577464788732395,0.8591549295774648,0.4507042253521127,1.4929577464788732,-3.5492957746478875,408,882,83,245,139,168,6.190698546282614,28,0.46258503401360546,0.33877551020408164,0.8273809523809523,ORL
1630532,Franz Wagner,2023,65,32.738461538461536,17.753846153846155,4.107692307692307,3.6,0.9846153846153847,0.23076923076923078,2.0615384615384613,1.1538461538461537,445,931,103,295,161,198,5.579064575577302,31,0.47798066595059074,0.34915254237288135,0.8131313131313131,ORL
1630532,Franz Wagner,2024,55,31.836363636363636,17.945454545454545,5.0181818181818185,3.8727272727272726,0.9818181818181818,0.38181818181818183,1.7636363636363637,1.5272727272727273,388,837,66,258,145,172,6.720389599095901,38,0.4635603345280765,0.2558139534883721,0.8430232558139535,ORL
1630532,Franz Wagner,2025,45,33.17777777777778,22.444444444444443,5.777777777777778,4.5777777777777775,1.3555555555555556,0.3333333333333333,2.2888888888888888,4.266666666666667,407,851,71,247,125,148,6.5281055150910055,37,0.4782608695652174,0.2874493927125506,0.8445945945945946,ORL
1630532,Franz Wagner,2026,25,27.76,17.72,4.6,2.68,1.2,0.24,1.56,1.76,170,350,26,86,77,92,6.093165570265317,32,0.4857142857142857,0.3023255813953488,0.8369565217391305,ORL
1630533,Ziaire Williams,2022,71,21.014084507042252,7.845070422535211,2.028169014084507,0.9859154929577465,0.5492957746478874,0.16901408450704225,0.6056338028169014,1.1971830985915493,211,471,86,275,49,62,5.247170359411261,21,0.44798301486199577,0.31272727272727274,0.7903225806451613,MEM
1630533,Ziaire Williams,2023,40,14.45,5.375,2.025,0.925,0.35,0.15,0.975,-2.125,86,203,26,100,17,22,5.381294763654314,24,0.4236453201970443,0.26,0.7727272727272727,MEM
1630533,Ziaire Williams,2024,48,21.125,8.395833333333334,3.6041666666666665,1.4583333333333333,0.7291666666666666,0.1875,1.3541666666666667,-5.625,146,370,56,186,55,67,6.041486302027726,27,0.3945945945945946,0.3010752688172043,0.8208955223880597,MEM
1630533,Ziaire Williams,2025,62,24.387096774193548,9.887096774193548,4.532258064516129,1.3225806451612903,0.9838709677419355,0.45161290322580644,1.0806451612903225,-5.338709677419355,210,509,100,295,93,115,5.578368169375716,23,0.412573673870334,0.3389830508474576,0.808695652173913,MEM
1630533,Ziaire Williams,2026,49,22.53061224489796,9.244897959183673,2.489795918367347,1.1020408163265305,1.183673469387755,0.40816326530612246,1.0,-4.8979591836734695,155,372,71,216,72,87,5.666166444508204,25,0.4166666666666667,0.3287037037037037,0.8275862068965517,MEM
1630534,Ochai Agbaji,2023,57,20.57894736842105,7.842105263157895,2.0701754385964914,1.105263157894737,0.2807017543859649,0.21052631578947367,0.7017543859649122,-0.22807017543859648,157,371,78,221,55,67,6.912177333425539,28,0.42318059299191374,0.35294117647058826,0.8208955223880597,TOR
1630534,Ochai Agbaji,2024,75,20.96,5.933333333333334,2.7733333333333334,1.0933333333333333,0.6266666666666667,0.4666666666666667,0.8266666666666667,-3.0933333333333333,175,422,60,206,35,54,4.88608983481412,21,0.4146919431279621,0.2912621359223301,0.6481481481481481,TOR
1630534,Ochai Agbaji,2025,62,27.258064516129032,10.387096774193548,3.7580645161290325,1.435483870967742,0.9032258064516129,0.3870967741935484,0.8387096774193549,-3.838709677419355,257,522,97,248,33,46,5.912905692482009,24,0.49233716475095785,0.3911290322580645,0.717391304347826,TOR
1630534,Ochai Agbaji,2026,62,15.741935483870968,5.064516129032258,2.274193548387097,0.7580645161290323,0.3870967741935484,0.27419354838709675,0.5,-1.0,122,280,34,128,36,43,4.5154415129766265,18,0.4357142857142857,0.265625,0.8372093023255814,TOR
1630535,Greg Brown III,2022,47,13.553191489361701,4.787234042553192,2.872340425531915,0.7446808510638298,0.5531914893617021,0.5106382978723404,0.7659574468085106,-5.127659574468085,81,190,19,61,44,65,4.4032407542269905,17,0.4263157894736842,0.3114754098360656,0.676923076923077,POR
1630535,Greg Brown III,2023,15,6.133333333333334,1.8666666666666667,1.2666666666666666,0.2,0.26666666666666666,0.3333333333333333,0.4,-0.3333333333333333,11,28,1,7,5,12,1.8847761013926703,6,0.39285714285714285,0.14285714285714285,0.4166666666666667,POR
1630536,Sharife Cooper,2026,41,17.097560975609756,8.121951219512194,2.097560975609756,3.024390243902439,0.3902439024390244,0.12195121951219512,1.4878048780487805,-4.487804878048781,127,247,29,76,50,60,6.415586964382993,21,0.5141700404858299,0.3815789473684211,0.8333333333333334,WAS
1630537,Chris Duarte,2022,53,27.754716981132077,12.69811320754717,4.132075471698113,2.0377358490566038,1.0188679245283019,0.1509433962264151,1.5849056603773586,-0.5660377358490566,253,593,90,244,77,99,5.54902938726979,27,0.4266441821247892,0.36885245901639346,0.7777777777777778,IND
1630537,Chris Duarte,2023,43,18.930232558139537,7.046511627906977,2.5348837209302326,1.2790697674418605,0.3953488372093023,0.20930232558139536,0.8604651162790697,-2.604651162790698,107,301,48,158,41,49,6.023578624562822,30,0.3554817275747508,0.3037974683544304,0.8367346938775511,IND
1630537,Chris Duarte,2024,58,12.431034482758621,3.9655172413793105,1.8275862068965518,0.7586206896551724,0.4827586206896552,0.13793103448275862,0.4482758620689655,-1.1551724137931034,80,210,44,127,26,33,4.0651083464181585,18,0.38095238095238093,0.3464566929133858,0.7878787878787878,IND
1630537,Chris Duarte,2025,17,4.294117647058823,2.1176470588235294,1.1764705882352942,0.5294117647058824,0.0,0.0,0.058823529411764705,0.7058823529411765,12,26,6,15,6,8,2.420804436059852,7,0.46153846153846156,0.4,0.75,IND
1630538,Bones Hyland,2022,67,18.82089552238806,9.656716417910447,2.671641791044776,2.701492537313433,0.582089552238806,0.208955223880597,1.2238805970149254,0.19402985074626866,218,545,124,340,87,102,6.086627764170801,27,0.4,0.36470588235294116,0.8529411764705882,DEN
1630538,Bones Hyland,2023,59,18.864406779661017,11.067796610169491,2.288135593220339,2.847457627118644,0.6949152542372882,0.2542372881355932,1.4067796610169492,-1.6610169491525424,227,582,117,323,82,98,6.5148753045458525,26,0.3900343642611684,0.3622291021671827,0.8367346938775511,DEN
1630538,Bones Hyland,2024,39,13.35897435897436,6.410256410256411,1.358974358974359,2.3333333333333335,0.6410256410256411,0.10256410256410256,1.1025641025641026,-1.8205128205128205,95,249,44,135,16,21,7.7143678279658925,37,0.3815261044176707,0.32592592592592595,0.7619047619047619,DEN
1630538,Bones Hyland,2025,24,9.958333333333334,6.208333333333333,1.0416666666666667,1.3333333333333333,0.75,0.16666666666666666,1.0416666666666667,-1.2916666666666667,47,118,32,82,23,26,5.633588451473866,22,0.3983050847457627,0.3902439024390244,0.8846153846153846,DEN
1630538,Bones Hyland,2026,80,16.1875,8.125,1.75,2.5375,0.6,0.225,0.975,1.3375,227,518,125,333,71,90,6.469744580484522,23,0.43822393822393824,0.37537537537537535,0.7888888888888889,DEN
1630539,Kai Jones,2022,21,3.0476190476190474,1.0476190476190477,0.5238095238095238,0.19047619047619047,0.047619047619047616,0.09523809523809523,0.2857142857142857,-0.6666666666666666,9,14,1,2,3,8,1.3219754338182867,4,0.6428571428571429,0.5,0.375,CHA
1630539,Kai Jones,2023,42,11.285714285714286,3.119047619047619,2.6666666666666665,0.2857142857142857,0.2857142857142857,0.42857142857142855,0.5952380952380952,-0.7380952380952381,56,95,3,13,16,22,2.7867489665477887,12,0.5894736842105263,0.23076923076923078,0.7272727272727273,CHA
1630539,Kai Jones,2025,39,11.461538461538462,4.615384615384615,3.0256410256410255,0.6410256410256411,0.358974358974359,0.5128205128205128,0.4358974358974359,-0.28205128205128205,78,100,1,5,23,31,5.269651864139678,21,0.78,0.2,0.7419354838709677,CHA
1630540,Miles McBride,2022,37,10.08108108108108,2.4054054054054053,1.135135135135135,1.1081081081081081,0.3783783783783784,0.02702702702702703,0.13513513513513514,2.810810810810811,32,108,17,68,8,12,3.4517262948290695,15,0.2962962962962963,0.25,0.6666666666666666,NYK
1630540,Miles McBride,2023,68,11.544117647058824,3.3088235294117645,0.7647058823529411,1.0735294117647058,0.5441176470588235,0.1323529411764706,0.36764705882352944,0.6764705882352942,78,219,41,137,28,42,4.0121358920348795,18,0.3561643835616438,0.29927007299270075,0.6666666666666666,NYK
1630540,Miles McBride,2024,81,20.679012345679013,8.703703703703704,1.5925925925925926,1.7160493827160495,0.7037037037037037,0.1111111111111111,0.5061728395061729,-0.654320987654321,259,578,134,334,53,62,7.453932593679065,29,0.44809688581314877,0.40119760479041916,0.8548387096774194,NYK
1630540,Miles McBride,2025,81,23.40740740740741,8.54320987654321,2.1728395061728394,2.493827160493827,0.8888888888888888,0.19753086419753085,0.6419753086419753,3.037037037037037,247,618,132,359,66,81,5.03251771660083,22,0.39967637540453077,0.36768802228412256,0.8148148148148148,NYK
1630540,Miles McBride,2026,60,23.55,9.966666666666667,2.05,2.15,0.7166666666666667,0.21666666666666667,0.7166666666666667,6.083333333333333,206,509,142,351,44,55,7.201616265544713,25,0.40471512770137524,0.4045584045584046,0.8,NYK
1630541,Moses Moody,2022,65,10.984615384615385,4.138461538461539,1.353846153846154,0.4153846153846154,0.15384615384615385,0.2,0.24615384615384617,-0.7076923076923077,95,211,47,123,32,42,5.4711656752609725,30,0.45023696682464454,0.3821138211382114,0.7619047619047619,GSW
1630541,Moses Moody,2023,74,12.85135135135135,4.851351351351352,1.7972972972972974,0.7972972972972973,0.2972972972972973,0.10810810810810811,0.4594594594594595,-0.21621621621621623,127,261,60,153,45,61,4.824828572247256,25,0.48659003831417624,0.39215686274509803,0.7377049180327869,GSW
1630541,Moses Moody,2024,66,17.333333333333332,8.0,2.9393939393939394,0.8484848484848485,0.6060606060606061,0.36363636363636365,0.6666666666666666,1.5606060606060606,194,415,72,199,68,88,4.762029302400719,21,0.4674698795180723,0.36180904522613067,0.7727272727272727,GSW
1630541,Moses Moody,2025,85,21.50588235294118,9.31764705882353,2.5176470588235293,1.2588235294117647,0.7764705882352941,0.35294117647058826,0.6941176470588235,0.8941176470588236,271,640,137,374,113,143,5.717999493466479,25,0.4234375,0.3663101604278075,0.7902097902097902,GSW
1630541,Moses Moody,2026,57,25.263157894736842,11.596491228070175,3.3508771929824563,1.5614035087719298,0.9473684210526315,0.5263157894736842,0.8771929824561403,1.2280701754385965,226,524,140,353,69,92,6.8657005914566955,32,0.4312977099236641,0.39660056657223797,0.75,GSW
1630543,Isaiah Jackson,2022,26,13.038461538461538,6.384615384615385,3.576923076923077,0.15384615384615385,0.5769230769230769,1.0,0.8461538461538461,-1.0769230769230769,68,127,3,9,27,41,6.356583504222519,26,0.5354330708661418,0.3333333333333333,0.6585365853658537,IND
1630543,Isaiah Jackson,2023,48,15.604166666666666,6.5625,4.520833333333333,0.8541666666666666,0.4583333333333333,0.8958333333333334,0.7708333333333334,-2.5,124,220,2,10,65,104,5.115293090748107,19,0.5636363636363636,0.2,0.625,IND
1630543,Isaiah Jackson,2024,62,11.661290322580646,5.419354838709677,3.532258064516129,0.6935483870967742,0.4838709677419355,0.6935483870967742,0.5,-0.532258064516129,138,214,0,2,60,87,4.441046941611759,20,0.6448598130841121,0.0,0.6896551724137931,IND
1630543,Isaiah Jackson,2026,50,16.2,6.68,5.28,0.82,0.7,0.7,1.04,-1.54,139,217,0,3,56,90,4.787057380828742,21,0.6405529953917051,0.0,0.6222222222222222,IND
1630544,Tre Mann,2022,57,22.157894736842106,9.631578947368421,2.8421052631578947,1.5087719298245614,0.7368421052631579,0.17543859649122806,1.1578947368421053,-4.824561403508772,209,546,87,252,44,60,6.616083160826913,35,0.38278388278388276,0.34523809523809523,0.7333333333333333,OKC
1630544,Tre Mann,2023,68,17.470588235294116,7.602941176470588,2.2941176470588234,1.7794117647058822,0.5882352941176471,0.16176470588235295,0.9558823529411765,0.8382352941176471,197,501,81,257,42,55,6.327244350514292,25,0.3932135728542914,0.3151750972762646,0.7636363636363637,OKC
1630544,Tre Mann,2024,41,24.195121951219512,9.317073170731707,3.6341463414634148,4.024390243902439,1.2439024390243902,0.07317073170731707,1.5853658536585367,-3.097560975609756,145,316,47,126,45,59,6.001828989525793,21,0.4588607594936709,0.373015873015873,0.7627118644067796,OKC
1630544,Tre Mann,2026,54,12.555555555555555,5.425925925925926,1.7037037037037037,1.6111111111111112,0.46296296296296297,0.09259259259259259,1.0,-2.8518518518518516,109,306,50,158,25,29,5.382017058413231,20,0.3562091503267974,0.31645569620253167,0.8620689655172413,OKC
1630545,Terrence Shannon Jr.,2025,40,9.2,3.85,1.3,0.825,0.275,0.125,0.375,0.1,59,126,13,36,23,27,4.984848839104146,17,0.46825396825396826,0.3611111111111111,0.8518518518518519,MIN
1630545,Terrence Shannon Jr.,2026,49,12.979591836734693,5.551020408163265,1.2448979591836735,0.7959183673469388,0.3469387755102041,0.02040816326530612,0.5510204081632653,-1.9591836734693877,93,220,34,93,52,62,6.30826582248044,24,0.42272727272727273,0.3655913978494624,0.8387096774193549,MIN
1630547,James Bouknight,2022,30,10.133333333333333,4.733333333333333,1.7333333333333334,0.8666666666666667,0.23333333333333334,0.03333333333333333,0.5,-1.6666666666666667,49,141,17,49,27,31,6.274927301863995,24,0.3475177304964539,0.3469387755102041,0.8709677419354839,CHA
1630547,James Bouknight,2023,34,15.117647058823529,5.617647058823529,2.1176470588235294,1.2058823529411764,0.4117647058823529,0.14705882352941177,0.9411764705882353,-2.8529411764705883,69,193,33,109,20,30,5.856954974099379,22,0.35751295336787564,0.30275229357798167,0.6666666666666666,CHA
1630548,Johnny Juzang,2023,18,13.0,4.833333333333333,2.1666666666666665,0.4444444444444444,0.2222222222222222,0.16666666666666666,0.16666666666666666,-4.833333333333333,35,104,15,63,2,4,3.185444839191131,11,0.33653846153846156,0.23809523809523808,0.5,UTA
1630548,Johnny Juzang,2024,20,18.6,7.2,1.8,1.15,0.2,0.1,0.65,-0.4,51,110,32,77,10,14,7.023269593962181,27,0.4636363636363636,0.4155844155844156,0.7142857142857143,UTA
1630548,Johnny Juzang,2025,63,19.666666666666668,8.793650793650794,2.888888888888889,1.0634920634920635,0.5873015873015873,0.12698412698412698,0.5396825396825397,-5.634920634920635,200,466,115,307,39,47,5.697081115003259,27,0.4291845493562232,0.3745928338762215,0.8297872340425532,UTA
1630548,Johnny Juzang,2026,20,4.35,2.15,0.85,0.3,0.1,0.05,0.25,-0.35,16,38,6,24,5,8,2.4767338424456895,10,0.42105263157894735,0.25,0.625,UTA
1630549,Day'Ron Sharpe,2022,31,11.838709677419354,5.935483870967742,4.935483870967742,0.4838709677419355,0.3225806451612903,0.3870967741935484,0.8709677419354839,1.3870967741935485,80,143,2,7,22,38,4.471655054309442,20,0.5594405594405595,0.2857142857142857,0.5789473684210527,BKN
1630549,Day'Ron Sharpe,2023,49,11.73469387755102,4.755102040816326,4.204081632653061,0.8571428571428571,0.30612244897959184,0.673469387755102,0.8979591836734694,-2.2448979591836733,95,174,6,11,37,57,4.507080597260724,20,0.5459770114942529,0.5454545454545454,0.6491228070175439,BKN
1630549,Day'Ron Sharpe,2024,59,14.966101694915254,6.661016949152542,6.288135593220339,1.3728813559322033,0.3728813559322034,0.6779661016949152,1.1355932203389831,0.7288135593220338,162,286,4,15,65,108,3.545809423139519,15,0.5664335664335665,0.26666666666666666,0.6018518518518519,BKN
1630549,Day'Ron Sharpe,2025,47,17.76595744680851,7.595744680851064,6.425531914893617,1.6808510638297873,0.7659574468085106,0.6808510638297872,1.1914893617021276,1.148936170212766,151,293,8,40,47,65,3.663329291588786,16,0.515358361774744,0.2,0.7230769230769231,BKN
1630549,Day'Ron Sharpe,2026,59,18.406779661016948,8.35593220338983,6.5423728813559325,2.3728813559322033,1.0847457627118644,0.4067796610169492,1.7118644067796611,-2.457627118644068,200,335,8,37,85,129,4.8414970321756625,19,0.5970149253731343,0.21621621621621623,0.6589147286821705,BKN
1630550,JT Thor,2022,32,7.9375,2.03125,1.34375,0.59375,0.25,0.25,0.3125,-0.34375,23,53,7,26,12,20,2.4294480323595073,8,0.4339622641509434,0.2692307692307692,0.6,CHA
1630550,JT Thor,2023,69,14.0,3.7971014492753623,2.2028985507246377,0.5217391304347826,0.3188405797101449,0.3333333333333333,0.6376811594202898,-2.36231884057971,95,238,39,123,33,47,3.740005151557192,14,0.39915966386554624,0.3170731707317073,0.7021276595744681,CHA
1630550,JT Thor,2024,61,12.114754098360656,2.9344262295081966,2.2459016393442623,0.4098360655737705,0.14754098360655737,0.3770491803278688,0.2459016393442623,-0.9836065573770492,72,172,25,75,10,18,2.6574978987700466,9,0.4186046511627907,0.3333333333333333,0.5555555555555556,CHA
1630550,JT Thor,2025,19,11.736842105263158,3.3684210526315788,2.210526315789474,0.3157894736842105,0.42105263157894735,0.3157894736842105,0.47368421052631576,-3.473684210526316,23,53,6,19,12,18,2.9478905134913274,12,0.4339622641509434,0.3157894736842105,0.6666666666666666,CHA
1630551,Justin Champagnie,2022,36,7.805555555555555,2.25,2.0,0.3055555555555556,0.2222222222222222,0.1111111111111111,0.2222222222222222,1.4444444444444444,31,67,10,28,9,9,3.147561414356018,14,0.4626865671641791,0.35714285714285715,1.0,WAS
1630551,Justin Champagnie,2025,59,21.83050847457627,9.0,5.677966101694915,0.9491525423728814,1.0677966101694916,0.559322033898305,0.9152542372881356,-4.796610169491525,205,398,72,186,49,71,7.196742558149198,31,0.5150753768844221,0.3870967741935484,0.6901408450704225,WAS
1630551,Justin Champagnie,2026,64,19.96875,8.359375,5.578125,1.1875,0.890625,0.5,0.65625,-4.15625,209,425,50,157,67,88,5.3492832556527,20,0.49176470588235294,0.3184713375796178,0.7613636363636364,WAS
1630552,Jalen Johnson,2022,24,5.541666666666667,2.2916666666666665,1.1666666666666667,0.125,0.125,0.08333333333333333,0.4583333333333333,-0.4583333333333333,23,45,4,15,5,7,3.3941018747574274,12,0.5111111111111111,0.26666666666666666,0.7142857142857143,ATL
1630552,Jalen Johnson,2023,73,14.41095890410959,5.465753424657534,4.013698630136986,1.1643835616438356,0.5753424657534246,0.3698630136986301,0.6575342465753424,0.0136986301369863,162,332,31,107,44,72,4.163606181948068,16,0.4879518072289157,0.2897196261682243,0.6111111111111112,ATL
1630552,Jalen Johnson,2024,51,33.3921568627451,15.431372549019608,8.450980392156863,3.411764705882353,1.1764705882352942,0.7450980392156863,1.8235294117647058,-2.0,320,627,62,180,85,117,5.741967962156474,28,0.5103668261562998,0.34444444444444444,0.7264957264957265,ATL
1630552,Jalen Johnson,2025,29,35.06896551724138,18.413793103448278,10.0,4.9655172413793105,1.5862068965517242,0.7586206896551724,2.8275862068965516,0.3448275862068966,217,444,36,117,64,86,6.074050433602832,29,0.48873873873873874,0.3076923076923077,0.7441860465116279,ATL
1630552,Jalen Johnson,2026,60,34.21666666666667,19.65,9.9,7.283333333333333,1.0333333333333334,0.43333333333333335,3.183333333333333,0.9833333333333333,460,961,81,256,178,231,5.772010195323225,34,0.4786680541103018,0.31640625,0.7705627705627706,ATL
1630553,Keon Johnson,2022,36,18.583333333333332,7.027777777777778,2.0555555555555554,2.0833333333333335,0.75,0.3333333333333333,1.1944444444444444,-7.027777777777778,93,258,33,96,34,44,5.94011116351543,20,0.36046511627906974,0.34375,0.7727272727272727,BKN
1630553,Keon Johnson,2023,38,11.0,4.894736842105263,1.1578947368421053,1.5526315789473684,0.5,0.15789473684210525,1.131578947368421,-4.0,66,177,27,80,27,41,5.092599154173874,20,0.3728813559322034,0.3375,0.6585365853658537,BKN
1630553,Keon Johnson,2025,78,24.384615384615383,10.5,3.7435897435897436,2.1666666666666665,1.0384615384615385,0.38461538461538464,1.4743589743589745,-5.333333333333333,298,772,124,397,99,131,6.502247363736694,25,0.3860103626943005,0.3123425692695214,0.7557251908396947,BKN
1630554,Jason Preston,2023,15,8.333333333333334,2.7333333333333334,1.4666666666666666,1.8,0.13333333333333333,0.0,0.6666666666666666,-0.8666666666666667,18,41,5,18,0,2,3.6147844564602556,12,0.43902439024390244,0.2777777777777778,0.0,LAC
1630556,Kessler Edwards,2022,50,19.32,5.5,3.34,0.6,0.6,0.42,0.82,-1.12,106,259,47,136,16,19,5.071931564593352,17,0.4092664092664093,0.34558823529411764,0.8421052631578947,SAC
1630556,Kessler Edwards,2023,37,10.702702702702704,2.7027027027027026,1.6756756756756757,0.6216216216216216,0.3783783783783784,0.16216216216216217,0.35135135135135137,0.40540540540540543,36,93,17,55,11,15,3.596795370456448,12,0.3870967741935484,0.3090909090909091,0.7333333333333333,SAC
1630556,Kessler Edwards,2024,49,5.591836734693878,1.8979591836734695,0.8775510204081632,0.30612244897959184,0.20408163265306123,0.08163265306122448,0.08163265306122448,-0.8367346938775511,34,82,20,52,5,9,3.063528044858192,10,0.4146341463414634,0.38461538461538464,0.5555555555555556,SAC
1630556,Kessler Edwards,2025,37,14.675675675675675,4.108108108108108,2.7837837837837838,0.972972972972973,0.43243243243243246,0.35135135135135137,0.35135135135135137,-4.216216216216216,61,120,20,47,10,11,5.368549275299736,22,0.5083333333333333,0.425531914893617,0.9090909090909091,SAC
1630557,Corey Kispert,2022,77,23.428571428571427,8.233766233766234,2.7142857142857144,1.103896103896104,0.45454545454545453,0.2857142857142857,0.6493506493506493,0.4935064935064935,234,514,112,320,54,62,5.621612673414762,25,0.45525291828793774,0.35,0.8709677419354839,WAS
1630557,Corey Kispert,2023,73,28.246575342465754,10.972602739726028,2.7945205479452055,1.178082191780822,0.4383561643835616,0.1095890410958904,0.726027397260274,-1.7534246575342465,286,573,160,375,69,82,5.656786982465611,29,0.49912739965095987,0.4266666666666667,0.8414634146341463,WAS
1630557,Corey Kispert,2024,77,25.766233766233768,13.311688311688311,2.8051948051948052,1.974025974025974,0.4935064935064935,0.16883116883116883,1.2467532467532467,-5.922077922077922,373,765,179,463,100,143,6.126430531677222,27,0.4875816993464052,0.38660907127429806,0.6993006993006993,WAS
1630557,Corey Kispert,2025,60,26.2,11.516666666666667,2.9833333333333334,1.7,0.4166666666666667,0.23333333333333334,1.05,-4.316666666666666,252,558,119,327,68,79,5.895967213149263,25,0.45161290322580644,0.363914373088685,0.8607594936708861,WAS
1630557,Corey Kispert,2026,63,18.03174603174603,8.619047619047619,2.2222222222222223,1.5555555555555556,0.2857142857142857,0.14285714285714285,0.7619047619047619,-2.1904761904761907,188,416,88,249,79,100,6.371378975236284,33,0.4519230769230769,0.3534136546184739,0.79,WAS
1630558,Davion Mitchell,2022,73,27.315068493150687,11.164383561643836,2.191780821917808,3.958904109589041,0.7397260273972602,0.3013698630136986,1.4794520547945205,-3.808219178082192,338,807,95,309,44,71,6.487196147091372,26,0.4188351920693928,0.3074433656957929,0.6197183098591549,SAC
1630558,Davion Mitchell,2023,87,18.2183908045977,5.747126436781609,1.3103448275862069,2.264367816091954,0.5747126436781609,0.1839080459770115,0.7816091954022989,-0.25287356321839083,200,445,70,224,30,37,4.364812766182287,23,0.449438202247191,0.3125,0.8108108108108109,SAC
1630558,Davion Mitchell,2024,74,15.405405405405405,5.324324324324325,1.3783783783783783,1.864864864864865,0.22972972972972974,0.04054054054054054,0.5945945945945946,-0.43243243243243246,152,341,60,169,30,42,4.5544141108788985,18,0.44574780058651026,0.35502958579881655,0.7142857142857143,SAC
1630558,Davion Mitchell,2025,78,28.28205128205128,8.551282051282051,2.269230769230769,5.089743589743589,0.9358974358974359,0.21794871794871795,1.7820512820512822,-0.5,255,525,97,234,60,93,5.253687476547505,20,0.4857142857142857,0.41452991452991456,0.6451612903225806,SAC
1630558,Davion Mitchell,2026,70,28.857142857142858,9.642857142857142,2.657142857142857,6.457142857142857,0.9857142857142858,0.12857142857142856,1.5142857142857142,2.585714285714286,270,552,93,234,42,65,5.010237965610984,28,0.4891304347826087,0.3974358974358974,0.6461538461538462,SAC
1630559,Austin Reaves,2022,59,22.779661016949152,6.711864406779661,2.9322033898305087,1.6610169491525424,0.4406779661016949,0.3050847457627119,0.5932203389830508,0.8813559322033898,135,294,47,156,79,98,4.982904731931405,19,0.45918367346938777,0.30128205128205127,0.8061224489795918,LAL
1630559,Austin Reaves,2023,67,29.64179104477612,12.283582089552239,3.208955223880597,3.283582089552239,0.5223880597014925,0.2835820895522388,1.5223880597014925,2.701492537313433,275,557,105,255,168,197,6.107139314816999,25,0.49371633752244165,0.4117647058823529,0.8527918781725888,LAL
1630559,Austin Reaves,2024,78,31.91025641025641,15.653846153846153,4.256410256410256,5.230769230769231,0.8333333333333334,0.23076923076923078,2.0384615384615383,-1.1538461538461537,444,902,147,400,186,220,5.6288379070476156,32,0.49223946784922396,0.3675,0.8454545454545455,LAL
1630559,Austin Reaves,2025,55,34.50909090909091,17.254545454545454,4.4363636363636365,4.927272727272728,0.9272727272727272,0.2727272727272727,2.381818181818182,1.018181818181818,335,739,153,408,126,152,5.841163575794801,31,0.45331529093369416,0.375,0.8289473684210527,LAL
1630559,Austin Reaves,2026,24,34.333333333333336,17.833333333333332,4.25,5.083333333333333,0.9166666666666666,0.625,2.9166666666666665,0.7916666666666666,152,346,47,147,77,86,6.232221089639304,32,0.4393063583815029,0.3197278911564626,0.8953488372093024,LAL
1630560,Cam Thomas,2022,66,17.393939393939394,8.424242424242424,2.3636363636363638,1.1363636363636365,0.5,0.12121212121212122,0.8333333333333334,-2.3636363636363638,214,495,47,173,81,99,7.850645453249944,30,0.43232323232323233,0.27167630057803466,0.8181818181818182,BKN
1630560,Cam Thomas,2023,49,13.040816326530612,6.346938775510204,1.2857142857142858,1.0204081632653061,0.24489795918367346,0.08163265306122448,0.8163265306122449,-0.1836734693877551,117,281,23,79,54,66,7.71781224508216,33,0.41637010676156583,0.2911392405063291,0.8181818181818182,BKN
1630560,Cam Thomas,2024,44,29.65909090909091,19.09090909090909,3.0681818181818183,2.590909090909091,0.6818181818181818,0.25,1.6363636363636365,-4.545454545454546,317,740,92,241,114,139,8.591012561319687,45,0.4283783783783784,0.3817427385892116,0.8201438848920863,BKN
1630560,Cam Thomas,2026,33,19.636363636363637,10.06060606060606,1.5454545454545454,2.484848484848485,0.2727272727272727,0.09090909090909091,1.6363636363636365,-6.545454545454546,119,313,30,109,64,90,6.6329640524589095,27,0.3801916932907348,0.27522935779816515,0.7111111111111111,BKN
1630561,David Duke Jr.,2022,22,15.454545454545455,4.7272727272727275,3.0454545454545454,0.7727272727272727,0.6363636363636364,0.3181818181818182,0.4090909090909091,-0.45454545454545453,39,108,9,37,17,21,5.110044433520526,18,0.3611111111111111,0.24324324324324326,0.8095238095238095,BKN
1630561,David Duke Jr.,2023,24,9.75,3.625,1.2083333333333333,0.875,0.4166666666666667,0.041666666666666664,0.7916666666666666,-1.625,37,81,1,13,12,17,4.401704215414752,15,0.4567901234567901,0.07692307692307693,0.7058823529411765,BKN
1630563,Joshua Primo,2022,50,19.14,5.66,2.26,1.66,0.34,0.38,1.14,-1.78,99,268,41,134,44,59,4.605276476887293,15,0.3694029850746269,0.30597014925373134,0.7457627118644068,SAS
1630567,Scottie Barnes,2022,66,35.21212121212121,14.803030303030303,7.651515151515151,3.4545454545454546,1.1666666666666667,0.6212121212121212,1.7878787878787878,0.07575757575757576,409,840,49,180,110,159,6.207240677614879,31,0.4869047619047619,0.2722222222222222,0.6918238993710691,TOR
1630567,Scottie Barnes,2023,67,34.492537313432834,14.522388059701493,6.731343283582089,4.880597014925373,1.044776119402985,0.6716417910447762,1.955223880597015,1.8656716417910448,395,878,50,198,133,177,6.448768284919418,32,0.4498861047835991,0.25252525252525254,0.751412429378531,TOR
1630567,Scottie Barnes,2024,45,34.28888888888889,18.755555555555556,8.022222222222222,5.844444444444444,1.2666666666666666,0.9555555555555556,2.6,-3.022222222222222,331,700,74,222,108,137,6.332296565858218,32,0.47285714285714286,0.3333333333333333,0.7883211678832117,TOR
1630567,Scottie Barnes,2025,46,32.630434782608695,18.08695652173913,8.108695652173912,5.934782608695652,1.2608695652173914,0.7608695652173914,2.739130434782609,-1.5,331,742,58,207,112,152,6.449206969186285,35,0.44609164420485176,0.28019323671497587,0.7368421052631579,TOR
1630567,Scottie Barnes,2026,54,32.81481481481482,17.09259259259259,6.7407407407407405,5.388888888888889,1.462962962962963,0.9444444444444444,2.7222222222222223,0.5370370370370371,377,748,55,160,114,143,5.87372954876368,33,0.5040106951871658,0.34375,0.7972027972027972,TOR
1630568,Luka Garza,2022,30,11.033333333333333,5.166666666666667,2.8,0.6666666666666666,0.23333333333333334,0.16666666666666666,0.5,-2.7,57,131,15,46,26,42,4.541633712840479,20,0.4351145038167939,0.32608695652173914,0.6190476190476191,MIN
1630568,Luka Garza,2023,26,7.846153846153846,5.615384615384615,1.9615384615384615,0.5769230769230769,0.11538461538461539,0.07692307692307693,0.4230769230769231,1.3461538461538463,52,96,14,35,28,38,6.693739899798454,25,0.5416666666666666,0.4,0.7368421052631579,MIN
1630568,Luka Garza,2024,30,4.866666666666666,4.266666666666667,1.2333333333333334,0.16666666666666666,0.13333333333333333,0.03333333333333333,0.2,1.0,46,87,11,35,25,33,4.201258705750417,16,0.5287356321839081,0.3142857142857143,0.7575757575757576,MIN
1630568,Luka Garza,2025,42,5.285714285714286,3.2142857142857144,1.3333333333333333,0.23809523809523808,0.09523809523809523,0.07142857142857142,0.2857142857142857,-0.2857142857142857,53,104,10,34,19,26,3.4467072606716327,16,0.5096153846153846,0.29411764705882354,0.7307692307692307,MIN
1630568,Luka Garza,2026,75,15.466666666666667,7.8133333333333335,3.9066666666666667,0.96,0.36,0.3466666666666667,0.6266666666666667,2.04,215,374,59,139,97,125,5.818640440564838,27,0.5748663101604278,0.4244604316546763,0.776,MIN
1630570,Trendon Watford,2022,44,16.977272727272727,6.7727272727272725,3.8863636363636362,1.6590909090909092,0.5681818181818182,0.4318181818181818,0.9772727272727273,-7.090909090909091,119,220,6,27,54,75,5.510512728280484,27,0.5409090909090909,0.2222222222222222,0.72,POR
1630570,Trendon Watford,2023,62,19.112903225806452,7.403225806451613,3.838709677419355,2.096774193548387,0.5161290322580645,0.1935483870967742,1.1451612903225807,-2.9193548387096775,181,323,25,64,72,100,5.289828400388109,24,0.5603715170278638,0.390625,0.72,POR
1630570,Trendon Watford,2024,60,13.633333333333333,6.766666666666667,3.1166666666666667,1.3333333333333333,0.35,0.3,0.9333333333333333,-1.0166666666666666,157,295,27,66,65,84,5.41612991690895,21,0.5322033898305085,0.4090909090909091,0.7738095238095238,POR
1630570,Trendon Watford,2025,38,20.81578947368421,9.68421052631579,3.6578947368421053,2.6578947368421053,0.6578947368421053,0.3157894736842105,1.9210526315789473,-1.5263157894736843,141,308,24,79,62,83,4.597915292343028,20,0.4577922077922078,0.3037974683544304,0.7469879518072289,POR
1630570,Trendon Watford,2026,58,14.793103448275861,5.758620689655173,2.8448275862068964,2.1551724137931036,0.3103448275862069,0.3275862068965517,1.0517241379310345,-2.8793103448275863,135,261,10,48,54,73,5.0343045821175085,20,0.5172413793103449,0.20833333333333334,0.7397260273972602,POR
1630572,Sandro Mamukelashvili,2022,39,9.307692307692308,3.230769230769231,1.7692307692307692,0.46153846153846156,0.20512820512820512,0.23076923076923078,0.3333333333333333,-3.2564102564102564,47,97,20,47,12,16,3.8896728211856644,17,0.4845360824742268,0.425531914893617,0.75,SAS
1630572,Sandro Mamukelashvili,2023,43,15.30232558139535,6.116279069767442,4.3023255813953485,1.441860465116279,0.32558139534883723,0.27906976744186046,0.813953488372093,-2.6511627906976742,97,230,30,99,39,57,5.732984356733541,23,0.4217391304347826,0.30303030303030304,0.6842105263157895,SAS
1630572,Sandro Mamukelashvili,2024,45,10.044444444444444,4.222222222222222,3.2666666666666666,1.0888888888888888,0.15555555555555556,0.26666666666666666,0.4222222222222222,1.0,73,155,19,64,25,34,5.303896033230019,21,0.47096774193548385,0.296875,0.7352941176470589,SAS
1630572,Sandro Mamukelashvili,2025,59,11.254237288135593,6.288135593220339,3.0677966101694913,0.7796610169491526,0.3728813559322034,0.2711864406779661,0.4406779661016949,-0.559322033898305,138,274,58,155,37,52,5.881152970052688,34,0.5036496350364964,0.3741935483870968,0.7115384615384616,SAS
1630572,Sandro Mamukelashvili,2026,82,21.01219512195122,10.695121951219512,4.865853658536586,1.6951219512195121,0.7682926829268293,0.43902439024390244,0.7804878048780488,2.0853658536585367,329,632,116,293,103,143,5.9746150749304565,24,0.5205696202531646,0.39590443686006827,0.7202797202797203,SAS
1630573,Sam Hauser,2022,33,5.333333333333333,2.121212121212121,0.9090909090909091,0.36363636363636365,0.030303030303030304,0.06060606060606061,0.06060606060606061,0.2727272727272727,24,54,20,47,2,2,3.0593869459171854,11,0.4444444444444444,0.425531914893617,1.0,BOS
1630573,Sam Hauser,2023,94,14.670212765957446,5.680851063829787,2.3404255319148937,0.7872340425531915,0.3191489361702128,0.2127659574468085,0.3191489361702128,2.4468085106382977,187,422,146,357,14,19,5.695145576617847,26,0.4431279620853081,0.40896358543417366,0.7368421052631579,BOS
1630573,Sam Hauser,2024,98,20.653061224489797,8.316326530612244,3.2346938775510203,0.9489795918367347,0.45918367346938777,0.2857142857142857,0.35714285714285715,5.8979591836734695,285,642,224,536,21,23,5.83023922830692,30,0.4439252336448598,0.417910447761194,0.9130434782608695,BOS
1630573,Sam Hauser,2025,79,20.860759493670887,8.012658227848101,2.9873417721518987,0.8607594936708861,0.5316455696202531,0.17721518987341772,0.3291139240506329,4.518987341772152,224,498,173,420,12,12,5.9989180026240625,33,0.4497991967871486,0.4119047619047619,1.0,BOS
1630573,Sam Hauser,2026,85,24.67058823529412,9.094117647058823,3.8823529411764706,1.411764705882353,0.4588235294117647,0.2823529411764706,0.43529411764705883,4.141176470588236,271,647,214,542,17,20,6.148216019634447,30,0.4188562596599691,0.3948339483394834,0.85,BOS
1630574,Ariel Hukporti,2025,27,7.074074074074074,1.6666666666666667,1.8148148148148149,0.2962962962962963,0.037037037037037035,0.4074074074074074,0.6666666666666666,-1.8888888888888888,20,28,0,0,5,13,2.4806946917841692,9,0.7142857142857143,0.0,0.38461538461538464,NYK
1630574,Ariel Hukporti,2026,61,8.62295081967213,1.9672131147540983,2.7540983606557377,0.4262295081967213,0.14754098360655737,0.4262295081967213,0.5737704918032787,0.7377049180327869,47,85,1,5,25,40,2.658114702282767,12,0.5529411764705883,0.2,0.625,NYK
1630577,Julian Champagnie,2023,17,18.764705882352942,9.705882352941176,3.5294117647058822,0.5882352941176471,0.35294117647058826,0.29411764705882354,0.6470588235294118,-4.352941176470588,59,130,33,82,14,17,8.342397031746579,26,0.45384615384615384,0.4024390243902439,0.8235294117647058,SAS
1630577,Julian Champagnie,2024,71,19.35211267605634,6.633802816901408,2.7183098591549295,1.3098591549295775,0.6056338028169014,0.4507042253521127,0.7605633802816901,-1.5492957746478873,152,371,96,259,71,87,5.23788244186991,17,0.40970350404312667,0.37065637065637064,0.8160919540229885,SAS
1630577,Julian Champagnie,2025,80,23.4625,9.675,3.8875,1.3625,0.75,0.4,0.9,-0.775,264,641,171,463,75,84,5.543327611882436,23,0.4118564742589704,0.3693304535637149,0.8928571428571429,SAS
1630577,Julian Champagnie,2026,103,28.233009708737864,10.980582524271844,5.728155339805825,1.5533980582524272,0.883495145631068,0.46601941747572817,0.7961165048543689,7.019417475728155,379,861,252,650,121,149,6.270035466835724,36,0.44018583042973286,0.38769230769230767,0.8120805369127517,SAS
1630578,Alperen Sengun,2022,65,20.49230769230769,8.892307692307693,5.553846153846154,2.5846153846153848,0.8461538461538461,0.8153846153846154,2.0,-4.6,212,454,24,100,130,183,4.455064102102927,21,0.4669603524229075,0.24,0.7103825136612022,HOU
1630578,Alperen Sengun,2023,55,28.363636363636363,13.545454545454545,8.8,3.9454545454545453,1.018181818181818,0.6545454545454545,2.709090909090909,-4.254545454545455,314,576,12,43,105,151,5.174074194582425,25,0.5451388888888888,0.27906976744186046,0.695364238410596,HOU
1630578,Alperen Sengun,2024,42,31.19047619047619,20.0,9.095238095238095,4.690476190476191,1.1428571428571428,0.5238095238095238,2.4761904761904763,1.3095238095238095,352,651,27,86,109,160,6.959814968103958,45,0.5407066052227343,0.313953488372093,0.68125,HOU
1630578,Alperen Sengun,2025,53,30.547169811320753,16.58490566037736,9.981132075471699,5.0,1.1886792452830188,0.5660377358490566,2.490566037735849,4.09433962264151,367,757,16,62,129,196,5.375993511987238,27,0.4848084544253633,0.25806451612903225,0.6581632653061225,HOU
1630578,Alperen Sengun,2026,49,33.142857142857146,18.081632653061224,8.755102040816327,6.040816326530612,1.2040816326530612,0.7346938775510204,3.1020408163265305,1.836734693877551,376,726,20,82,114,174,6.797170779982279,33,0.5179063360881543,0.24390243902439024,0.6551724137931034,HOU
1630579,Jericho Sims,2022,40,13.05,2.0,3.9,0.475,0.25,0.475,0.475,2.2,35,48,0,0,10,23,2.6214108552065762,10,0.7291666666666666,0.0,0.43478260869565216,NYK
1630579,Jericho Sims,2023,49,15.428571428571429,3.2857142857142856,4.612244897959184,0.5102040816326531,0.2857142857142857,0.4489795918367347,0.5102040816326531,-2.2448979591836733,76,97,0,1,9,12,3.1424512724941334,12,0.7835051546391752,0.0,0.75,NYK
1630579,Jericho Sims,2024,48,12.0,1.8958333333333333,3.0625,0.4791666666666667,0.20833333333333334,0.2708333333333333,0.3125,0.22916666666666666,36,52,0,0,19,28,2.5200437629882315,10,0.6923076923076923,0.0,0.6785714285714286,NYK
1630579,Jericho Sims,2025,55,12.290909090909091,2.0,3.909090909090909,0.6181818181818182,0.18181818181818182,0.3090909090909091,0.6727272727272727,0.4727272727272727,50,76,0,0,10,16,2.4720661623652207,10,0.6578947368421053,0.0,0.625,NYK
1630579,Jericho Sims,2026,65,19.692307692307693,4.969230769230769,5.523076923076923,1.4461538461538461,0.26153846153846155,0.26153846153846155,1.123076923076923,-3.876923076923077,142,179,0,0,39,63,4.130561518914645,17,0.7932960893854749,0.0,0.6190476190476191,NYK
1630580,Joe Wieskamp,2022,29,7.068965517241379,2.103448275862069,0.4827586206896552,0.3103448275862069,0.13793103448275862,0.10344827586206896,0.06896551724137931,0.0,20,56,14,43,7,13,3.405298681951481,13,0.35714285714285715,0.32558139534883723,0.5384615384615384,SAS
1630581,Josh Giddey,2022,54,31.62962962962963,12.481481481481481,7.796296296296297,6.388888888888889,0.9444444444444444,0.37037037037037035,3.1666666666666665,-5.537037037037037,281,670,56,213,56,79,5.52094037908959,28,0.41940298507462687,0.26291079812206575,0.7088607594936709,OKC
1630581,Josh Giddey,2023,75,31.106666666666666,16.36,7.8533333333333335,6.173333333333333,0.7466666666666667,0.41333333333333333,2.8,-1.7733333333333334,528,1097,76,234,95,133,5.082136175675354,31,0.4813126709206928,0.3247863247863248,0.7142857142857143,OKC
1630581,Josh Giddey,2024,88,24.272727272727273,11.693181818181818,6.056818181818182,4.443181818181818,0.6022727272727273,0.5,2.022727272727273,4.2727272727272725,419,897,94,274,97,118,5.581904166812766,25,0.46711259754738016,0.34306569343065696,0.8220338983050848,OKC
1630581,Josh Giddey,2025,57,29.50877192982456,13.403508771929825,7.719298245614035,6.842105263157895,1.1754385964912282,0.5789473684210527,2.807017543859649,-2.087719298245614,295,639,82,227,92,121,6.253169622344698,29,0.4616588419405321,0.36123348017621143,0.7603305785123967,OKC
1630581,Josh Giddey,2026,43,31.813953488372093,15.720930232558139,7.627906976744186,8.953488372093023,0.9767441860465116,0.46511627906976744,3.744186046511628,-4.1395348837209305,241,561,89,241,105,138,6.80099986134864,32,0.4295900178253119,0.36929460580912865,0.7608695652173914,OKC
1630583,Santi Aldama,2022,32,11.21875,4.125,2.71875,0.65625,0.1875,0.3125,0.5,0.5,53,132,6,48,20,32,4.8176423091959455,20,0.4015151515151515,0.125,0.625,MEM
1630583,Santi Aldama,2023,78,21.17948717948718,8.474358974358974,4.576923076923077,1.1794871794871795,0.5897435897435898,0.5,0.7307692307692307,0.11538461538461539,240,510,92,258,89,120,4.95361434089242,21,0.47058823529411764,0.35658914728682173,0.7416666666666667,MEM
1630583,Santi Aldama,2024,56,26.482142857142858,10.821428571428571,5.803571428571429,2.232142857142857,0.7142857142857143,0.6785714285714286,1.1607142857142858,-4.375,230,535,99,284,47,78,5.893315605936002,28,0.42990654205607476,0.3485915492957746,0.6025641025641025,MEM
1630583,Santi Aldama,2025,70,25.928571428571427,12.414285714285715,6.357142857142857,2.7857142857142856,0.7428571428571429,0.38571428571428573,1.0857142857142856,1.6,337,700,129,352,66,94,6.279695499732306,29,0.48142857142857143,0.3664772727272727,0.7021276595744681,MEM
1630583,Santi Aldama,2026,41,27.51219512195122,13.951219512195122,6.658536585365853,2.951219512195122,0.8780487804878049,0.5853658536585366,1.2195121951219512,-1.1219512195121952,215,455,66,192,76,114,7.389016238689001,37,0.4725274725274725,0.34375,0.6666666666666666,MEM
1630586,Usman Garuba,2022,24,9.958333333333334,2.0,3.4583333333333335,0.7083333333333334,0.4166666666666667,0.4583333333333333,0.25,1.375,19,44,5,20,5,7,2.4137288490055666,8,0.4318181818181818,0.25,0.7142857142857143,HOU
1630586,Usman Garuba,2023,72,12.652777777777779,2.763888888888889,4.013888888888889,0.7777777777777778,0.5833333333333334,0.2916666666666667,0.6527777777777778,-3.7222222222222223,78,167,22,56,21,37,2.624333882246809,11,0.46706586826347307,0.39285714285714285,0.5675675675675675,HOU
1630587,Isaiah Livers,2022,19,20.210526315789473,6.368421052631579,3.0,1.105263157894737,0.6842105263157895,0.3684210526315789,0.7894736842105263,-0.5263157894736842,41,90,27,64,12,14,5.3666721150675185,17,0.45555555555555555,0.421875,0.8571428571428571,DET
1630587,Isaiah Livers,2023,50,22.96,6.68,2.78,0.82,0.54,0.44,0.58,-3.72,116,280,72,197,30,36,4.487806609387854,18,0.4142857142857143,0.36548223350253806,0.8333333333333334,DET
1630587,Isaiah Livers,2024,23,20.391304347826086,4.956521739130435,2.0869565217391304,1.0869565217391304,0.5652173913043478,0.21739130434782608,0.6956521739130435,-8.652173913043478,40,116,22,77,12,18,3.8785923040285595,14,0.3448275862068966,0.2857142857142857,0.6666666666666666,DET
1630587,Isaiah Livers,2026,36,9.694444444444445,1.8055555555555556,1.6944444444444444,0.5833333333333334,0.3611111111111111,0.2222222222222222,0.3333333333333333,0.3055555555555556,22,64,12,40,9,12,2.400231470319292,9,0.34375,0.3,0.75,DET
1630590,Scotty Pippen Jr.,2024,19,24.789473684210527,12.578947368421053,3.0,4.7894736842105265,1.4736842105263157,0.47368421052631576,2.6315789473684212,-4.2105263157894735,90,179,28,65,31,40,7.159421061896029,28,0.5027932960893855,0.4307692307692308,0.775,MEM
1630590,Scotty Pippen Jr.,2025,81,21.555555555555557,9.716049382716049,3.271604938271605,4.333333333333333,1.271604938271605,0.345679012345679,1.728395061728395,0.16049382716049382,290,615,91,231,116,161,5.818579224993921,30,0.4715447154471545,0.3939393939393939,0.7204968944099379,MEM
1630591,Jalen Suggs,2022,39,26.153846153846153,10.487179487179487,3.1794871794871793,3.871794871794872,1.1282051282051282,0.3333333333333333,3.0,-4.358974358974359,152,417,38,163,67,96,4.909023886636543,21,0.3645083932853717,0.2331288343558282,0.6979166666666666,ORL
1630591,Jalen Suggs,2023,49,22.93877551020408,9.306122448979592,3.061224489795918,2.693877551020408,1.1224489795918366,0.3673469387755102,1.7142857142857142,-1.0612244897959184,162,398,55,180,77,104,6.452402916848927,24,0.40703517587939697,0.3055555555555556,0.7403846153846154,ORL
1630591,Jalen Suggs,2024,80,27.5875,12.8,3.2875,2.825,1.425,0.5875,1.8875,0.9,363,780,165,425,133,176,5.792618611625216,27,0.4653846153846154,0.38823529411764707,0.7556818181818182,ORL
1630591,Jalen Suggs,2025,28,27.535714285714285,14.5,3.7142857142857144,3.357142857142857,1.5714285714285714,0.9642857142857143,2.75,0.32142857142857145,143,356,62,188,58,68,7.356025496904637,32,0.40168539325842695,0.32978723404255317,0.8529411764705882,ORL
1630591,Jalen Suggs,2026,61,28.081967213114755,12.836065573770492,3.737704918032787,5.213114754098361,1.7540983606557377,0.6229508196721312,2.622950819672131,1.4918032786885247,283,696,125,394,92,108,5.675034002449832,28,0.40660919540229884,0.31725888324873097,0.8518518518518519,ORL
1630592,Jalen Wilson,2024,41,15.487804878048781,4.7073170731707314,2.951219512195122,1.048780487804878,0.2682926829268293,0.0975609756097561,0.43902439024390244,0.2682926829268293,71,166,24,71,27,35,3.378194062210047,12,0.42771084337349397,0.3380281690140845,0.7714285714285715,BKN
1630592,Jalen Wilson,2025,73,25.534246575342465,9.136986301369863,3.3424657534246576,1.8082191780821917,0.5068493150684932,0.0684931506849315,1.0273972602739727,-3.6164383561643834,229,570,114,337,95,122,4.767701136272043,20,0.4017543859649123,0.33827893175074186,0.7786885245901639,BKN
1630592,Jalen Wilson,2026,53,15.81132075471698,6.188679245283019,2.0943396226415096,0.9056603773584906,0.41509433962264153,0.03773584905660377,0.6981132075471698,-3.4716981132075473,106,269,53,149,63,88,4.665984123145468,19,0.3940520446096654,0.35570469798657717,0.7159090909090909,BKN
1630593,McKinley Wright IV,2023,27,12.481481481481481,4.222222222222222,1.7407407407407407,2.1481481481481484,0.2962962962962963,0.18518518518518517,0.7037037037037037,-4.074074074074074,46,98,9,28,13,19,4.2275045679212315,13,0.46938775510204084,0.32142857142857145,0.6842105263157895,DAL
1630595,Cade Cunningham,2022,56,32.035714285714285,16.589285714285715,5.375,5.5,1.2142857142857142,0.5178571428571429,3.6964285714285716,-4.428571428571429,366,878,98,316,99,118,7.283297918623717,34,0.4168564920273349,0.310126582278481,0.8389830508474576,DET
1630595,Cade Cunningham,2024,45,32.15555555555556,19.91111111111111,4.2,7.377777777777778,0.8888888888888888,0.3111111111111111,3.3555555555555556,-7.666666666666667,356,813,79,235,105,128,7.695400699066418,33,0.43788437884378845,0.33617021276595743,0.8203125,DET
1630595,Cade Cunningham,2025,48,34.104166666666664,23.4375,6.395833333333333,9.145833333333334,0.9375,0.6458333333333334,4.395833333333333,1.5,455,967,80,249,135,170,6.832046670078276,40,0.4705274043433299,0.321285140562249,0.7941176470588235,DET
1630595,Cade Cunningham,2026,38,32.5,21.13157894736842,5.052631578947368,9.552631578947368,1.1842105263157894,0.5263157894736842,4.078947368421052,8.078947368421053,312,659,79,215,100,125,8.282743548051457,42,0.47344461305007585,0.3674418604651163,0.8,DET
1630596,Evan Mobley,2022,50,33.92,15.04,7.96,2.74,0.7,1.16,2.08,-1.06,312,612,16,71,112,168,5.883078466661647,30,0.5098039215686274,0.22535211267605634,0.6666666666666666,CLE
1630596,Evan Mobley,2023,62,34.11290322580645,15.548387096774194,8.758064516129032,2.661290322580645,0.7741935483870968,1.0,2.0483870967741935,2.6129032258064515,405,724,20,80,134,195,6.184797382887474,38,0.5593922651933702,0.25,0.6871794871794872,CLE
1630596,Evan Mobley,2024,46,30.73913043478261,15.304347826086957,8.847826086956522,3.3260869565217392,0.8478260869565217,0.9347826086956522,1.7608695652173914,-1.1956521739130435,296,512,18,49,94,132,5.664193833851346,33,0.578125,0.3673469387755102,0.7121212121212122,CLE
1630596,Evan Mobley,2025,51,30.176470588235293,17.11764705882353,9.03921568627451,2.9411764705882355,0.9411764705882353,0.9803921568627451,2.0392156862745097,4.901960784313726,349,607,63,165,112,163,6.221405175114474,34,0.5749588138385503,0.38181818181818183,0.6871165644171779,CLE
1630596,Evan Mobley,2026,45,31.511111111111113,16.755555555555556,7.955555555555556,3.466666666666667,0.6666666666666666,0.9777777777777777,1.9111111111111112,-0.5111111111111111,312,569,43,139,87,155,5.854895215099753,29,0.5483304042179262,0.30935251798561153,0.5612903225806452,CLE
1630598,Aaron Wiggins,2022,47,24.46808510638298,7.9787234042553195,3.6382978723404253,1.4042553191489362,0.6382978723404256,0.2127659574468085,1.0851063829787233,-4.872340425531915,143,320,40,133,49,69,6.281405830261275,28,0.446875,0.3007518796992481,0.7101449275362319,OKC
1630598,Aaron Wiggins,2023,72,18.444444444444443,6.805555555555555,2.9722222222222223,1.1111111111111112,0.5555555555555556,0.20833333333333334,0.7777777777777778,-0.125,190,369,48,123,62,74,5.560522036716856,27,0.5149051490514905,0.3902439024390244,0.8378378378378378,OKC
1630598,Aaron Wiggins,2024,88,15.704545454545455,6.863636363636363,2.477272727272727,1.0909090909090908,0.7045454545454546,0.25,0.7386363636363636,1.3181818181818181,235,424,68,146,66,82,5.246086265744017,26,0.5542452830188679,0.4657534246575342,0.8048780487804879,OKC
1630598,Aaron Wiggins,2025,96,20.645833333333332,10.364583333333334,3.4270833333333335,1.4895833333333333,0.6979166666666666,0.23958333333333334,0.875,5.90625,387,818,151,398,70,88,7.662787443450896,41,0.4731051344743276,0.3793969849246231,0.7954545454545454,OKC
1630598,Aaron Wiggins,2026,74,19.22972972972973,8.0,2.6216216216216215,1.3783783783783783,0.7972972972972973,0.33783783783783783,1.0675675675675675,2.27027027027027,227,530,91,262,47,65,6.092888286456013,27,0.42830188679245285,0.3473282442748092,0.7230769230769231,OKC
1630604,E.J. Liddell,2026,26,13.423076923076923,5.653846153846154,2.6538461538461537,0.9230769230769231,0.23076923076923078,0.38461538461538464,0.5769230769230769,-1.8076923076923077,54,111,18,52,21,26,7.036716891802925,26,0.4864864864864865,0.34615384615384615,0.8076923076923077,BKN
1630606,Javonte Smart,2022,17,11.823529411764707,3.0,1.411764705882353,0.9411764705882353,0.35294117647058826,0.17647058823529413,0.6470588235294118,-2.4705882352941178,19,60,8,27,5,6,5.135659646043535,20,0.31666666666666665,0.2962962962962963,0.8333333333333334,MIL
1630611,Gui Santos,2024,24,8.166666666666666,3.4166666666666665,2.0833333333333335,0.5833333333333334,0.16666666666666666,0.08333333333333333,0.2916666666666667,0.75,28,55,10,27,16,17,3.7173701160511508,13,0.509090909090909,0.37037037037037035,0.9411764705882353,GSW
1630611,Gui Santos,2025,66,12.757575757575758,3.878787878787879,2.8333333333333335,1.3333333333333333,0.42424242424242425,0.16666666666666666,0.7424242424242424,2.6515151515151514,92,199,38,114,34,49,4.569178184027109,19,0.4623115577889447,0.3333333333333333,0.6938775510204082,GSW
1630611,Gui Santos,2026,65,19.861538461538462,8.476923076923077,3.8461538461538463,2.3230769230769233,0.8769230769230769,0.24615384615384617,1.4153846153846155,0.676923076923077,210,422,70,205,61,87,6.754877155405225,25,0.4976303317535545,0.34146341463414637,0.7011494252873564,GSW
1630613,Duane Washington Jr.,2022,48,20.1875,9.854166666666666,1.7291666666666667,1.7708333333333333,0.5416666666666666,0.0625,1.1875,-2.6041666666666665,173,427,81,215,46,61,6.539534707025963,22,0.405152224824356,0.3767441860465116,0.7540983606557377,IND
1630613,Duane Washington Jr.,2023,31,12.64516129032258,7.870967741935484,1.1612903225806452,2.032258064516129,0.1935483870967742,0.12903225806451613,1.096774193548387,-0.1935483870967742,94,256,40,111,16,24,7.526583711458433,26,0.3671875,0.36036036036036034,0.6666666666666666,IND
1630619,Moussa Cisse,2026,30,12.966666666666667,3.933333333333333,5.033333333333333,0.13333333333333333,0.43333333333333335,0.7333333333333333,0.7,-0.7333333333333333,45,87,0,0,28,59,4.338546819586845,17,0.5172413793103449,0.0,0.4745762711864407,DAL
1630623,Tyson Etienne,2026,22,14.545454545454545,7.0,1.0909090909090908,1.5909090909090908,0.4090909090909091,0.0,0.5909090909090909,-3.3636363636363638,49,122,38,91,18,22,6.2105900340811875,23,0.4016393442622951,0.4175824175824176,0.8181818181818182,BKN
1630625,Dalano Banton,2022,67,10.253731343283581,3.014925373134328,1.8656716417910448,1.4477611940298507,0.43283582089552236,0.1044776119402985,0.7761194029850746,0.1791044776119403,81,196,11,47,29,50,3.0326133210405364,12,0.413265306122449,0.23404255319148937,0.58,TOR
1630625,Dalano Banton,2023,30,8.466666666666667,3.8333333333333335,1.3666666666666667,1.0666666666666667,0.3333333333333333,0.36666666666666664,0.5333333333333333,-1.1333333333333333,46,114,12,44,11,18,3.948664840549082,14,0.40350877192982454,0.2727272727272727,0.6111111111111112,TOR
1630625,Dalano Banton,2024,49,18.571428571428573,9.326530612244898,3.061224489795918,2.2653061224489797,0.5510204081632653,0.30612244897959184,1.4081632653061225,-3.979591836734694,171,422,48,169,67,85,8.806691951536155,31,0.4052132701421801,0.28402366863905326,0.788235294117647,TOR
1630625,Dalano Banton,2025,63,16.047619047619047,7.888888888888889,1.9047619047619047,2.253968253968254,0.6349206349206349,0.36507936507936506,1.2380952380952381,-0.8412698412698413,179,455,62,195,77,106,7.224758308517142,23,0.3934065934065934,0.31794871794871793,0.7264150943396226,TOR
1630631,Jose Alvarado,2022,62,15.983870967741936,6.354838709677419,1.8225806451612903,2.693548387096774,1.2741935483870968,0.12903225806451613,0.7903225806451613,2.096774193548387,152,341,41,131,49,70,5.2388735311322705,23,0.44574780058651026,0.31297709923664124,0.7,NOP
1630631,Jose Alvarado,2023,59,21.271186440677965,8.372881355932204,2.288135593220339,3.016949152542373,1.0847457627118644,0.1694915254237288,1.3389830508474576,1.9491525423728813,185,458,72,229,52,65,5.003096644819589,20,0.4039301310043668,0.314410480349345,0.8,NOP
1630631,Jose Alvarado,2024,62,18.387096774193548,6.838709677419355,2.2419354838709675,2.1774193548387095,1.064516129032258,0.27419354838709675,0.7258064516129032,3.870967741935484,153,380,82,227,36,53,4.085935687075997,17,0.4026315789473684,0.36123348017621143,0.6792452830188679,NOP
1630631,Jose Alvarado,2025,55,24.21818181818182,10.2,2.4545454545454546,4.6,1.3454545454545455,0.2545454545454545,1.5454545454545454,-3.727272727272727,200,507,108,300,53,67,6.219443824127803,27,0.39447731755424065,0.36,0.7910447761194029,NOP
1630631,Jose Alvarado,2026,87,17.724137931034484,6.724137931034483,2.2528735632183907,2.9310344827586206,0.8735632183908046,0.11494252873563218,1.0,1.2528735632183907,216,516,113,321,40,52,5.293017900251398,26,0.4186046511627907,0.35202492211838005,0.7692307692307693,NOP
1630639,A.J. Lawson,2023,15,7.266666666666667,3.7333333333333334,1.4,0.13333333333333333,0.13333333333333333,0.0,0.2,-3.066666666666667,22,44,10,25,2,8,4.1656189158852435,12,0.5,0.4,0.25,DAL
1630639,A.J. Lawson,2024,48,7.145833333333333,3.0625,1.1041666666666667,0.4166666666666667,0.20833333333333334,0.0625,0.2916666666666667,0.22916666666666666,58,130,15,56,16,25,3.811551591139086,17,0.4461538461538462,0.26785714285714285,0.64,DAL
1630639,A.J. Lawson,2025,24,17.958333333333332,7.916666666666667,3.0833333333333335,1.2916666666666667,0.5,0.25,0.5416666666666666,-1.125,68,162,25,83,29,45,7.014994292765764,28,0.41975308641975306,0.30120481927710846,0.6444444444444445,DAL
1630639,A.J. Lawson,2026,30,9.2,3.7666666666666666,1.5333333333333334,0.36666666666666664,0.4,0.2,0.26666666666666666,-0.06666666666666667,38,94,21,53,16,20,4.485096649351381,14,0.40425531914893614,0.39622641509433965,0.8,DAL
1630641,Ibou Badji,2024,20,9.65,1.35,1.95,0.55,0.15,0.7,0.75,-4.3,11,19,0,0,5,10,1.5652475842498528,4,0.5789473684210527,0.0,0.5,POR
1630643,Jay Huff,2024,19,2.6315789473684212,1.2105263157894737,0.5789473684210527,0.10526315789473684,0.10526315789473684,0.15789473684210525,0.05263157894736842,-0.47368421052631576,9,15,3,9,2,2,1.3975751766073288,4,0.6,0.3333333333333333,1.0,MEM
1630643,Jay Huff,2025,63,11.0,6.222222222222222,1.873015873015873,0.5873015873015873,0.20634920634920634,0.6349206349206349,0.47619047619047616,-0.19047619047619047,140,279,73,183,39,51,5.660971204844523,20,0.5017921146953405,0.3989071038251366,0.7647058823529411,MEM
1630643,Jay Huff,2026,57,19.82456140350877,8.842105263157896,3.491228070175439,1.4736842105263157,0.5614035087719298,1.105263157894737,0.8245614035087719,-3.8947368421052633,190,407,79,247,45,54,6.267231884071451,29,0.4668304668304668,0.31983805668016196,0.8333333333333334,MEM
1630647,Eugene Omoruyi,2023,39,15.948717948717949,6.846153846153846,2.7435897435897436,0.6666666666666666,0.6666666666666666,0.07692307692307693,0.8717948717948718,-0.8974358974358975,99,222,24,86,45,68,5.626714763371259,22,0.44594594594594594,0.27906976744186046,0.6617647058823529,WAS
1630647,Eugene Omoruyi,2024,42,9.333333333333334,4.928571428571429,2.0238095238095237,0.8333333333333334,0.6428571428571429,0.11904761904761904,0.5,-3.2857142857142856,81,167,13,46,32,49,4.979924855652367,26,0.48502994011976047,0.2826086956521739,0.6530612244897959,WAS
1630649,Stanley Umude,2024,22,12.090909090909092,4.454545454545454,1.9545454545454546,0.3181818181818182,0.36363636363636365,0.2727272727272727,0.5909090909090909,-2.772727272727273,31,76,21,48,15,16,5.170679910411273,15,0.40789473684210525,0.4375,0.9375,DET
1630649,Stanley Umude,2025,22,3.9545454545454546,0.6818181818181818,0.7727272727272727,0.18181818181818182,0.13636363636363635,0.2727272727272727,0.13636363636363635,-0.6818181818181818,5,26,3,15,2,4,1.1705254675272427,3,0.19230769230769232,0.2,0.5,DET
1630658,Colin Castleton,2024,16,3.5625,1.5,0.75,0.1875,0.125,0.0,0.1875,-2.75,9,16,0,0,6,6,1.8618986725025255,6,0.5625,0.0,1.0,LAL
1630658,Colin Castleton,2025,24,16.25,4.833333333333333,4.5,1.0833333333333333,0.3333333333333333,0.2916666666666667,0.875,-1.8333333333333333,43,90,2,16,28,37,4.320493798938574,16,0.4777777777777778,0.125,0.7567567567567568,LAL
1630678,Terry Taylor,2022,33,21.696969696969695,9.636363636363637,5.212121212121212,1.2424242424242424,0.42424242424242425,0.24242424242424243,0.696969696969697,-3.4545454545454546,135,220,12,38,36,51,6.489502011991086,24,0.6136363636363636,0.3157894736842105,0.7058823529411765,IND
1630678,Terry Taylor,2023,29,9.068965517241379,3.0689655172413794,1.6206896551724137,0.3448275862068966,0.10344827586206896,0.20689655172413793,0.3103448275862069,0.6896551724137931,39,75,5,19,6,11,3.3904385987104404,11,0.52,0.2631578947368421,0.5454545454545454,IND
1630678,Terry Taylor,2024,31,6.064516129032258,1.4838709677419355,1.1935483870967742,0.3225806451612903,0.16129032258064516,0.06451612903225806,0.22580645161290322,0.5161290322580645,20,39,2,9,4,5,1.8050109462629393,6,0.5128205128205128,0.2222222222222222,0.8,IND
1630679,Ethan Thompson,2026,30,19.8,6.366666666666666,2.033333333333333,1.7666666666666666,0.6,0.3,0.6666666666666666,0.9333333333333333,66,178,36,108,23,31,6.4245398779739995,24,0.3707865168539326,0.3333333333333333,0.7419354838709677,IND
1630688,Ish Wainright,2022,51,7.588235294117647,2.372549019607843,1.2745098039215685,0.3137254901960784,0.4117647058823529,0.13725490196078433,0.3137254901960784,1.0392156862745099,46,116,22,65,7,12,4.147099151521341,20,0.39655172413793105,0.3384615384615385,0.5833333333333334,PHX
1630688,Ish Wainright,2023,65,13.876923076923077,3.646153846153846,2.0923076923076924,0.7846153846153846,0.5384615384615384,0.3230769230769231,0.3384615384615385,1.323076923076923,81,223,55,170,20,25,3.4388895792772316,13,0.3632286995515695,0.3235294117647059,0.8,PHX
1630692,Jordan Goodwin,2023,60,18.033333333333335,6.7,3.3833333333333333,2.783333333333333,0.9666666666666667,0.38333333333333336,0.9333333333333333,-1.7166666666666666,156,349,37,117,53,67,5.076699848910924,22,0.4469914040114613,0.3162393162393162,0.7910447761194029,PHX
1630692,Jordan Goodwin,2024,54,18.51851851851852,6.37037037037037,4.537037037037037,2.740740740740741,0.8333333333333334,0.25925925925925924,0.9444444444444444,-1.1481481481481481,135,360,39,131,35,49,5.213539326893754,23,0.375,0.29770992366412213,0.7142857142857143,PHX
1630692,Jordan Goodwin,2025,33,17.393939393939394,4.96969696969697,3.5454545454545454,1.3333333333333333,0.9393939393939394,0.36363636363636365,0.8181818181818182,0.030303030303030304,64,149,26,70,10,13,4.984255514146825,17,0.42953020134228187,0.37142857142857144,0.7692307692307693,PHX
1630692,Jordan Goodwin,2026,73,22.52054794520548,8.794520547945206,4.8493150684931505,2.095890410958904,1.547945205479452,0.1917808219178082,0.9726027397260274,1.5068493150684932,241,577,119,318,41,60,4.991545363327398,26,0.41767764298093585,0.3742138364779874,0.6833333333333333,PHX
1630695,Micah Potter,2024,16,11.625,3.3125,2.6875,0.375,0.25,0.375,0.3125,-1.75,19,40,9,21,6,8,3.8595120589698038,11,0.475,0.42857142857142855,0.75,UTA
1630695,Micah Potter,2025,38,18.526315789473685,4.2631578947368425,4.315789473684211,0.8157894736842105,0.3684210526315789,0.3684210526315789,0.8157894736842105,-2.736842105263158,57,135,31,98,17,20,3.5464806348427116,13,0.4222222222222222,0.3163265306122449,0.85,UTA
1630695,Micah Potter,2026,44,18.931818181818183,9.295454545454545,4.704545454545454,1.4318181818181819,0.4772727272727273,0.2727272727272727,1.0454545454545454,-2.590909090909091,138,270,67,158,66,77,5.813294888701425,23,0.5111111111111111,0.4240506329113924,0.8571428571428571,UTA
1630696,Dru Smith,2023,15,10.666666666666666,2.933333333333333,1.6,1.4666666666666666,0.6666666666666666,0.26666666666666666,0.2,-1.8666666666666667,18,45,5,19,3,3,4.267261863247182,17,0.4,0.2631578947368421,1.0,MIA
1630696,Dru Smith,2026,69,16.28985507246377,5.536231884057971,2.463768115942029,2.5072463768115942,1.4492753623188406,0.30434782608695654,0.782608695652174,-1.1014492753623188,132,320,37,127,81,99,3.345671963390242,13,0.4125,0.29133858267716534,0.8181818181818182,MIA
1630698,Kevin Pangos,2022,24,6.958333333333333,1.625,0.4583333333333333,1.25,0.125,0.0,0.2916666666666667,-1.4583333333333333,15,46,6,26,3,4,2.5844434267530323,8,0.32608695652173914,0.23076923076923078,0.75,CLE
1630699,MarJon Beauchamp,2023,54,13.055555555555555,5.018518518518518,2.1481481481481484,0.6481481481481481,0.3888888888888889,0.12962962962962962,0.8333333333333334,-1.8333333333333333,98,246,48,143,27,37,5.207000877776,20,0.3983739837398374,0.3356643356643357,0.7297297297297297,MIL
1630699,MarJon Beauchamp,2024,51,12.098039215686274,4.196078431372549,1.9411764705882353,0.6470588235294118,0.2549019607843137,0.13725490196078433,0.5490196078431373,-0.17647058823529413,82,170,30,77,20,30,3.6497649669157455,13,0.4823529411764706,0.38961038961038963,0.6666666666666666,MIL
1630699,MarJon Beauchamp,2025,35,4.571428571428571,2.257142857142857,1.2571428571428571,0.3142857142857143,0.11428571428571428,0.02857142857142857,0.42857142857142855,0.2571428571428571,27,65,10,29,15,20,2.4295104462428974,9,0.4153846153846154,0.3448275862068966,0.75,MIL
1630700,Dyson Daniels,2023,58,17.93103448275862,3.8793103448275863,3.2413793103448274,2.310344827586207,0.7413793103448276,0.1896551724137931,0.9827586206896551,-0.15517241379310345,87,208,27,86,24,38,3.69958549696649,14,0.4182692307692308,0.313953488372093,0.631578947368421,ATL
1630700,Dyson Daniels,2024,65,20.76923076923077,5.3538461538461535,3.5846153846153848,2.4923076923076923,1.323076923076923,0.38461538461538464,0.8923076923076924,0.7076923076923077,139,312,42,135,28,47,4.233168026249553,17,0.44551282051282054,0.3111111111111111,0.5957446808510638,ATL
1630700,Dyson Daniels,2025,75,33.89333333333333,13.96,5.973333333333334,4.386666666666667,3.026666666666667,0.6266666666666667,2.026666666666667,-0.9333333333333333,447,907,78,232,75,128,5.515187875068018,28,0.4928335170893054,0.33620689655172414,0.5859375,ATL
1630700,Dyson Daniels,2026,80,32.75,11.4125,6.7125,5.8875,1.9875,0.3625,1.7875,2.9125,407,798,26,129,73,120,5.622499444197394,28,0.5100250626566416,0.20155038759689922,0.6083333333333333,ATL
1630702,Jaden Hardy,2023,44,14.0,7.818181818181818,1.75,1.25,0.3181818181818182,0.1590909090909091,0.9545454545454546,-1.5227272727272727,125,287,53,135,41,51,7.6955823246204424,28,0.4355400696864111,0.3925925925925926,0.803921568627451,DAL
1630702,Jaden Hardy,2024,90,12.28888888888889,6.622222222222222,1.5777777777777777,1.4,0.2777777777777778,0.044444444444444446,0.7666666666666667,-1.7333333333333334,221,540,91,247,63,83,5.385327085259628,25,0.40925925925925927,0.3684210526315789,0.7590361445783133,DAL
1630702,Jaden Hardy,2025,57,15.421052631578947,8.421052631578947,1.4736842105263157,1.3333333333333333,0.45614035087719296,0.08771929824561403,1.368421052631579,-1.0,175,401,76,193,54,78,7.220870961567519,25,0.43640897755610975,0.39378238341968913,0.6923076923076923,DAL
1630702,Jaden Hardy,2026,57,15.789473684210526,9.175438596491228,1.5087719298245614,1.0175438596491229,0.2807017543859649,0.10526315789473684,1.087719298245614,-1.4736842105263157,182,429,104,262,55,75,6.478323215091848,25,0.42424242424242425,0.3969465648854962,0.7333333333333333,DAL
1630703,Scoot Henderson,2024,56,27.875,13.017857142857142,3.0,5.357142857142857,0.7142857142857143,0.21428571428571427,3.4107142857142856,-8.446428571428571,269,690,69,228,122,156,6.079746021694629,30,0.3898550724637681,0.3026315789473684,0.782051282051282,POR
1630703,Scoot Henderson,2025,55,25.78181818181818,10.654545454545454,2.7636363636363637,5.181818181818182,1.0363636363636364,0.16363636363636364,2.5636363636363635,-0.6727272727272727,214,535,74,234,84,120,5.0560494819212725,22,0.4,0.3162393162393162,0.7,POR
1630703,Scoot Henderson,2026,33,25.454545454545453,13.787878787878787,2.515151515151515,3.090909090909091,0.9393939393939394,0.3333333333333333,2.4242424242424243,-0.3939393939393939,160,378,67,180,68,83,6.584819548389196,31,0.42328042328042326,0.37222222222222223,0.8192771084337349,POR
1630792,Malcolm Hill,2022,19,11.263157894736842,3.789473684210526,1.8421052631578947,0.42105263157894735,0.3684210526315789,0.15789473684210525,0.15789473684210525,-1.631578947368421,24,52,13,36,11,14,4.0218700372452645,13,0.46153846153846156,0.3611111111111111,0.7857142857142857,CHI
1630811,Keaton Wallace,2025,31,16.193548387096776,5.419354838709677,1.6129032258064515,2.6129032258064515,0.9032258064516129,0.2903225806451613,1.064516129032258,-0.6129032258064516,65,162,27,82,11,11,5.70248012446273,27,0.4012345679012346,0.32926829268292684,1.0,ATL
1630811,Keaton Wallace,2026,55,10.0,3.4909090909090907,1.0727272727272728,1.7636363636363637,0.45454545454545453,0.09090909090909091,0.509090909090909,-1.7818181818181817,70,179,38,105,14,20,3.7012146518392983,14,0.39106145251396646,0.3619047619047619,0.7,ATL
1630846,Olivier Sarr,2022,22,19.09090909090909,6.954545454545454,4.2272727272727275,0.8636363636363636,0.2727272727272727,0.6818181818181818,1.0,-1.2727272727272727,58,101,13,29,24,29,5.995849935598493,24,0.5742574257425742,0.4482758620689655,0.8275862068965517,OKC
1631093,Jaden Ivey,2023,58,30.689655172413794,15.39655172413793,3.6206896551724137,5.172413793103448,0.8448275862068966,0.1896551724137931,3.103448275862069,-9.120689655172415,321,769,92,271,159,223,5.438458421836982,30,0.4174252275682705,0.33948339483394835,0.7130044843049327,DET
1631093,Jaden Ivey,2024,65,28.107692307692307,14.384615384615385,3.3230769230769233,3.5692307692307694,0.7230769230769231,0.5230769230769231,2.292307692307692,-5.184615384615385,343,810,99,296,150,207,6.395047663261362,32,0.42345679012345677,0.3344594594594595,0.7246376811594203,DET
1631093,Jaden Ivey,2025,26,29.846153846153847,17.846153846153847,4.1923076923076925,3.923076923076923,0.9230769230769231,0.19230769230769232,3.0,-2.9615384615384617,170,359,60,136,64,85,5.83569915394759,28,0.4735376044568245,0.4411764705882353,0.7529411764705882,DET
1631093,Jaden Ivey,2026,37,18.10810810810811,8.54054054054054,2.4594594594594597,1.837837837837838,0.6216216216216216,0.3783783783783784,1.1081081081081081,0.7027027027027027,114,256,50,134,38,47,3.826766800334735,16,0.4453125,0.373134328358209,0.8085106382978723,DET
1631094,Paolo Banchero,2023,29,32.3448275862069,18.20689655172414,7.0,3.586206896551724,0.5862068965517241,0.4827586206896552,2.4827586206896552,-3.896551724137931,204,464,32,109,88,132,7.237695520896272,33,0.4396551724137931,0.29357798165137616,0.6666666666666666,ORL
1631094,Paolo Banchero,2024,39,34.333333333333336,21.05128205128205,6.897435897435898,5.282051282051282,0.717948717948718,0.5128205128205128,3.2564102564102564,2.128205128205128,328,699,66,177,99,155,7.221855418208777,36,0.46924177396280403,0.3728813559322034,0.6387096774193548,ORL
1631094,Paolo Banchero,2025,20,33.25,23.15,6.95,4.65,0.85,0.5,2.65,-1.9,182,410,37,120,62,92,7.774959806970065,36,0.44390243902439025,0.30833333333333335,0.6739130434782609,ORL
1631094,Paolo Banchero,2026,29,32.03448275862069,17.17241379310345,7.586206896551724,4.724137931034483,0.7241379310344828,0.2413793103448276,2.9310344827586206,-1.5517241379310345,185,423,34,109,94,133,7.1717151042791585,32,0.4373522458628842,0.3119266055045872,0.706766917293233,ORL
1631095,Jabari Smith Jr.,2023,69,30.463768115942027,12.08695652173913,7.043478260869565,1.3043478260869565,0.5072463768115942,0.782608695652174,1.3333333333333333,-8.347826086956522,307,763,101,340,119,151,5.112669184414176,24,0.40235910878112713,0.29705882352941176,0.7880794701986755,HOU
1631095,Jabari Smith Jr.,2024,68,31.323529411764707,13.014705882352942,8.0,1.5588235294117647,0.6323529411764706,0.6323529411764706,1.1176470588235294,-1.0735294117647058,329,729,118,330,109,139,5.749737559380944,26,0.4513031550068587,0.3575757575757576,0.7841726618705036,HOU
1631095,Jabari Smith Jr.,2025,58,28.189655172413794,11.655172413793103,6.431034482758621,1.0172413793103448,0.39655172413793105,0.5344827586206896,1.0689655172413792,4.327586206896552,245,540,97,265,89,111,5.86560513962221,30,0.4537037037037037,0.3660377358490566,0.8018018018018018,HOU
1631095,Jabari Smith Jr.,2026,70,35.57142857142857,15.428571428571429,6.728571428571429,1.8428571428571427,0.6714285714285714,0.6714285714285714,1.3,2.085714285714286,391,881,165,450,133,171,5.120494282559308,32,0.4438138479001135,0.36666666666666664,0.7777777777777778,HOU
1631096,Chet Holmgren,2024,46,28.73913043478261,15.173913043478262,7.108695652173913,2.260869565217391,0.5434782608695652,1.1304347826086956,1.5434782608695652,5.630434782608695,272,530,71,212,83,109,5.148049675259282,26,0.5132075471698113,0.33490566037735847,0.7614678899082569,OKC
1631096,Chet Holmgren,2025,28,27.107142857142858,12.964285714285714,7.607142857142857,1.4642857142857142,0.4642857142857143,0.8928571428571429,1.7142857142857142,5.392857142857143,132,284,39,104,60,84,6.292159394140445,24,0.4647887323943662,0.375,0.7142857142857143,OKC
1631096,Chet Holmgren,2026,47,28.74468085106383,16.170212765957448,7.914893617021277,1.3404255319148937,0.723404255319149,1.0,1.3191489361702127,7.680851063829787,294,521,55,160,117,148,6.37699380223523,28,0.564299424184261,0.34375,0.7905405405405406,OKC
1631097,Bennedict Mathurin,2023,41,26.317073170731707,13.536585365853659,4.097560975609756,1.4390243902439024,0.4878048780487805,0.0975609756097561,1.975609756097561,-4.365853658536586,199,458,59,167,98,122,7.242573993324507,30,0.4344978165938865,0.3532934131736527,0.8032786885245902,IND
1631097,Bennedict Mathurin,2024,48,24.625,12.770833333333334,3.6458333333333335,1.9375,0.5,0.20833333333333334,1.6041666666666667,-1.0416666666666667,223,517,65,171,102,127,6.274702954174051,26,0.43133462282398455,0.38011695906432746,0.8031496062992126,IND
1631097,Bennedict Mathurin,2025,66,25.53030303030303,12.424242424242424,4.106060606060606,1.5151515151515151,0.5303030303030303,0.3939393939393939,1.6515151515151516,-1.393939393939394,302,660,75,224,141,174,7.398670579254515,38,0.4575757575757576,0.33482142857142855,0.8103448275862069,IND
1631097,Bennedict Mathurin,2026,28,28.535714285714285,13.857142857142858,4.857142857142857,2.25,0.9285714285714286,0.2857142857142857,2.0714285714285716,-5.392857142857143,141,340,48,134,58,69,7.437215158388879,28,0.4147058823529412,0.3582089552238806,0.8405797101449275,IND
1631098,Johnny Davis,2023,28,15.107142857142858,5.821428571428571,2.3214285714285716,1.0,0.35714285714285715,0.2857142857142857,0.6071428571428571,-1.9285714285714286,66,171,17,70,14,27,6.537943789503623,20,0.38596491228070173,0.24285714285714285,0.5185185185185185,WAS
1631098,Johnny Davis,2024,50,12.3,3.04,1.44,0.64,0.36,0.2,0.26,-3.0,62,154,14,40,14,24,3.3803755376452194,15,0.4025974025974026,0.35,0.5833333333333334,WAS
1631098,Johnny Davis,2025,34,7.0588235294117645,2.3529411764705883,1.1176470588235294,0.3235294117647059,0.4411764705882353,0.17647058823529413,0.20588235294117646,-0.7647058823529411,32,78,7,29,9,15,2.7621067161835824,9,0.41025641025641024,0.2413793103448276,0.6,WAS
1631099,Keegan Murray,2023,86,29.63953488372093,11.906976744186046,4.790697674418604,1.1627906976744187,0.7441860465116279,0.47674418604651164,0.7441860465116279,0.8255813953488372,372,826,214,526,66,87,6.7903528574636365,30,0.45036319612590797,0.4068441064638783,0.7586206896551724,SAC
1631099,Keegan Murray,2024,74,33.62162162162162,15.432432432432432,5.554054054054054,1.635135135135135,1.054054054054054,0.6621621621621622,0.9054054054054054,1.7432432432432432,435,949,188,503,84,103,8.392888511344902,47,0.458377239199157,0.37375745526838966,0.8155339805825242,SAC
1631099,Keegan Murray,2025,71,34.16901408450704,11.859154929577464,6.732394366197183,1.5211267605633803,0.7887323943661971,0.7746478873239436,0.8028169014084507,0.4647887323943662,328,753,135,412,51,61,4.864729546579976,26,0.4355909694555113,0.3276699029126214,0.8360655737704918,SAC
1631099,Keegan Murray,2026,19,33.8421052631579,14.526315789473685,6.0,1.5263157894736843,0.8947368421052632,1.105263157894737,1.0526315789473684,-8.0,108,250,28,97,32,38,7.41895785622985,26,0.432,0.28865979381443296,0.8421052631578947,SAC
1631100,AJ Griffin,2023,72,19.40277777777778,8.875,2.125,1.0138888888888888,0.5833333333333334,0.16666666666666666,0.5833333333333334,0.875,248,533,101,259,42,47,5.41759652545998,24,0.4652908067542214,0.38996138996138996,0.8936170212765957,ATL
1631100,AJ Griffin,2024,20,8.5,2.4,0.9,0.25,0.05,0.1,0.4,-2.55,18,62,10,39,2,2,2.5628931020687498,8,0.2903225806451613,0.2564102564102564,1.0,ATL
1631101,Shaedon Sharpe,2023,78,21.858974358974358,9.397435897435898,2.8846153846153846,1.0897435897435896,0.48717948717948717,0.3076923076923077,0.9871794871794872,-3.91025641025641,288,616,97,271,60,85,6.765726736652779,30,0.4675324675324675,0.35793357933579334,0.7058823529411765,POR
1631101,Shaedon Sharpe,2024,26,31.576923076923077,14.846153846153847,4.961538461538462,2.5384615384615383,0.8461538461538461,0.34615384615384615,2.230769230769231,-7.615384615384615,141,342,47,140,57,68,7.433396573262093,29,0.41228070175438597,0.3357142857142857,0.8382352941176471,POR
1631101,Shaedon Sharpe,2025,60,30.883333333333333,17.05,4.25,2.716666666666667,0.8,0.21666666666666667,2.0,-2.316666666666667,398,881,116,382,111,140,5.817638288363868,36,0.4517593643586833,0.3036649214659686,0.7928571428571428,POR
1631101,Shaedon Sharpe,2026,47,27.06382978723404,18.0,3.702127659574468,2.3191489361702127,1.1914893617021276,0.14893617021276595,2.617021276595745,-0.574468085106383,327,734,89,260,103,137,7.607204822889371,31,0.44550408719346046,0.3423076923076923,0.7518248175182481,POR
1631102,TyTy Washington Jr.,2023,31,13.96774193548387,4.67741935483871,1.4516129032258065,1.5161290322580645,0.4838709677419355,0.06451612903225806,0.45161290322580644,-1.5161290322580645,58,160,19,80,10,18,5.035785915321086,20,0.3625,0.2375,0.5555555555555556,HOU
1631102,TyTy Washington Jr.,2025,16,7.4375,2.1875,0.8125,1.0,0.1875,0.0,0.1875,0.125,14,45,4,21,3,6,3.4490336810958127,11,0.3111111111111111,0.19047619047619047,0.5,HOU
1631102,TyTy Washington Jr.,2026,15,5.733333333333333,1.4,0.4,1.1333333333333333,0.4,0.2,0.2,-2.6,9,19,3,8,0,0,2.898275349237887,11,0.47368421052631576,0.375,0.0,HOU
1631103,Malaki Branham,2023,65,23.246153846153845,9.938461538461539,2.707692307692308,1.9230769230769231,0.47692307692307695,0.1076923076923077,1.123076923076923,-5.461538461538462,261,594,73,247,51,60,6.6939266388386605,26,0.4393939393939394,0.29554655870445345,0.85,SAS
1631103,Malaki Branham,2024,74,21.14864864864865,9.013513513513514,1.9864864864864864,2.054054054054054,0.33783783783783783,0.10810810810810811,1.1891891891891893,-4.824324324324325,265,617,88,263,49,57,5.853211841030466,24,0.42949756888168555,0.33460076045627374,0.8596491228070176,SAS
1631103,Malaki Branham,2025,46,9.326086956521738,5.108695652173913,1.108695652173913,0.8260869565217391,0.2391304347826087,0.043478260869565216,0.7391304347826086,-0.717391304347826,87,190,34,84,27,33,5.220592818060099,17,0.45789473684210524,0.40476190476190477,0.8181818181818182,SAS
1631103,Malaki Branham,2026,26,10.576923076923077,4.923076923076923,1.6923076923076923,0.8846153846153846,0.38461538461538464,0.11538461538461539,0.5769230769230769,-1.4230769230769231,43,91,14,37,28,34,4.444529913708102,17,0.4725274725274725,0.3783783783783784,0.8235294117647058,SAS
1631104,Blake Wesley,2023,37,18.054054054054053,4.972972972972973,2.2162162162162162,2.6486486486486487,0.6756756756756757,0.13513513513513514,1.7567567567567568,-5.351351351351352,69,215,20,52,26,44,3.692984990240028,14,0.3209302325581395,0.38461538461538464,0.5909090909090909,SAS
1631104,Blake Wesley,2024,61,14.40983606557377,4.39344262295082,1.540983606557377,2.721311475409836,0.47540983606557374,0.14754098360655737,0.9016393442622951,-2.360655737704918,102,215,12,55,52,78,4.021934395804213,17,0.4744186046511628,0.21818181818181817,0.6666666666666666,SAS
1631104,Blake Wesley,2025,57,11.964912280701755,3.807017543859649,1.0701754385964912,2.0,0.6491228070175439,0.10526315789473684,0.9473684210526315,-0.15789473684210525,81,185,17,57,38,61,3.651998457260021,15,0.43783783783783786,0.2982456140350877,0.6229508196721312,SAS
1631104,Blake Wesley,2026,35,10.514285714285714,4.257142857142857,1.1142857142857143,1.7714285714285714,0.45714285714285713,0.14285714285714285,0.9142857142857143,-2.2857142857142856,56,124,10,36,27,49,3.5920079354594083,12,0.45161290322580644,0.2777777777777778,0.5510204081632653,SAS
1631105,Jalen Duren,2023,58,24.413793103448278,8.344827586206897,8.568965517241379,1.103448275862069,0.6724137931034483,0.6206896551724138,1.3793103448275863,-4.396551724137931,209,317,0,2,66,105,5.229980121856594,23,0.6593059936908517,0.0,0.6285714285714286,DET
1631105,Jalen Duren,2024,50,28.26,12.78,10.9,2.24,0.52,0.48,1.86,-6.7,275,457,0,3,89,115,4.643582360942588,23,0.6017505470459519,0.0,0.7739130434782608,DET
1631105,Jalen Duren,2025,68,25.926470588235293,11.294117647058824,10.0,2.764705882352941,0.6470588235294118,0.75,1.6029411764705883,-0.6470588235294118,323,467,0,0,122,185,4.8747256288022855,21,0.6916488222698073,0.0,0.6594594594594595,DET
1631105,Jalen Duren,2026,54,27.51851851851852,15.092592592592593,9.518518518518519,1.9074074074074074,0.7777777777777778,0.6851851851851852,1.6851851851851851,3.185185185185185,338,544,0,0,139,205,6.032204511192383,29,0.6213235294117647,0.0,0.6780487804878049,DET
1631106,Tari Eason,2023,76,21.57894736842105,9.144736842105264,6.105263157894737,1.0789473684210527,1.1973684210526316,0.4868421052631579,1.2105263157894737,-1.5263157894736843,276,612,53,158,90,120,5.113912911182385,21,0.45098039215686275,0.33544303797468356,0.75,HOU
1631106,Tari Eason,2024,22,21.818181818181817,9.772727272727273,6.954545454545454,1.2272727272727273,1.4090909090909092,0.8636363636363636,0.9090909090909091,4.0,88,189,18,50,21,33,5.673092867561987,25,0.4656084656084656,0.36,0.6363636363636364,HOU
1631106,Tari Eason,2025,58,23.586206896551722,10.913793103448276,5.913793103448276,1.3275862068965518,1.5,0.7413793103448276,1.1551724137931034,1.6379310344827587,252,536,63,190,66,91,5.458887756254949,25,0.4701492537313433,0.33157894736842103,0.7252747252747253,HOU
1631106,Tari Eason,2026,66,26.484848484848484,10.757575757575758,6.303030303030303,1.5151515151515151,1.3181818181818181,0.48484848484848486,1.303030303030303,2.6818181818181817,272,645,103,290,63,80,5.7003659965104445,26,0.42170542635658914,0.35517241379310344,0.7875,HOU
1631107,Nikola Jovic,2023,19,9.842105263157896,3.473684210526316,1.5789473684210527,0.5263157894736842,0.3684210526315789,0.10526315789473684,0.5263157894736842,-0.9473684210526315,25,63,7,34,9,9,3.7322680184310864,13,0.3968253968253968,0.20588235294117646,1.0,MIA
1631107,Nikola Jovic,2024,53,20.11320754716981,7.716981132075472,4.452830188679245,1.9433962264150944,0.5660377358490566,0.33962264150943394,0.9622641509433962,1.8679245283018868,147,325,76,190,39,54,5.627464788156816,24,0.4523076923076923,0.4,0.7222222222222222,MIA
1631107,Nikola Jović,2025,48,24.625,10.541666666666666,3.9583333333333335,2.8125,0.8125,0.2708333333333333,1.3541666666666667,-1.4791666666666667,179,395,82,224,66,81,6.066855659124625,24,0.4531645569620253,0.36607142857142855,0.8148148148148148,MIA
1631107,Nikola Jović,2026,44,17.136363636363637,6.636363636363637,3.2045454545454546,2.159090909090909,0.5227272727272727,0.3409090909090909,1.2727272727272727,-0.7727272727272727,99,286,39,154,55,82,5.779236728757441,22,0.34615384615384615,0.2532467532467532,0.6707317073170732,MIA
1631108,Max Christie,2023,49,11.183673469387756,2.877551020408163,1.6734693877551021,0.4897959183673469,0.1836734693877551,0.16326530612244897,0.2653061224489796,-1.2448979591836735,49,116,27,66,16,20,3.3827543822873625,14,0.4224137931034483,0.4090909090909091,0.8,LAL
1631108,Max Christie,2024,66,14.287878787878787,4.303030303030303,2.1515151515151514,0.9090909090909091,0.30303030303030304,0.25757575757575757,0.5303030303030303,-0.22727272727272727,103,241,42,118,36,46,3.7250490837022094,14,0.42738589211618255,0.3559322033898305,0.782608695652174,LAL
1631108,Max Christie,2025,77,26.818181818181817,9.376623376623376,3.220779220779221,1.844155844155844,0.8311688311688312,0.36363636363636365,1.1168831168831168,-1.6493506493506493,248,576,113,308,113,132,5.455656072850985,28,0.4305555555555556,0.36688311688311687,0.8560606060606061,LAL
1631108,Max Christie,2026,74,29.08108108108108,12.31081081081081,3.175675675675676,1.972972972972973,0.6081081081081081,0.32432432432432434,1.2297297297297298,-4.297297297297297,313,697,177,428,108,121,5.649404564759005,26,0.4490674318507891,0.4135514018691589,0.8925619834710744,LAL
1631109,Mark Williams,2023,39,19.076923076923077,8.564102564102564,7.128205128205129,0.46153846153846156,0.6410256410256411,0.7692307692307693,0.9230769230769231,-2.1538461538461537,136,216,0,0,62,90,5.061697613058873,22,0.6296296296296297,0.0,0.6888888888888889,CHA
1631109,Mark Williams,2024,15,25.2,11.6,8.933333333333334,1.2,0.8,0.6,0.8666666666666667,-3.6666666666666665,72,103,0,0,30,45,5.16582174350938,21,0.6990291262135923,0.0,0.6666666666666666,CHA
1631109,Mark Williams,2025,29,24.93103448275862,12.517241379310345,9.551724137931034,2.4482758620689653,0.7241379310344828,0.7931034482758621,1.7241379310344827,-9.10344827586207,151,259,0,3,61,76,4.815308102107965,24,0.583011583011583,0.0,0.8026315789473685,CHA
1631109,Mark Williams,2026,50,23.16,10.62,7.96,0.94,0.86,0.72,1.1,-1.32,221,356,0,0,89,116,5.827065631821133,27,0.6207865168539326,0.0,0.7672413793103449,CHA
1631110,Jeremy Sochan,2023,53,25.81132075471698,10.566037735849056,5.169811320754717,2.3773584905660377,0.7924528301886793,0.41509433962264153,1.7547169811320755,-4.150943396226415,234,517,29,128,63,90,6.924064596536501,30,0.4526112185686654,0.2265625,0.7,SAS
1631110,Jeremy Sochan,2024,71,29.380281690140844,11.28169014084507,6.408450704225352,3.323943661971831,0.8309859154929577,0.49295774647887325,1.8591549295774648,-5.211267605633803,319,743,66,220,97,130,6.46348667204927,31,0.42934051144010765,0.3,0.7461538461538462,SAS
1631110,Jeremy Sochan,2025,51,25.03921568627451,11.235294117647058,6.235294117647059,2.3529411764705883,0.8235294117647058,0.49019607843137253,1.588235294117647,-1.4901960784313726,239,440,28,86,67,97,6.025241025200958,23,0.5431818181818182,0.32558139534883723,0.6907216494845361,SAS
1631110,Jeremy Sochan,2026,50,9.9,3.56,2.24,0.84,0.36,0.16,0.44,-1.56,71,138,12,47,24,34,3.970092272612972,16,0.5144927536231884,0.2553191489361702,0.7058823529411765,SAS
1631111,Wendell Moore Jr.,2023,30,5.3,1.3333333333333333,0.5666666666666667,0.6,0.26666666666666666,0.16666666666666666,0.3,-1.8333333333333333,17,42,2,17,4,5,2.2024020324735627,9,0.40476190476190477,0.11764705882352941,0.8,MIN
1631111,Wendell Moore Jr.,2024,30,3.1666666666666665,0.8333333333333334,0.4666666666666667,0.26666666666666666,0.2,0.03333333333333333,0.16666666666666666,0.1,12,25,1,10,0,0,1.4403862827999165,5,0.48,0.1,0.0,MIN
1631111,Wendell Moore Jr.,2025,36,13.944444444444445,4.166666666666667,2.638888888888889,1.1666666666666667,0.5555555555555556,0.1388888888888889,0.75,-3.7222222222222223,59,126,14,41,18,22,3.8729833462074175,12,0.46825396825396826,0.34146341463414637,0.8181818181818182,MIN
1631112,Kendall Brown,2024,22,3.909090909090909,1.1363636363636365,0.36363636363636365,0.3181818181818182,0.0,0.045454545454545456,0.22727272727272727,-2.0,10,21,0,2,5,8,1.9589952367635655,8,0.47619047619047616,0.0,0.625,IND
1631113,Kennedy Chandler,2023,36,7.888888888888889,2.1666666666666665,1.0555555555555556,1.6111111111111112,0.3333333333333333,0.1388888888888889,0.5,-1.1388888888888888,35,83,2,15,6,13,2.4201534780139164,9,0.42168674698795183,0.13333333333333333,0.46153846153846156,MEM
1631114,Jalen Williams,2023,70,30.4,13.442857142857143,4.414285714285715,3.2,1.4142857142857144,0.45714285714285713,1.6714285714285715,-1.1857142857142857,375,727,70,199,121,155,6.595201844568551,32,0.515818431911967,0.35175879396984927,0.7806451612903226,OKC
1631114,Jalen Williams,2024,71,31.619718309859156,18.295774647887324,4.352112676056338,4.76056338028169,1.1690140845070423,0.5633802816901409,1.8028169014084507,5.507042253521127,526,993,102,242,145,177,6.041273201184341,36,0.5297079556898288,0.4214876033057851,0.8192090395480226,OKC
1631114,Jalen Williams,2025,67,32.82089552238806,20.686567164179106,5.343283582089552,5.119402985074627,1.6119402985074627,0.582089552238806,2.074626865671642,6.776119402985074,550,1146,117,341,169,223,6.088262316711336,34,0.4799301919720768,0.34310850439882695,0.757847533632287,OKC
1631114,Jalen Williams,2026,33,26.90909090909091,16.181818181818183,4.484848484848484,5.181818181818182,1.1818181818181819,0.21212121212121213,1.8181818181818181,6.878787878787879,212,428,27,82,83,102,6.385797451447164,28,0.4953271028037383,0.32926829268292684,0.8137254901960784,OKC
1631115,Orlando Robinson,2023,31,13.741935483870968,3.7419354838709675,4.064516129032258,0.8064516129032258,0.3870967741935484,0.3870967741935484,0.5161290322580645,0.8709677419354839,47,89,0,6,22,31,4.343330073691413,15,0.5280898876404494,0.0,0.7096774193548387,MIA
1631115,Orlando Robinson,2024,37,8.297297297297296,2.6216216216216215,2.2972972972972974,0.972972972972973,0.21621621621621623,0.21621621621621623,0.4864864864864865,0.24324324324324326,36,73,8,16,17,23,4.560405387385785,16,0.4931506849315068,0.5,0.7391304347826086,MIA
1631115,Orlando Robinson,2025,43,17.13953488372093,6.72093023255814,4.883720930232558,1.6744186046511629,0.3953488372093023,0.32558139534883723,1.0930232558139534,-2.116279069767442,112,251,17,52,48,62,5.599003233549907,25,0.44621513944223107,0.3269230769230769,0.7741935483870968,MIA
1631116,Patrick Baldwin Jr.,2023,34,7.0,3.588235294117647,1.2647058823529411,0.35294117647058826,0.17647058823529413,0.11764705882352941,0.3235294117647059,-1.6176470588235294,43,112,32,87,4,6,4.47293305614752,17,0.38392857142857145,0.367816091954023,0.6666666666666666,WAS
1631116,Patrick Baldwin Jr.,2024,37,12.972972972972974,4.486486486486487,3.2972972972972974,0.7837837837837838,0.4864864864864865,0.32432432432432434,0.4864864864864865,-0.5945945945945946,58,152,31,95,19,28,5.388370304139697,18,0.3815789473684211,0.3263157894736842,0.6785714285714286,WAS
1631116,Patrick Baldwin Jr.,2025,24,4.458333333333333,2.2083333333333335,1.0416666666666667,0.125,0.125,0.08333333333333333,0.20833333333333334,1.2083333333333333,19,35,13,23,2,4,2.146365313261238,7,0.5428571428571428,0.5652173913043478,0.5,WAS
1631117,Walker Kessler,2023,42,20.714285714285715,7.761904761904762,7.261904761904762,0.9761904761904762,0.40476190476190477,1.0476190476190477,0.6904761904761905,0.047619047619047616,145,205,0,1,36,73,6.159701940086751,31,0.7073170731707317,0.0,0.4931506849315068,UTA
1631117,Walker Kessler,2024,35,21.97142857142857,7.6,6.828571428571428,0.6,0.45714285714285713,1.0857142857142856,1.0,-4.828571428571428,119,170,2,9,26,39,4.380437797083489,22,0.7,0.2222222222222222,0.6666666666666666,UTA
1631117,Walker Kessler,2025,35,29.0,10.257142857142858,11.428571428571429,1.6,0.6571428571428571,1.3714285714285714,1.457142857142857,-7.085714285714285,158,237,5,20,38,74,5.1009967719286875,25,0.6666666666666666,0.25,0.5135135135135135,UTA
1631119,Jaylin Williams,2023,51,19.058823529411764,5.96078431372549,5.0,1.6470588235294117,0.5686274509803921,0.27450980392156865,0.7450980392156863,-1.7058823529411764,108,248,49,124,39,56,3.789252086170702,15,0.43548387096774194,0.3951612903225806,0.6964285714285714,OKC
1631119,Jaylin Williams,2024,78,12.961538461538462,4.064102564102564,3.371794871794872,1.5256410256410255,0.41025641025641024,0.34615384615384615,0.47435897435897434,1.1282051282051282,110,260,61,165,36,45,3.0635678359468206,14,0.4230769230769231,0.3696969696969697,0.8,OKC
1631119,Jaylin Williams,2025,61,14.721311475409836,5.081967213114754,4.704918032786885,2.2459016393442623,0.4918032786885246,0.45901639344262296,0.7377049180327869,4.80327868852459,107,247,67,173,29,41,4.539805729937546,19,0.4331983805668016,0.3872832369942196,0.7073170731707317,OKC
1631119,Jaylin Williams,2026,74,18.175675675675677,6.243243243243243,4.905405405405405,2.1486486486486487,0.4864864864864865,0.4189189189189189,0.8108108108108109,4.635135135135135,153,363,104,270,52,73,5.076971405508503,29,0.4214876033057851,0.3851851851851852,0.7123287671232876,OKC
1631120,JD Davison,2025,19,5.684210526315789,1.9473684210526316,0.8421052631578947,0.8421052631578947,0.2631578947368421,0.05263157894736842,0.7368421052631579,-1.7894736842105263,13,42,5,20,6,9,2.296704987840099,9,0.30952380952380953,0.25,0.6666666666666666,BOS
1631120,JD Davison,2026,30,7.466666666666667,2.3666666666666667,1.2,1.1666666666666667,0.2,0.2,0.3,0.5666666666666667,24,64,8,32,15,21,2.834313555930842,9,0.375,0.25,0.7142857142857143,BOS
1631121,Bryce McGowens,2023,44,17.181818181818183,5.090909090909091,2.022727272727273,1.1363636363636365,0.29545454545454547,0.13636363636363635,0.8863636363636364,-3.727272727272727,74,191,25,76,51,70,4.738845810896396,20,0.387434554973822,0.32894736842105265,0.7285714285714285,CHA
1631121,Bryce McGowens,2024,58,14.862068965517242,5.068965517241379,1.7241379310344827,0.8620689655172413,0.3620689655172414,0.15517241379310345,0.46551724137931033,-3.5,100,226,34,101,60,77,4.8589294502286045,18,0.4424778761061947,0.33663366336633666,0.7792207792207793,CHA
1631121,Bryce McGowens,2026,41,20.975609756097562,8.0,2.1219512195121952,1.4390243902439024,0.6341463414634146,0.1951219512195122,0.4146341463414634,-1.7317073170731707,112,232,37,90,67,87,5.886425061104575,23,0.4827586206896552,0.4111111111111111,0.7701149425287356,CHA
1631123,Jamaree Bouyea,2026,50,13.1,5.36,1.72,1.66,0.6,0.32,0.6,0.52,110,240,23,78,25,37,5.791478609974823,27,0.4583333333333333,0.2948717948717949,0.6756756756756757,PHX
1631124,Julian Strawther,2024,52,10.403846153846153,4.1923076923076925,1.0961538461538463,0.8461538461538461,0.3269230769230769,0.1346153846153846,0.4230769230769231,-2.4423076923076925,80,219,40,137,18,27,5.354266986459734,22,0.365296803652968,0.291970802919708,0.6666666666666666,DEN
1631124,Julian Strawther,2025,73,19.835616438356166,8.41095890410959,2.0136986301369864,1.1369863013698631,0.5616438356164384,0.2328767123287671,0.8356164383561644,-1.5753424657534247,220,510,100,279,74,90,5.690722509386943,23,0.43137254901960786,0.35842293906810035,0.8222222222222222,DEN
1631124,Julian Strawther,2026,58,14.689655172413794,6.879310344827586,1.9310344827586208,1.0,0.41379310344827586,0.10344827586206896,0.6551724137931034,0.05172413793103448,145,313,58,147,51,64,6.68089075426454,25,0.46325878594249204,0.3945578231292517,0.796875,DEN
1631126,Caleb Love,2026,47,20.148936170212767,10.106382978723405,2.297872340425532,2.4468085106382977,0.5319148936170213,0.0,1.2340425531914894,-2.4468085106382977,178,461,88,275,31,41,7.55338692402632,26,0.38611713665943603,0.32,0.7560975609756098,POR
1631128,Christian Braun,2023,94,15.170212765957446,4.4787234042553195,2.3404255319148937,0.7446808510638298,0.5531914893617021,0.22340425531914893,0.4787234042553192,-1.2872340425531914,167,334,36,106,51,83,4.403636628637831,19,0.5,0.33962264150943394,0.6144578313253012,DEN
1631128,Christian Braun,2024,94,19.78723404255319,7.031914893617022,3.595744680851064,1.5,0.46808510638297873,0.425531914893617,0.5957446808510638,-0.05319148936170213,245,537,67,182,104,150,4.7484057939562065,25,0.45623836126629425,0.36813186813186816,0.6933333333333334,DEN
1631128,Christian Braun,2025,87,34.64367816091954,14.885057471264368,5.287356321839081,2.632183908045977,1.0459770114942528,0.45977011494252873,1.0344827586206897,4.344827586206897,513,912,102,269,167,212,5.579083210833374,30,0.5625,0.379182156133829,0.7877358490566038,DEN
1631128,Christian Braun,2026,46,31.956521739130434,11.08695652173913,4.760869565217392,2.630434782608696,0.717391304347826,0.30434782608695654,0.9782608695652174,4.782608695652174,196,392,45,146,73,97,5.687514930701855,26,0.5,0.3082191780821918,0.7525773195876289,DEN
1631131,Oscar Tshiebwe,2026,26,15.961538461538462,7.0,6.230769230769231,1.1153846153846154,0.6153846153846154,0.19230769230769232,0.6923076923076923,-2.4615384615384617,80,128,0,0,22,41,4.445222154178574,16,0.625,0.0,0.5365853658536586,UTA
1631132,Christian Koloko,2023,53,12.79245283018868,2.811320754716981,2.660377358490566,0.49056603773584906,0.33962264150943394,0.6792452830188679,0.32075471698113206,1.9433962264150944,60,123,1,9,28,42,2.3863119579222025,8,0.4878048780487805,0.1111111111111111,0.6666666666666666,TOR
1631132,Christian Koloko,2025,35,9.257142857142858,2.4571428571428573,2.4,0.45714285714285713,0.2,0.3142857142857143,0.34285714285714286,-0.17142857142857143,38,62,0,3,10,12,2.187435473237972,8,0.6129032258064516,0.0,0.8333333333333334,TOR
1631132,Christian Koloko,2026,24,12.416666666666666,2.2083333333333335,2.6666666666666665,0.625,0.5,0.5833333333333334,0.625,-1.5416666666666667,21,59,1,9,10,15,2.021174145771767,6,0.3559322033898305,0.1111111111111111,0.6666666666666666,TOR
1631133,Jabari Walker,2023,55,11.236363636363636,3.9272727272727272,2.381818181818182,0.6181818181818182,0.18181818181818182,0.23636363636363636,0.5272727272727272,-2.090909090909091,83,198,16,56,34,45,4.176009726887288,16,0.41919191919191917,0.2857142857142857,0.7555555555555555,POR
1631133,Jabari Walker,2024,70,23.271428571428572,8.6,6.942857142857143,0.9571428571428572,0.5857142857142857,0.3,0.8857142857142857,-5.0,225,492,38,133,114,150,4.985195473905058,19,0.4573170731707317,0.2857142857142857,0.76,POR
1631133,Jabari Walker,2025,59,12.271186440677965,4.966101694915254,3.3389830508474576,0.5932203389830508,0.5254237288135594,0.1016949152542373,0.576271186440678,-0.22033898305084745,112,219,27,69,42,61,5.307659077788584,22,0.5114155251141552,0.391304347826087,0.6885245901639344,POR
1631133,Jabari Walker,2026,69,11.202898550724637,3.971014492753623,2.8405797101449277,0.4927536231884058,0.3333333333333333,0.18840579710144928,0.37681159420289856,0.2608695652173913,98,223,32,100,46,62,4.949661350545205,22,0.43946188340807174,0.32,0.7419354838709677,POR
1631157,Ryan Rollins,2025,57,14.631578947368421,6.298245614035087,1.912280701754386,1.894736842105263,0.7543859649122807,0.24561403508771928,0.9122807017543859,0.9122807017543859,136,283,51,127,36,45,5.45096620622928,23,0.48056537102473496,0.4015748031496063,0.8,MIL
1631157,Ryan Rollins,2026,73,32.082191780821915,17.232876712328768,4.602739726027397,5.589041095890411,1.4794520547945205,0.410958904109589,2.712328767123288,-2.26027397260274,478,1011,183,447,119,151,6.77109983669403,36,0.47279920870425324,0.40939597315436244,0.7880794701986755,MIL
1631159,Leonard Miller,2024,19,3.210526315789474,1.5263157894736843,1.263157894736842,0.42105263157894735,0.10526315789473684,0.05263157894736842,0.05263157894736842,0.7894736842105263,13,21,2,6,1,2,2.143942916234053,7,0.6190476190476191,0.3333333333333333,0.5,MIN
1631159,Leonard Miller,2025,16,2.8125,2.0625,1.0,0.0,0.125,0.0625,0.1875,-0.5625,12,23,1,6,8,8,2.931865162884087,11,0.5217391304347826,0.16666666666666666,1.0,MIN
1631159,Leonard Miller,2026,46,15.673913043478262,7.8478260869565215,3.9347826086956523,0.8695652173913043,0.3695652173913043,0.32608695652173914,0.782608695652174,-0.6086956521739131,145,262,32,99,39,53,6.947317280166808,26,0.5534351145038168,0.32323232323232326,0.7358490566037735,MIN
1631165,Keon Ellis,2023,15,4.6,1.6,0.5333333333333333,0.4,0.3333333333333333,0.06666666666666667,0.06666666666666667,-1.4,7,16,6,12,4,7,2.898275349237888,10,0.4375,0.5,0.5714285714285714,SAC
1631165,Keon Ellis,2024,56,16.75,5.303571428571429,2.017857142857143,1.4464285714285714,0.8928571428571429,0.4107142857142857,0.625,1.0,103,225,68,163,23,31,6.098940721312016,26,0.4577777777777778,0.4171779141104294,0.7419354838709677,SAC
1631165,Keon Ellis,2025,76,24.13157894736842,8.06578947368421,2.5789473684210527,1.5,1.5,0.6447368421052632,0.9078947368421053,-0.039473684210526314,212,432,128,296,61,71,5.256958629767569,27,0.49074074074074076,0.43243243243243246,0.8591549295774648,SAC
1631165,Keon Ellis,2026,79,18.39240506329114,5.886075949367089,1.759493670886076,0.8987341772151899,1.0253164556962024,0.45569620253164556,0.5822784810126582,-1.7088607594936709,162,371,92,249,49,69,5.599879444151412,21,0.4366576819407008,0.36947791164658633,0.7101449275362319,SAC
1631166,Drew Timme,2026,26,9.076923076923077,3.5384615384615383,1.2692307692307692,0.8846153846153846,0.23076923076923078,0.0,0.5,-0.8846153846153846,38,66,11,25,5,9,5.077249406761651,21,0.5757575757575758,0.44,0.5555555555555556,LAL
1631169,Josh Minott,2023,17,6.294117647058823,3.1176470588235294,1.4705882352941178,0.29411764705882354,0.35294117647058826,0.4117647058823529,0.23529411764705882,1.2941176470588236,20,39,3,8,10,10,3.950986473989383,12,0.5128205128205128,0.375,1.0,MIN
1631169,Josh Minott,2024,34,3.264705882352941,1.6470588235294117,0.5882352941176471,0.3235294117647059,0.14705882352941177,0.14705882352941177,0.058823529411764705,0.9411764705882353,19,45,6,15,12,14,1.6308085546407596,5,0.4222222222222222,0.4,0.8571428571428571,MIN
1631169,Josh Minott,2025,50,6.02,2.48,0.94,0.4,0.3,0.26,0.26,-0.28,46,98,15,49,17,19,3.0588780122583423,13,0.46938775510204084,0.30612244897959184,0.8947368421052632,MIN
1631169,Josh Minott,2026,47,16.80851063829787,6.914893617021277,3.276595744680851,0.9361702127659575,0.8297872340425532,0.3829787234042553,0.851063829787234,-0.5319148936170213,114,232,59,141,38,48,6.092867488101728,22,0.49137931034482757,0.41843971631205673,0.7916666666666666,MIN
1631170,Jaime Jaquez Jr.,2024,75,27.933333333333334,11.226666666666667,3.7466666666666666,2.68,1.0266666666666666,0.26666666666666666,1.4666666666666666,1.0,334,705,63,200,111,141,5.69156163753621,26,0.47375886524822697,0.315,0.7872340425531915,MIA
1631170,Jaime Jaquez Jr.,2025,66,19.303030303030305,7.878787878787879,4.090909090909091,2.287878787878788,0.8636363636363636,0.19696969696969696,1.4242424242424243,-1.9848484848484849,200,431,37,116,83,109,6.460567137560582,41,0.46403712296983757,0.31896551724137934,0.7614678899082569,MIA
1631170,Jaime Jaquez Jr.,2026,66,27.984848484848484,14.181818181818182,4.787878787878788,4.606060606060606,0.696969696969697,0.22727272727272727,2.0303030303030303,1.4090909090909092,393,787,51,170,99,134,5.904129170228346,28,0.4993646759847522,0.3,0.7388059701492538,MIA
1631172,Ousmane Dieng,2023,40,14.35,4.925,2.675,1.15,0.35,0.175,0.65,1.0,78,186,26,99,15,23,5.33679775299854,22,0.41935483870967744,0.26262626262626265,0.6521739130434783,OKC
1631172,Ousmane Dieng,2024,35,10.628571428571428,3.857142857142857,1.457142857142857,1.0571428571428572,0.22857142857142856,0.14285714285714285,0.5428571428571428,-0.02857142857142857,50,117,21,70,14,16,4.413501058869099,18,0.42735042735042733,0.3,0.875,OKC
1631172,Ousmane Dieng,2025,46,9.521739130434783,3.391304347826087,1.8478260869565217,0.7391304347826086,0.3695652173913043,0.17391304347826086,0.391304347826087,0.8043478260869565,58,135,27,78,13,18,4.543509465255857,21,0.42962962962962964,0.34615384615384615,0.7222222222222222,OKC
1631172,Ousmane Dieng,2026,56,19.053571428571427,7.357142857142857,3.017857142857143,2.3214285714285716,0.42857142857142855,0.23214285714285715,1.3392857142857142,-4.035714285714286,161,386,60,179,30,41,6.7673778228648205,36,0.4170984455958549,0.33519553072625696,0.7317073170731707,OKC
1631173,Terquavion Smith,2024,15,5.6,3.466666666666667,0.26666666666666666,0.8,0.5333333333333333,0.0,0.4666666666666667,-0.2,18,46,13,35,3,5,4.673124783064886,17,0.391304347826087,0.37142857142857144,0.6,PHI
1631197,Jared Rhoden,2024,16,13.6875,4.5,1.8125,0.875,0.1875,0.625,0.4375,-2.75,28,61,11,30,5,8,4.242640687119285,16,0.45901639344262296,0.36666666666666664,0.625,DET
1631199,Ron Harper Jr.,2026,34,10.029411764705882,3.9411764705882355,1.5294117647058822,0.6764705882352942,0.38235294117647056,0.2647058823529412,0.23529411764705882,0.8529411764705882,50,119,31,86,3,4,6.009795924889924,27,0.42016806722689076,0.36046511627906974,0.75,BOS
1631200,Kris Murray,2024,62,21.725806451612904,6.064516129032258,3.6129032258064515,1.2903225806451613,0.8548387096774194,0.3387096774193548,0.8870967741935484,-2.6451612903225805,145,366,49,183,37,56,5.288003644941626,21,0.39617486338797814,0.2677595628415301,0.6607142857142857,POR
1631200,Kris Murray,2025,69,15.08695652173913,4.159420289855072,2.63768115942029,0.9855072463768116,0.5072463768115942,0.2463768115942029,0.6231884057971014,-0.7246376811594203,117,279,27,120,26,57,4.013298439547747,18,0.41935483870967744,0.225,0.45614035087719296,POR
1631200,Kris Murray,2026,62,21.85483870967742,5.370967741935484,3.370967741935484,1.3387096774193548,0.8064516129032258,0.3225806451612903,0.7741935483870968,0.6451612903225806,130,278,34,123,39,57,4.376666412258108,16,0.4676258992805755,0.2764227642276423,0.6842105263157895,POR
1631204,Marcus Sasser,2024,69,18.81159420289855,7.9855072463768115,1.7826086956521738,3.3043478260869565,0.5942028985507246,0.17391304347826086,1.2608695652173914,-3.0,210,490,88,232,43,50,6.574220494215597,26,0.42857142857142855,0.3793103448275862,0.86,DET
1631204,Marcus Sasser,2025,57,14.192982456140351,6.578947368421052,1.2105263157894737,2.3333333333333335,0.6491228070175439,0.07017543859649122,0.9473684210526315,0.7192982456140351,137,296,58,152,43,51,5.867426329262542,27,0.46283783783783783,0.3815789473684211,0.8431372549019608,DET
1631204,Marcus Sasser,2026,44,11.818181818181818,5.090909090909091,1.0,1.7727272727272727,0.5227272727272727,0.09090909090909091,0.75,3.272727272727273,80,200,49,120,15,18,5.250994066766573,19,0.4,0.4083333333333333,0.8333333333333334,DET
1631207,Dalen Terry,2023,37,5.837837837837838,2.2972972972972974,1.0,0.5945945945945946,0.2972972972972973,0.13513513513513514,0.21621621621621623,0.32432432432432434,32,72,7,27,14,21,3.3653864303859407,13,0.4444444444444444,0.25925925925925924,0.6666666666666666,CHI
1631207,Dalen Terry,2024,59,11.186440677966102,2.76271186440678,1.8983050847457628,1.2542372881355932,0.423728813559322,0.2542372881355932,0.4745762711864407,0.6101694915254238,64,158,16,75,19,33,2.7937058755342767,12,0.4050632911392405,0.21333333333333335,0.5757575757575758,CHI
1631207,Dalen Terry,2025,73,13.383561643835616,4.328767123287672,1.7397260273972603,1.273972602739726,0.5753424657534246,0.2054794520547945,0.7123287671232876,-2.506849315068493,119,268,35,103,43,63,4.065624164601667,17,0.44402985074626866,0.33980582524271846,0.6825396825396826,CHI
1631207,Dalen Terry,2026,55,10.709090909090909,3.4363636363636365,1.6363636363636365,1.3272727272727274,0.6181818181818182,0.2727272727272727,0.509090909090909,-0.9454545454545454,72,168,26,71,19,37,3.3652012012031496,11,0.42857142857142855,0.36619718309859156,0.5135135135135135,CHI
1631209,Isaiah Wong,2025,19,12.947368421052632,5.7894736842105265,1.6842105263157894,1.4210526315789473,0.5263157894736842,0.0,0.8947368421052632,-0.3684210526315789,39,97,13,30,19,28,4.22399162678596,17,0.4020618556701031,0.43333333333333335,0.6785714285714286,CHA
1631210,Jacob Toppin,2025,17,4.470588235294118,1.3529411764705883,0.8823529411764706,0.35294117647058826,0.11764705882352941,0.0,0.17647058823529413,-1.4705882352941178,9,22,5,10,0,0,4.10702411227686,17,0.4090909090909091,0.5,0.0,NYK
1631212,Peyton Watson,2023,25,6.44,2.64,1.32,0.32,0.08,0.24,0.36,-2.28,26,57,7,16,7,13,3.5104605585782234,13,0.45614035087719296,0.4375,0.5384615384615384,DEN
1631212,Peyton Watson,2024,81,17.506172839506174,6.061728395061729,2.9382716049382718,0.9629629629629629,0.4567901234567901,0.7901234567901234,0.6049382716049383,-1.5802469135802468,191,432,45,156,64,96,4.741691889537809,20,0.44212962962962965,0.28846153846153844,0.6666666666666666,DEN
1631212,Peyton Watson,2025,68,21.16176470588235,6.911764705882353,3.2058823529411766,1.161764705882353,0.75,0.8235294117647058,0.7647058823529411,-2.6029411764705883,173,383,45,127,79,112,4.576824468173001,18,0.4516971279373368,0.3543307086614173,0.7053571428571429,DEN
1631212,Peyton Watson,2026,40,27.925,13.175,4.875,1.95,0.925,0.725,1.65,3.275,196,412,58,147,77,108,8.057127756980629,32,0.47572815533980584,0.3945578231292517,0.7129629629629629,DEN
1631213,Tyrese Martin,2023,16,4.125,1.3125,0.75,0.125,0.0625,0.0,0.125,0.0625,9,23,1,7,2,2,1.4930394055974097,4,0.391304347826087,0.14285714285714285,1.0,BKN
1631213,Tyrese Martin,2025,59,21.847457627118644,8.474576271186441,3.694915254237288,2.0508474576271185,0.576271186440678,0.13559322033898305,1.2542372881355932,-4.305084745762712,182,454,97,277,39,51,6.207214746048759,30,0.4008810572687225,0.35018050541516244,0.7647058823529411,BKN
1631213,Tyrese Martin,2026,45,16.666666666666668,5.866666666666666,2.4444444444444446,1.6666666666666667,0.5111111111111111,0.13333333333333333,0.8,-3.8444444444444446,102,263,48,156,12,21,5.332575703763017,20,0.38783269961977185,0.3076923076923077,0.5714285714285714,BKN
1631216,Caleb Houstan,2023,51,15.941176470588236,3.784313725490196,1.9411764705882353,0.5882352941176471,0.23529411764705882,0.13725490196078433,0.35294117647058826,-1.6470588235294117,66,182,46,136,15,18,4.001568319997529,21,0.3626373626373626,0.3382352941176471,0.8333333333333334,ORL
1631216,Caleb Houstan,2024,62,13.370967741935484,4.129032258064516,1.3870967741935485,0.46774193548387094,0.24193548387096775,0.06451612903225806,0.25806451612903225,-0.6935483870967742,81,208,73,195,21,26,4.706061215377121,25,0.3894230769230769,0.37435897435897436,0.8076923076923077,ORL
1631216,Caleb Houstan,2025,64,13.21875,3.828125,1.28125,0.5625,0.34375,0.109375,0.234375,-1.390625,82,205,66,171,15,17,4.600050681225292,18,0.4,0.38596491228070173,0.8823529411764706,ORL
1631216,Caleb Houstan,2026,18,4.166666666666667,2.3333333333333335,0.6111111111111112,0.2222222222222222,0.1111111111111111,0.05555555555555555,0.2222222222222222,0.05555555555555555,14,26,11,21,3,3,3.0097879542273014,9,0.5384615384615384,0.5238095238095238,1.0,ORL
1631217,Moussa Diabate,2023,21,8.285714285714286,2.6666666666666665,2.0952380952380953,0.19047619047619047,0.2857142857142857,0.23809523809523808,0.3333333333333333,-0.47619047619047616,23,43,1,2,9,12,3.651483716701107,13,0.5348837209302325,0.5,0.75,CHA
1631217,Moussa Diabaté,2025,65,16.96923076923077,5.6461538461538465,5.7384615384615385,0.7846153846153846,0.6307692307692307,0.4153846153846154,0.8,-2.292307692307692,152,261,0,6,63,108,4.597658266820354,21,0.5823754789272031,0.0,0.5833333333333334,CHA
1631217,Moussa Diabaté,2026,64,25.640625,7.78125,8.84375,1.9375,0.75,0.734375,1.0,4.625,203,324,1,2,91,134,4.362425239273902,18,0.6265432098765432,0.5,0.6791044776119403,CHA
1631218,Trayce Jackson-Davis,2024,57,15.701754385964913,7.140350877192983,4.526315789473684,1.263157894736842,0.42105263157894735,0.7368421052631579,0.7192982456140351,-0.5263157894736842,173,254,0,1,61,110,4.962137343680025,20,0.6811023622047244,0.0,0.5545454545454546,GSW
1631218,Trayce Jackson-Davis,2025,68,14.838235294117647,6.264705882352941,4.647058823529412,1.5,0.36764705882352944,0.4852941176470588,0.6617647058823529,-1.0147058823529411,183,304,0,3,60,111,5.044925474824385,19,0.6019736842105263,0.0,0.5405405405405406,GSW
1631218,Trayce Jackson-Davis,2026,53,9.169811320754716,3.2641509433962264,2.547169811320755,0.7169811320754716,0.3018867924528302,0.4339622641509434,0.4528301886792453,-1.3962264150943395,69,121,1,1,34,66,3.2412660358630663,11,0.5702479338842975,1.0,0.5151515151515151,GSW
1631219,John Butler Jr.,2023,19,11.736842105263158,2.3684210526315788,0.8947368421052632,0.5789473684210527,0.3684210526315789,0.47368421052631576,0.05263157894736842,-3.6842105263157894,17,53,8,35,3,4,3.6698550730662296,12,0.32075471698113206,0.22857142857142856,0.75,POR
1631221,Collin Gillespie,2024,24,9.458333333333334,3.625,0.875,1.125,0.5416666666666666,0.0,0.5833333333333334,0.625,32,69,15,38,8,12,4.401704215414752,18,0.463768115942029,0.39473684210526316,0.6666666666666666,PHX
1631221,Collin Gillespie,2025,32,14.375,6.0625,2.4375,2.4375,0.65625,0.15625,0.53125,-0.90625,68,158,39,90,19,22,5.673580538692674,22,0.43037974683544306,0.43333333333333335,0.8636363636363636,PHX
1631221,Collin Gillespie,2026,86,28.24418604651163,12.337209302325581,4.104651162790698,4.511627906976744,1.2325581395348837,0.20930232558139536,1.5232558139534884,1.2906976744186047,370,884,243,607,78,90,6.6325586671603745,30,0.41855203619909503,0.400329489291598,0.8666666666666667,PHX
1631222,Jake LaRavia,2023,35,11.8,3.0,1.8,0.6,0.34285714285714286,0.11428571428571428,0.5142857142857142,-2.2285714285714286,37,95,24,71,7,9,3.710081654405054,13,0.3894736842105263,0.3380281690140845,0.7777777777777778,MEM
1631222,Jake LaRavia,2024,28,21.892857142857142,9.535714285714286,3.142857142857143,1.5714285714285714,0.7142857142857143,0.25,1.2857142857142858,-5.785714285714286,90,233,44,126,43,56,8.461162440307469,32,0.38626609442060084,0.3492063492063492,0.7678571428571429,MEM
1631222,Jake LaRavia,2025,63,20.11111111111111,6.587301587301587,3.8412698412698414,2.238095238095238,0.9365079365079365,0.2698412698412698,1.2857142857142858,1.7619047619047619,146,309,57,135,66,101,4.891186677817103,19,0.47249190938511326,0.4222222222222222,0.6534653465346535,MEM
1631222,Jake LaRavia,2026,86,24.08139534883721,7.6395348837209305,3.744186046511628,1.6744186046511629,1.1627906976744187,0.45348837209302323,1.0930232558139534,-0.011627906976744186,240,519,75,235,102,134,6.110574808232372,27,0.4624277456647399,0.3191489361702128,0.7611940298507462,MEM
1631223,David Roddy,2023,76,17.605263157894736,6.434210526315789,2.763157894736842,0.8289473684210527,0.3815789473684211,0.27631578947368424,0.7631578947368421,-1.2236842105263157,188,449,71,232,42,66,4.773078744558315,24,0.41870824053452116,0.30603448275862066,0.6363636363636364,MEM
1631223,David Roddy,2024,64,17.96875,6.40625,3.296875,1.21875,0.421875,0.171875,0.890625,-3.203125,160,400,47,162,43,60,5.6222877058737435,19,0.4,0.29012345679012347,0.7166666666666667,MEM
1631223,David Roddy,2025,32,11.78125,4.25,2.5,1.0625,0.375,0.28125,0.5625,-2.09375,52,115,18,57,14,20,4.10349968653823,12,0.45217391304347826,0.3157894736842105,0.7,MEM
1631230,Dominick Barlow,2023,28,14.571428571428571,3.9285714285714284,3.642857142857143,0.8571428571428571,0.35714285714285715,0.6785714285714286,0.5357142857142857,-3.857142857142857,46,86,0,4,18,25,4.354040876894929,21,0.5348837209302325,0.0,0.72,PHI
1631230,Dominick Barlow,2024,31,12.96774193548387,4.483870967741935,3.4516129032258065,1.1290322580645162,0.3870967741935484,0.3548387096774194,0.2903225806451613,-1.3870967741935485,55,109,3,9,26,36,4.225880324397395,19,0.5045871559633027,0.3333333333333333,0.7222222222222222,PHI
1631230,Dominick Barlow,2025,34,10.617647058823529,4.382352941176471,2.4705882352941178,0.5,0.2647058823529412,0.3235294117647059,0.14705882352941177,0.29411764705882354,59,109,6,26,25,36,4.472235600412522,15,0.5412844036697247,0.23076923076923078,0.6944444444444444,PHI
1631230,Dominick Barlow,2026,75,21.706666666666667,7.093333333333334,4.1066666666666665,1.1066666666666667,0.7733333333333333,0.56,0.7066666666666667,-0.5066666666666667,211,388,20,80,90,124,4.647502477597971,26,0.5438144329896907,0.25,0.7258064516129032,PHI
1631241,Javon Freeman-Liberty,2024,22,18.272727272727273,6.954545454545454,3.1818181818181817,1.8181818181818181,0.45454545454545453,0.18181818181818182,1.1363636363636365,-7.2272727272727275,55,124,10,42,33,36,6.0354293075478,20,0.4435483870967742,0.23809523809523808,0.9166666666666666,TOR
1631243,Mouhamed Gueye,2025,32,16.09375,5.90625,3.9375,0.84375,0.8125,0.78125,0.46875,2.3125,69,159,20,72,31,43,3.962398874256563,15,0.4339622641509434,0.2777777777777778,0.7209302325581395,ATL
1631243,Mouhamed Gueye,2026,79,14.443037974683545,3.9746835443037973,3.367088607594937,0.8987341772151899,0.7341772151898734,0.3670886075949367,0.4050632911392405,-0.189873417721519,122,283,36,130,34,54,4.08554262643508,21,0.43109540636042404,0.27692307692307694,0.6296296296296297,ATL
1631245,Quenton Jackson,2025,27,12.62962962962963,5.222222222222222,1.4074074074074074,1.8888888888888888,0.6296296296296297,0.18518518518518517,0.5555555555555556,-0.8518518518518519,51,106,15,36,24,33,5.76016381533435,24,0.4811320754716981,0.4166666666666667,0.7272727272727273,IND
1631245,Quenton Jackson,2026,48,18.083333333333332,8.895833333333334,2.375,2.75,0.5833333333333334,0.125,1.2708333333333333,-1.1458333333333333,147,313,41,114,92,113,5.9830952756925235,25,0.4696485623003195,0.35964912280701755,0.8141592920353983,IND
1631246,Vince Williams Jr.,2023,15,7.066666666666666,2.0,1.0,0.26666666666666666,0.4,0.13333333333333333,0.3333333333333333,-2.2666666666666666,12,40,4,28,2,2,3.8172540616821107,15,0.3,0.14285714285714285,1.0,MEM
1631246,Vince Williams Jr.,2024,45,27.155555555555555,9.155555555555555,5.4,3.2444444444444445,0.7777777777777778,0.4666666666666667,1.6444444444444444,-1.6222222222222222,142,316,68,172,60,78,6.345920506176159,25,0.44936708860759494,0.3953488372093023,0.7692307692307693,MEM
1631246,Vince Williams Jr.,2025,31,17.451612903225808,6.225806451612903,3.4193548387096775,1.935483870967742,0.45161290322580644,0.22580645161290322,1.2258064516129032,-0.0967741935483871,71,174,30,102,21,26,4.144954180843297,15,0.40804597701149425,0.29411764705882354,0.8076923076923077,MEM
1631246,Vince Williams Jr.,2026,39,20.333333333333332,7.384615384615385,3.7948717948717947,4.076923076923077,0.717948717948718,0.3333333333333333,1.7692307692307692,0.28205128205128205,98,280,53,172,39,50,4.626100919413583,16,0.35,0.3081395348837209,0.78,MEM
1631248,Baylor Scheierman,2025,35,11.657142857142857,3.4571428571428573,1.9714285714285715,0.9428571428571428,0.4857142857142857,0.05714285714285714,0.37142857142857144,0.8,42,120,28,87,9,12,4.907034908846549,20,0.35,0.3218390804597701,0.75,BOS
1631248,Baylor Scheierman,2026,83,17.987951807228917,5.144578313253012,3.397590361445783,1.3614457831325302,0.5542168674698795,0.07228915662650602,0.5421686746987951,2.180722891566265,154,339,99,250,20,23,4.685557806084362,20,0.45427728613569324,0.396,0.8695652173913043,BOS
1631250,Pete Nance,2026,47,15.574468085106384,5.404255319148936,2.6595744680851063,1.0212765957446808,0.2978723404255319,0.2978723404255319,0.5531914893617021,-1.6595744680851063,100,194,50,119,4,11,5.41599713597351,23,0.5154639175257731,0.42016806722689076,0.36363636363636365,MIL
1631254,Kenneth Lofton Jr.,2023,25,5.96,3.4,1.6,0.84,0.16,0.08,0.4,-1.6,35,76,6,17,9,17,3.2659863237109046,11,0.4605263157894737,0.35294117647058826,0.5294117647058824,MEM
1631254,Kenneth Lofton Jr.,2024,18,7.944444444444445,3.1666666666666665,1.2777777777777777,1.2777777777777777,0.16666666666666666,0.2777777777777778,0.5555555555555556,-0.9444444444444444,22,55,6,18,7,10,3.6662210067845384,14,0.4,0.3333333333333333,0.7,MEM
1631255,Karlo Matković,2025,40,18.325,7.6,4.875,1.05,0.5,0.875,0.975,-1.8,127,220,19,60,31,41,5.705597791103589,19,0.5772727272727273,0.31666666666666665,0.7560975609756098,NOP
1631255,Karlo Matković,2026,59,14.271186440677965,5.508474576271187,3.5254237288135593,0.7966101694915254,0.4067796610169492,0.7457627118644068,0.5254237288135594,-1.9322033898305084,131,216,35,82,28,38,3.664239495616933,16,0.6064814814814815,0.4268292682926829,0.7368421052631579,NOP
1631260,AJ Green,2023,34,10.147058823529411,4.529411764705882,1.3235294117647058,0.6470588235294118,0.17647058823529413,0.0,0.2647058823529412,-0.7647058823529411,53,125,44,105,4,4,5.070624216654599,15,0.424,0.41904761904761906,1.0,MIL
1631260,AJ Green,2024,60,11.316666666666666,4.483333333333333,1.2166666666666666,0.5333333333333333,0.15,0.06666666666666667,0.21666666666666667,0.85,89,212,71,180,20,22,4.85551116779325,27,0.419811320754717,0.39444444444444443,0.9090909090909091,MIL
1631260,AJ Green,2025,78,23.025641025641026,7.641025641025641,2.41025641025641,1.5128205128205128,0.47435897435897434,0.10256410256410256,0.5128205128205128,3.0384615384615383,200,463,173,398,23,29,5.091307486433315,21,0.4319654427645788,0.43467336683417085,0.7931034482758621,MIL
1631260,AJ Green,2026,77,29.16883116883117,10.337662337662337,2.7662337662337664,1.948051948051948,0.5064935064935064,0.1038961038961039,0.974025974025974,-2.2467532467532467,260,614,230,550,46,55,6.321663650142783,35,0.4234527687296417,0.41818181818181815,0.8363636363636363,MIL
1631262,Jules Bernard,2024,19,7.842105263157895,3.8947368421052633,1.368421052631579,0.8421052631578947,0.15789473684210525,0.05263157894736842,0.42105263157894735,1.368421052631579,29,64,11,29,5,9,4.965377202210716,16,0.453125,0.3793103448275862,0.5555555555555556,WAS
1631288,Jamal Cain,2023,17,14.294117647058824,5.764705882352941,3.0588235294117645,0.7058823529411765,0.6470588235294118,0.058823529411764705,0.35294117647058826,1.2941176470588236,37,66,7,20,17,22,4.880182012034822,18,0.5606060606060606,0.35,0.7727272727272727,ORL
1631288,Jamal Cain,2024,25,10.32,3.88,1.48,0.4,0.4,0.2,0.32,-1.08,34,79,11,31,18,23,4.6576102599222855,18,0.43037974683544306,0.3548387096774194,0.782608695652174,ORL
1631288,Jamal Cain,2025,35,13.542857142857143,5.085714285714285,2.3142857142857145,0.6,0.6285714285714286,0.2571428571428571,0.6,-3.657142857142857,62,144,25,76,29,42,6.132706093855586,25,0.4305555555555556,0.32894736842105265,0.6904761904761905,ORL
1631288,Jamal Cain,2026,45,13.377777777777778,5.4222222222222225,2.2,0.6888888888888889,0.28888888888888886,0.15555555555555556,0.5555555555555556,0.13333333333333333,86,178,31,84,41,55,4.835892739283883,20,0.48314606741573035,0.36904761904761907,0.7454545454545455,ORL
1631298,Jack White,2023,17,3.9411764705882355,1.2352941176470589,1.0,0.23529411764705882,0.17647058823529413,0.11764705882352941,0.11764705882352941,-1.0,8,19,3,9,2,3,2.2508168451893713,7,0.42105263157894735,0.3333333333333333,0.6666666666666666,DEN
1631303,Justin Minaya,2024,34,11.235294117647058,1.7941176470588236,1.6470588235294117,0.6176470588235294,0.2647058823529412,0.29411764705882354,0.2647058823529412,-2.3823529411764706,22,74,12,49,5,9,2.4093179188775813,9,0.2972972972972973,0.24489795918367346,0.5555555555555556,POR
1631303,Justin Minaya,2025,19,5.157894736842105,0.9473684210526315,0.5263157894736842,0.3684210526315789,0.3157894736842105,0.05263157894736842,0.2631578947368421,-0.631578947368421,8,21,2,10,0,2,1.7786912857655988,5,0.38095238095238093,0.2,0.0,POR
1631306,Cole Swider,2024,18,4.888888888888889,2.3333333333333335,0.3888888888888889,0.2777777777777778,0.05555555555555555,0.05555555555555555,0.4444444444444444,-1.1111111111111112,15,38,10,30,2,2,4.01467894841213,14,0.39473684210526316,0.3333333333333333,1.0,MIA
1631311,Lester Quinones,2024,37,10.72972972972973,4.54054054054054,1.972972972972973,0.972972972972973,0.16216216216216217,0.05405405405405406,0.4594594594594595,0.5135135135135135,57,142,32,88,22,31,4.555793592257584,17,0.4014084507042254,0.36363636363636365,0.7096774193548387,GSW
1631321,Sidy Cissoko,2025,20,5.7,1.6,1.0,0.7,0.1,0.05,0.55,0.35,13,30,3,13,3,9,2.257152374587339,7,0.43333333333333335,0.23076923076923078,0.3333333333333333,POR
1631321,Sidy Cissoko,2026,77,18.324675324675326,4.857142857142857,2.155844155844156,1.3896103896103895,0.7012987012987013,0.2857142857142857,0.8831168831168831,-0.9090909090909091,132,331,61,196,49,76,4.9516458872259035,20,0.3987915407854985,0.3112244897959184,0.6447368421052632,POR
1631323,Simone Fontecchio,2023,49,14.959183673469388,6.122448979591836,1.6938775510204083,0.7959183673469388,0.22448979591836735,0.16326530612244897,0.7755102040816326,-4.061224489795919,108,301,61,186,23,32,6.453786527629938,26,0.3588039867109635,0.3279569892473118,0.71875,UTA
1631323,Simone Fontecchio,2024,65,24.923076923076923,10.353846153846154,3.753846153846154,1.5384615384615385,0.676923076923077,0.2923076923076923,1.0461538461538462,-0.2153846153846154,245,537,131,328,52,64,6.421231310150846,27,0.45623836126629425,0.39939024390243905,0.8125,UTA
1631323,Simone Fontecchio,2025,75,16.506666666666668,5.946666666666666,2.8666666666666667,0.8666666666666667,0.41333333333333333,0.16,0.72,0.21333333333333335,150,373,76,227,70,84,4.620440289460354,23,0.40214477211796246,0.33480176211453744,0.8333333333333334,UTA
1631323,Simone Fontecchio,2026,70,16.614285714285714,8.4,2.9571428571428573,1.4142857142857144,0.5142857142857142,0.14285714285714285,0.6857142857142857,1.2285714285714286,193,463,122,323,80,96,6.163003220480431,24,0.4168466522678186,0.37770897832817335,0.8333333333333334,UTA
1631342,Daeqwon Plowden,2026,32,26.34375,10.75,3.03125,1.28125,0.71875,0.21875,0.8125,-6.40625,120,279,62,186,42,49,6.904883732173824,23,0.43010752688172044,0.3333333333333333,0.8571428571428571,SAC
1631367,Jacob Gilyard,2024,40,17.425,4.325,1.15,3.425,0.825,0.125,0.75,-4.3,60,150,51,126,2,2,4.576346656225763,16,0.4,0.40476190476190477,1.0,MEM
1631451,Javonte Cooke,2026,18,5.222222222222222,1.2777777777777777,1.0555555555555556,0.3888888888888889,0.3333333333333333,0.0,0.5,-3.2777777777777777,9,41,3,23,2,2,1.6379885640466822,5,0.21951219512195122,0.13043478260869565,1.0,POR
1631466,Nate Williams,2024,22,5.863636363636363,2.8636363636363638,1.0454545454545454,0.3181818181818182,0.18181818181818182,0.045454545454545456,0.18181818181818182,1.0454545454545454,27,50,2,5,7,13,3.151650429997025,13,0.54,0.4,0.5384615384615384,HOU
1631466,Nate Williams,2025,23,6.608695652173913,2.8260869565217392,0.5652173913043478,0.391304347826087,0.34782608695652173,0.17391304347826086,0.6521739130434783,-1.6521739130434783,27,63,6,27,5,8,3.7616748435316016,12,0.42857142857142855,0.2222222222222222,0.625,HOU
1641705,Victor Wembanyama,2024,20,28.45,18.6,8.95,3.5,0.85,1.35,3.8,-5.25,142,319,36,108,52,70,8.107176807586825,38,0.445141065830721,0.3333333333333333,0.7428571428571429,SAS
1641706,Brandon Miller,2024,70,31.957142857142856,16.9,4.1571428571428575,2.342857142857143,0.9,0.4714285714285714,1.7714285714285714,-7.228571428571429,447,1010,172,459,117,144,7.030265832894189,33,0.4425742574257426,0.3747276688453159,0.8125,CHA
1641706,Brandon Miller,2025,24,34.0,20.958333333333332,4.625,3.75,1.125,0.6666666666666666,2.5833333333333335,-3.8333333333333335,178,428,97,262,50,60,8.574376218491459,38,0.4158878504672897,0.3702290076335878,0.8333333333333334,CHA
1641706,Brandon Miller,2026,54,29.77777777777778,18.814814814814813,4.7407407407407405,3.3518518518518516,1.037037037037037,0.6111111111111112,2.685185185185185,3.8703703703703702,367,839,168,428,114,128,6.422466680874741,33,0.4374255065554231,0.3925233644859813,0.890625,CHA
1641707,Taylor Hendricks,2024,38,21.394736842105264,7.2894736842105265,4.5,0.8157894736842105,0.7368421052631579,0.631578947368421,0.7105263157894737,-3.3947368421052633,104,227,51,132,18,23,4.764212845773088,18,0.4581497797356828,0.38636363636363635,0.782608695652174,UTA
1641707,Taylor Hendricks,2026,58,18.948275862068964,7.327586206896552,3.7758620689655173,0.9310344827586207,0.7586206896551724,0.46551724137931033,0.8275862068965517,-4.362068965517241,157,337,62,174,49,72,5.765559971996094,21,0.4658753709198813,0.3563218390804598,0.6805555555555556,UTA
1641708,Amen Thompson,2024,56,21.410714285714285,8.910714285714286,6.285714285714286,2.392857142857143,1.2321428571428572,0.35714285714285715,1.3571428571428572,0.35714285714285715,201,380,7,50,90,129,6.076113547668102,25,0.5289473684210526,0.14,0.6976744186046512,HOU
1641708,Amen Thompson,2025,57,31.07017543859649,12.807017543859649,7.5964912280701755,3.7017543859649122,1.2982456140350878,0.8421052631578947,2.0350877192982457,3.0,302,565,17,66,109,175,5.591570813322586,25,0.5345132743362832,0.25757575757575757,0.6228571428571429,HOU
1641708,Amen Thompson,2026,57,37.719298245614034,16.92982456140351,7.859649122807017,5.684210526315789,1.6666666666666667,0.631578947368421,2.491228070175439,6.087719298245614,400,749,17,85,148,189,5.411164546970085,28,0.5340453938584779,0.2,0.783068783068783,HOU
1641709,Ausar Thompson,2024,56,24.464285714285715,8.339285714285714,6.107142857142857,1.6964285714285714,1.0535714285714286,0.6607142857142857,1.2678571428571428,-2.892857142857143,196,397,17,94,58,98,5.306177482945654,22,0.49370277078085645,0.18085106382978725,0.5918367346938775,DET
1641709,Ausar Thompson,2025,60,22.133333333333333,9.85,4.983333333333333,2.2333333333333334,1.6,0.5166666666666667,1.4166666666666667,1.0666666666666667,243,451,11,47,94,151,4.402714878922406,19,0.5388026607538803,0.23404255319148937,0.6225165562913907,DET
1641709,Ausar Thompson,2026,75,26.0,9.56,6.0,3.013333333333333,2.04,0.8,1.6133333333333333,4.8533333333333335,305,584,7,27,100,187,3.8598417556136133,19,0.5222602739726028,0.25925925925925924,0.5347593582887701,DET
1641710,Anthony Black,2024,69,17.0,4.666666666666667,2.0434782608695654,1.3478260869565217,0.5217391304347826,0.30434782608695654,0.8260869565217391,-0.5652173913043478,118,254,37,96,49,80,4.549294278387863,23,0.4645669291338583,0.3854166666666667,0.6125,ORL
1641710,Anthony Black,2025,78,23.58974358974359,9.115384615384615,3.08974358974359,2.6923076923076925,1.0256410256410255,0.5897435897435898,1.6282051282051282,-0.8333333333333334,261,612,61,196,128,171,5.592157702732262,23,0.4264705882352941,0.3112244897959184,0.7485380116959064,ORL
1641710,Anthony Black,2026,65,29.046153846153846,13.446153846153846,3.723076923076923,3.353846153846154,1.476923076923077,0.6307692307692307,1.9076923076923078,-1.2615384615384615,326,749,97,293,125,188,7.329373202291008,38,0.43524699599465955,0.3310580204778157,0.6648936170212766,ORL
1641711,Gradey Dick,2024,59,21.084745762711865,8.457627118644067,2.23728813559322,1.11864406779661,0.559322033898305,0.03389830508474576,0.8305084745762712,-5.915254237288136,187,435,87,235,38,45,6.709031570739769,24,0.4298850574712644,0.3702127659574468,0.8444444444444444,TOR
1641711,Gradey Dick,2025,48,28.6875,12.979166666666666,3.4583333333333335,1.8541666666666667,0.8541666666666666,0.20833333333333334,1.4375,-4.854166666666667,220,535,96,269,87,104,6.18677238002737,31,0.411214953271028,0.35687732342007433,0.8365384615384616,TOR
1641711,Gradey Dick,2026,76,13.56578947368421,5.565789473684211,1.8421052631578947,0.6710526315789473,0.5657894736842105,0.09210526315789473,0.5394736842105263,1.486842105263158,153,367,53,179,64,74,4.78702559373644,21,0.41689373297002724,0.29608938547486036,0.8648648648648649,TOR
1641712,Rayan Rupert,2024,39,16.28205128205128,3.9743589743589745,2.358974358974359,1.5897435897435896,0.3076923076923077,0.07692307692307693,0.7948717948717948,-3.1794871794871793,54,161,28,78,19,25,3.7310022604852824,13,0.33540372670807456,0.358974358974359,0.76,POR
1641712,Rayan Rupert,2025,52,8.846153846153847,2.980769230769231,1.3461538461538463,0.4807692307692308,0.3076923076923077,0.07692307692307693,0.5769230769230769,-1.6538461538461537,58,142,16,59,23,30,4.394695486184407,19,0.4084507042253521,0.2711864406779661,0.7666666666666667,POR
1641712,Rayan Rupert,2026,61,15.78688524590164,4.311475409836065,2.6885245901639343,0.9180327868852459,0.8032786885245902,0.08196721311475409,0.7704918032786885,-5.163934426229508,105,272,36,118,17,26,5.280596505467154,21,0.3860294117647059,0.3050847457627119,0.6538461538461539,POR
1641713,GG Jackson,2024,40,24.0,12.225,3.65,1.1,0.5,0.375,1.3,-3.6,173,415,75,213,68,97,7.995150773902633,31,0.41686746987951806,0.352112676056338,0.7010309278350515,MEM
1641713,GG Jackson,2025,29,15.172413793103448,6.689655172413793,3.0,0.9655172413793104,0.41379310344827586,0.1724137931034483,1.0,-2.5517241379310347,69,192,31,93,25,35,6.030301154975963,27,0.359375,0.3333333333333333,0.7142857142857143,MEM
1641713,GG Jackson,2026,47,20.893617021276597,11.27659574468085,4.170212765957447,1.4680851063829787,0.574468085106383,0.723404255319149,1.4042553191489362,-1.425531914893617,200,412,51,161,79,107,6.110227091985508,24,0.4854368932038835,0.3167701863354037,0.7383177570093458,MEM
1641715,Cam Whitmore,2024,46,18.543478260869566,12.108695652173912,3.760869565217391,0.717391304347826,0.6304347826086957,0.34782608695652173,0.9782608695652174,-0.2826086956521739,205,454,77,213,70,104,5.993434410974007,25,0.45154185022026433,0.3615023474178404,0.6730769230769231,HOU
1641715,Cam Whitmore,2025,53,15.0,8.49056603773585,2.660377358490566,0.8679245283018868,0.5471698113207547,0.18867924528301888,0.8679245283018868,-0.24528301886792453,169,386,61,178,51,68,7.097189697092553,34,0.4378238341968912,0.34269662921348315,0.75,HOU
1641715,Cam Whitmore,2026,20,16.25,8.65,2.8,0.7,0.65,0.4,0.85,-7.75,71,158,15,51,16,23,5.887319111088634,20,0.44936708860759494,0.29411764705882354,0.6956521739130435,HOU
1641716,Jarace Walker,2024,40,8.625,3.05,1.5,0.95,0.35,0.225,0.525,-0.35,46,111,20,54,10,12,3.862707964694305,15,0.4144144144144144,0.37037037037037035,0.8333333333333334,IND
1641716,Jarace Walker,2025,86,15.186046511627907,5.77906976744186,2.9069767441860463,1.372093023255814,0.6511627906976745,0.313953488372093,0.9883720930232558,-1.7906976744186047,183,394,83,205,48,73,4.790680076468814,17,0.46446700507614214,0.40487804878048783,0.6575342465753424,IND
1641716,Jarace Walker,2026,71,25.422535211267604,11.04225352112676,5.070422535211268,2.436619718309859,0.7605633802816901,0.3380281690140845,1.6901408450704225,-6.042253521126761,280,659,124,321,100,137,5.1891001689483955,23,0.424886191198786,0.3862928348909657,0.7299270072992701,IND
1641717,Cason Wallace,2024,91,20.53846153846154,6.571428571428571,2.1758241758241756,1.4065934065934067,0.9120879120879121,0.3956043956043956,0.5274725274725275,1.7912087912087913,231,476,106,258,30,39,4.457560013038666,22,0.4852941176470588,0.4108527131782946,0.7692307692307693,OKC
1641717,Cason Wallace,2025,88,26.375,7.6477272727272725,3.2386363636363638,2.409090909090909,1.6704545454545454,0.4090909090909091,0.8295454545454546,5.4772727272727275,275,591,90,259,33,43,4.538569759846682,20,0.4653130287648054,0.3474903474903475,0.7674418604651163,OKC
1641717,Cason Wallace,2026,92,26.304347826086957,8.576086956521738,3.2065217391304346,2.5652173913043477,1.9782608695652173,0.3804347826086957,0.9130434782608695,6.336956521739131,298,680,131,350,62,76,5.630048300013717,27,0.43823529411764706,0.3742857142857143,0.8157894736842105,OKC
1641718,Keyonte George,2024,65,26.369230769230768,12.169230769230769,2.753846153846154,4.415384615384616,0.4461538461538462,0.1076923076923077,2.646153846153846,-5.092307692307692,272,690,127,372,120,147,7.499102510403391,33,0.39420289855072466,0.34139784946236557,0.8163265306122449,UTA
1641718,Keyonte George,2025,50,31.24,15.48,3.8,5.5,0.56,0.14,2.86,-8.26,265,687,133,390,111,137,5.8979069272453755,28,0.38573508005822416,0.34102564102564104,0.8102189781021898,UTA
1641718,Keyonte George,2026,25,30.92,19.68,4.04,5.52,1.28,0.2,3.28,-7.84,178,386,59,152,77,89,9.902524930541706,37,0.46113989637305697,0.3881578947368421,0.8651685393258427,UTA
1641720,Jalen Hood-Schifino,2024,21,5.190476190476191,1.619047619047619,0.6190476190476191,0.38095238095238093,0.14285714285714285,0.09523809523809523,0.42857142857142855,-2.5714285714285716,10,45,2,15,12,20,2.334013506306047,10,0.2222222222222222,0.13333333333333333,0.6,LAL
1641720,Jalen Hood-Schifino,2025,15,20.933333333333334,7.066666666666666,1.8,2.466666666666667,0.3333333333333333,0.4666666666666667,1.2,-6.4,37,98,14,46,18,21,5.650115885874335,19,0.37755102040816324,0.30434782608695654,0.8571428571428571,LAL
1641721,Maxwell Lewis,2024,34,2.9705882352941178,0.3235294117647059,0.11764705882352941,0.17647058823529413,0.058823529411764705,0.029411764705882353,0.29411764705882354,-2.1470588235294117,4,21,1,9,2,3,0.8060599359358184,3,0.19047619047619047,0.1111111111111111,0.6666666666666666,LAL
1641721,Maxwell Lewis,2025,27,12.11111111111111,4.296296296296297,2.037037037037037,0.7037037037037037,0.3333333333333333,0.25925925925925924,0.5185185185185185,-2.2962962962962963,45,108,19,50,7,10,4.655970648324867,15,0.4166666666666667,0.38,0.7,LAL
1641722,Jordan Hawkins,2024,68,16.676470588235293,7.205882352941177,2.1323529411764706,0.9705882352941176,0.25,0.10294117647058823,0.5441176470588235,0.014705882352941176,163,441,103,289,61,72,6.761521562244616,31,0.36961451247165533,0.356401384083045,0.8472222222222222,NOP
1641722,Jordan Hawkins,2025,54,23.185185185185187,10.296296296296296,2.8333333333333335,1.1851851851851851,0.5555555555555556,0.37037037037037035,1.0555555555555556,-6.074074074074074,191,521,103,311,71,88,6.40350620239701,25,0.3666026871401152,0.3311897106109325,0.8068181818181818,NOP
1641722,Jordan Hawkins,2026,50,13.46,5.16,1.76,0.84,0.26,0.14,0.64,-2.52,94,255,47,134,23,27,5.285173717531884,25,0.3686274509803922,0.35074626865671643,0.8518518518518519,NOP
1641723,Kobe Bufkin,2024,17,11.647058823529411,4.764705882352941,1.9411764705882353,1.588235294117647,0.4117647058823529,0.29411764705882354,0.5882352941176471,-2.0588235294117645,34,92,9,40,4,8,3.5973846709225072,12,0.3695652173913043,0.225,0.5,ATL
1641723,Kobe Bufkin,2026,16,7.4375,2.875,0.8125,0.625,0.125,0.1875,0.3125,-4.25,15,50,5,26,11,12,3.383784863137726,9,0.3,0.19230769230769232,0.9166666666666666,ATL
1641724,Jett Howard,2024,20,3.7,1.7,0.4,0.35,0.1,0.1,0.25,-0.2,12,33,8,26,2,4,2.0287408591745297,6,0.36363636363636365,0.3076923076923077,0.5,ORL
1641724,Jett Howard,2025,62,11.403225806451612,4.403225806451613,1.1290322580645162,0.7096774193548387,0.20967741935483872,0.1774193548387097,0.5806451612903226,-1.3709677419354838,100,266,57,189,16,23,4.744141088699519,21,0.37593984962406013,0.30158730158730157,0.6956521739130435,ORL
1641724,Jett Howard,2026,57,12.421052631578947,5.333333333333333,1.543859649122807,0.7894736842105263,0.17543859649122806,0.19298245614035087,0.2807017543859649,-1.1929824561403508,106,256,55,149,37,39,5.402821132563633,30,0.4140625,0.3691275167785235,0.9487179487179487,ORL
1641725,Trey Alexander,2025,23,5.043478260869565,1.391304347826087,0.5217391304347826,0.4782608695652174,0.08695652173913043,0.043478260869565216,0.21739130434782608,-1.0869565217391304,13,41,3,17,3,4,1.8522499937982702,7,0.3170731707317073,0.17647058823529413,0.75,DEN
1641726,Dereck Lively II,2024,63,22.317460317460316,8.142857142857142,6.825396825396825,1.0476190476190477,0.5555555555555556,0.9523809523809523,0.9841269841269841,2.0476190476190474,233,317,1,3,46,82,4.9541678213241145,22,0.7350157728706624,0.3333333333333333,0.5609756097560976,DAL
1641726,Dereck Lively II,2025,30,21.866666666666667,7.333333333333333,7.166666666666667,2.5,0.7,1.0666666666666667,0.9666666666666667,2.533333333333333,92,136,0,0,36,57,3.799576503927168,15,0.6764705882352942,0.0,0.631578947368421,DAL
1641727,Dariq Whitehead,2025,18,13.666666666666666,6.333333333333333,1.5555555555555556,0.6666666666666666,0.3333333333333333,0.05555555555555555,0.6666666666666666,-3.2222222222222223,39,96,33,74,3,5,6.145299494927236,18,0.40625,0.44594594594594594,0.6,BKN
1641729,Brice Sensabaugh,2024,32,18.25,7.53125,3.1875,1.71875,0.40625,0.1875,1.46875,-5.40625,85,218,34,115,37,41,6.41059795409385,22,0.38990825688073394,0.2956521739130435,0.9024390243902439,UTA
1641729,Brice Sensabaugh,2025,70,20.014285714285716,10.67142857142857,2.9285714285714284,1.4857142857142858,0.6571428571428571,0.11428571428571428,1.4714285714285715,-3.7714285714285714,268,582,152,359,59,66,7.031443722889159,34,0.46048109965635736,0.4233983286908078,0.8939393939393939,UTA
1641729,Brice Sensabaugh,2026,67,22.970149253731343,13.985074626865671,3.1044776119402986,1.9104477611940298,0.6865671641791045,0.16417910447761194,1.6417910447761195,-4.7611940298507465,338,751,140,388,121,149,8.487946065064113,41,0.45006657789613846,0.36082474226804123,0.8120805369127517,UTA
1641730,Noah Clowney,2024,21,14.619047619047619,5.0476190476190474,3.238095238095238,0.8095238095238095,0.3333333333333333,0.23809523809523808,0.6190476190476191,-3.4285714285714284,39,78,10,28,18,26,6.0039669425821325,22,0.5,0.35714285714285715,0.6923076923076923,BKN
1641730,Noah Clowney,2025,43,22.209302325581394,8.325581395348838,3.8372093023255816,0.813953488372093,0.46511627906976744,0.46511627906976744,1.0465116279069768,-5.27906976744186,116,332,78,237,48,60,5.476012323165019,20,0.3493975903614458,0.3291139240506329,0.8,BKN
1641730,Noah Clowney,2026,54,25.64814814814815,10.481481481481481,3.925925925925926,1.5925925925925926,0.7592592592592593,0.5185185185185185,1.4444444444444444,-6.203703703703703,184,487,95,304,103,134,5.420926401162481,23,0.37782340862423,0.3125,0.7686567164179104,BKN
1641731,Bilal Coulibaly,2024,58,27.017241379310345,8.224137931034482,3.9482758620689653,1.7586206896551724,0.9310344827586207,0.6551724137931034,1.3103448275862069,-6.103448275862069,169,392,59,173,80,110,4.790499016046922,21,0.43112244897959184,0.34104046242774566,0.7272727272727273,WAS
1641731,Bilal Coulibaly,2025,51,32.745098039215684,12.196078431372548,4.980392156862745,3.215686274509804,1.3137254901960784,0.5294117647058824,2.196078431372549,-10.549019607843137,230,545,56,195,106,147,6.7082623915381765,27,0.42201834862385323,0.28717948717948716,0.7210884353741497,WAS
1641731,Bilal Coulibaly,2026,48,25.916666666666668,11.5,4.145833333333333,2.3958333333333335,1.25,0.8541666666666666,1.4166666666666667,-6.8125,200,457,57,171,95,130,5.946570619076139,25,0.437636761487965,0.3333333333333333,0.7307692307692307,WAS
1641732,Colby Jones,2024,30,6.366666666666666,2.1333333333333333,1.3333333333333333,0.7,0.23333333333333334,0.16666666666666666,0.3333333333333333,0.16666666666666666,28,72,2,22,6,11,2.837353469810146,10,0.3888888888888889,0.09090909090909091,0.5454545454545454,SAC
1641732,Colby Jones,2025,37,13.945945945945946,4.243243243243243,2.3513513513513513,1.1891891891891893,0.7027027027027027,0.35135135135135137,0.6216216216216216,-2.945945945945946,59,129,16,49,23,35,6.184233561626271,24,0.4573643410852713,0.32653061224489793,0.6571428571428571,SAC
1641733,Nick Smith Jr.,2024,50,14.02,5.78,1.38,1.12,0.2,0.14,0.74,-3.88,111,279,61,138,6,7,5.100180068849911,24,0.3978494623655914,0.4420289855072464,0.8571428571428571,CHA
1641733,Nick Smith Jr.,2025,59,22.559322033898304,9.542372881355933,2.0677966101694913,2.288135593220339,0.288135593220339,0.1016949152542373,1.3559322033898304,-6.423728813559322,214,555,98,297,37,40,6.685862681030527,26,0.3855855855855856,0.32996632996632996,0.925,CHA
1641733,Nick Smith Jr.,2026,35,11.228571428571428,5.742857142857143,0.6857142857142857,0.9142857142857143,0.2857142857142857,0.08571428571428572,0.6285714285714286,-0.17142857142857143,76,175,37,93,12,17,5.991871244311192,25,0.4342857142857143,0.3978494623655914,0.7058823529411765,CHA
1641734,Emoni Bates,2024,15,9.0,2.7333333333333334,0.9333333333333333,0.6666666666666666,0.06666666666666667,0.13333333333333333,0.5333333333333333,-5.6,15,49,10,33,1,4,3.534860406754147,9,0.30612244897959184,0.30303030303030304,0.25,CLE
1641736,Reece Beekman,2025,34,13.705882352941176,2.5588235294117645,1.1470588235294117,1.8235294117647058,0.9411764705882353,0.058823529411764705,0.5882352941176471,-3.235294117647059,35,106,7,39,10,15,3.3592132599003293,14,0.330188679245283,0.1794871794871795,0.6666666666666666,BKN
1641737,Adem Bona,2025,47,13.042553191489361,4.382978723404255,3.4680851063829787,0.3404255319148936,0.3191489361702128,0.723404255319149,0.7446808510638298,-1.6808510638297873,81,112,0,1,44,66,4.697608973164418,17,0.7232142857142857,0.0,0.6666666666666666,PHI
1641737,Adem Bona,2026,69,16.0,4.260869565217392,3.9130434782608696,0.43478260869565216,0.391304347826087,0.7536231884057971,0.7681159420289855,-0.5072463768115942,114,196,1,4,65,97,3.550692450747515,16,0.5816326530612245,0.25,0.6701030927835051,PHI
1641738,Kobe Brown,2024,46,8.717391304347826,1.934782608695652,1.391304347826087,0.5434782608695652,0.2608695652173913,0.13043478260869565,0.1956521739130435,-1.934782608695652,37,90,14,48,1,2,2.6948689839359,9,0.4111111111111111,0.2916666666666667,0.5,LAC
1641738,Kobe Brown,2025,41,6.975609756097561,2.268292682926829,1.6097560975609757,0.6829268292682927,0.17073170731707318,0.0975609756097561,0.2926829268292683,-0.6829268292682927,40,80,7,27,6,8,2.810910797623276,13,0.5,0.25925925925925924,0.75,LAC
1641738,Kobe Brown,2026,60,16.033333333333335,5.883333333333334,3.0833333333333335,1.3333333333333333,0.38333333333333336,0.2,0.8833333333333333,-3.6166666666666667,127,271,52,139,47,59,5.115916229773167,20,0.46863468634686345,0.37410071942446044,0.7966101694915254,LAC
1641739,Toumani Camara,2024,70,24.87142857142857,7.5285714285714285,4.9,1.2428571428571429,0.9428571428571428,0.4714285714285714,1.2,-2.7,197,438,58,172,75,99,4.564263924882459,18,0.4497716894977169,0.3372093023255814,0.7575757575757576,POR
1641739,Toumani Camara,2025,75,32.6,11.28,5.8533333333333335,2.2133333333333334,1.48,0.56,1.3866666666666667,-1.6133333333333333,317,692,131,347,81,116,5.859988008474033,24,0.45809248554913296,0.37752161383285304,0.6982758620689655,POR
1641739,Toumani Camara,2026,86,33.31395348837209,12.69767441860465,5.162790697674419,2.3488372093023258,1.1744186046511629,0.4418604651162791,1.7325581395348837,-0.46511627906976744,392,912,217,606,91,130,5.90726326092939,30,0.4298245614035088,0.3580858085808581,0.7,POR
1641740,Jaylen Clark,2025,43,12.023255813953488,3.697674418604651,1.2093023255813953,0.5116279069767442,0.813953488372093,0.046511627906976744,0.20930232558139536,0.627906976744186,59,122,22,51,19,25,4.020985923406692,17,0.48360655737704916,0.43137254901960786,0.76,MIN
1641740,Jaylen Clark,2026,74,12.77027027027027,3.8513513513513513,1.7162162162162162,0.6216216216216216,0.6486486486486487,0.13513513513513514,0.3108108108108108,0.9459459459459459,102,240,35,109,46,69,3.4982674084698755,12,0.425,0.3211009174311927,0.6666666666666666,MIN
1641741,Ricky Council IV,2024,29,8.586206896551724,4.724137931034483,1.2413793103448276,0.5172413793103449,0.27586206896551724,0.034482758620689655,0.1724137931034483,0.3793103448275862,43,92,11,28,40,55,4.382567347083686,16,0.4673913043478261,0.39285714285714285,0.7272727272727273,PHI
1641741,Ricky Council IV,2025,68,16.455882352941178,6.8088235294117645,2.7941176470588234,1.3823529411764706,0.4117647058823529,0.11764705882352941,0.7058823529411765,-2.323529411764706,158,417,50,196,97,122,5.61250563391979,20,0.37889688249400477,0.25510204081632654,0.7950819672131147,PHI
1641744,Zach Edey,2025,61,21.21311475409836,8.459016393442623,8.0,1.0819672131147542,0.5245901639344263,1.0,1.2622950819672132,1.7704918032786885,214,371,15,46,73,107,4.299510710502624,21,0.5768194070080862,0.32608695652173914,0.6822429906542056,MEM
1641745,Adam Flagler,2025,34,5.9411764705882355,1.911764705882353,0.7941176470588235,0.35294117647058826,0.23529411764705882,0.08823529411764706,0.11764705882352941,0.20588235294117646,25,96,14,72,1,2,3.297084543716395,17,0.2604166666666667,0.19444444444444445,0.5,OKC
1641747,DaRon Holmes II,2026,26,8.192307692307692,3.576923076923077,1.4230769230769231,0.6153846153846154,0.038461538461538464,0.23076923076923078,0.46153846153846156,-0.6153846153846154,31,61,20,45,11,14,3.3126796032586907,11,0.5081967213114754,0.4444444444444444,0.7857142857142857,DEN
1641748,Andre Jackson Jr.,2024,61,10.40983606557377,2.2459016393442623,2.0327868852459017,0.9836065573770492,0.3442622950819672,0.11475409836065574,0.5081967213114754,-1.278688524590164,55,111,19,52,8,11,2.964544583939317,10,0.4954954954954955,0.36538461538461536,0.7272727272727273,MIL
1641748,Andre Jackson Jr.,2025,65,14.861538461538462,3.4615384615384617,2.7384615384615385,1.2307692307692308,0.5230769230769231,0.16923076923076924,0.8615384615384616,-0.7230769230769231,92,195,29,75,12,24,3.391519400822269,14,0.4717948717948718,0.38666666666666666,0.5,MIL
1641748,Andre Jackson Jr.,2026,45,8.355555555555556,2.311111111111111,1.4444444444444444,0.9111111111111111,0.37777777777777777,0.06666666666666667,0.6888888888888889,-1.5555555555555556,36,109,15,58,17,24,3.1393559141256273,13,0.3302752293577982,0.25862068965517243,0.7083333333333334,MIL
1641750,Ryan Kalkbrenner,2026,55,20.472727272727273,7.2,5.090909090909091,0.8,0.41818181818181815,0.8727272727272727,0.7636363636363637,0.5272727272727272,169,222,0,3,58,81,3.7436365762203487,17,0.7612612612612613,0.0,0.7160493827160493,CHA
1641753,Chris Livingston,2024,20,4.85,1.4,1.05,0.25,0.1,0.0,0.25,-1.1,12,23,1,5,3,7,2.036508880671192,6,0.5217391304347826,0.2,0.42857142857142855,MIL
1641753,Chris Livingston,2025,23,4.826086956521739,1.3043478260869565,1.565217391304348,0.21739130434782608,0.21739130434782608,0.0,0.2608695652173913,-1.391304347826087,9,28,0,9,12,16,2.438978597854133,10,0.32142857142857145,0.0,0.75,MIL
1641755,Kevin McCullar Jr.,2026,19,8.157894736842104,2.6315789473684212,1.4736842105263157,1.0526315789473684,0.47368421052631576,0.0,0.631578947368421,-2.473684210526316,20,47,8,24,2,5,4.11245434038536,14,0.425531914893617,0.3333333333333333,0.4,NYK
1641757,Jordan Miller,2025,39,10.820512820512821,3.7948717948717947,1.4871794871794872,0.9487179487179487,0.5128205128205128,0.1282051282051282,0.6666666666666666,-1.1282051282051282,60,138,8,38,20,27,4.243753844611775,15,0.43478260869565216,0.21052631578947367,0.7407407407407407,LAC
1641757,Jordan Miller,2026,54,21.0,9.444444444444445,2.962962962962963,2.074074074074074,0.6666666666666666,0.16666666666666666,1.0555555555555556,-0.12962962962962962,193,353,37,99,87,111,6.104952108868039,22,0.546742209631728,0.37373737373737376,0.7837837837837838,LAC
1641763,Julian Phillips,2024,38,8.0,2.1578947368421053,0.9473684210526315,0.34210526315789475,0.18421052631578946,0.10526315789473684,0.2631578947368421,-0.3684210526315789,29,72,11,35,13,19,3.316839229614044,11,0.4027777777777778,0.3142857142857143,0.6842105263157895,CHI
1641763,Julian Phillips,2025,79,13.89873417721519,4.341772151898734,2.0253164556962027,0.4810126582278481,0.46835443037974683,0.25316455696202533,0.34177215189873417,0.11392405063291139,121,276,47,147,54,70,3.403942194021541,16,0.4384057971014493,0.3197278911564626,0.7714285714285715,CHI
1641763,Julian Phillips,2026,53,8.566037735849056,2.7547169811320753,0.9433962264150944,0.22641509433962265,0.4528301886792453,0.1320754716981132,0.22641509433962265,-0.33962264150943394,53,127,22,69,18,23,3.316077736268456,16,0.41732283464566927,0.3188405797101449,0.782608695652174,CHI
1641764,Brandin Podziemski,2024,74,26.91891891891892,9.283783783783784,5.878378378378378,3.7027027027027026,0.8378378378378378,0.1891891891891892,1.2027027027027026,3.5135135135135136,273,600,91,236,50,79,5.336666319404366,25,0.455,0.3855932203389831,0.6329113924050633,GSW
1641764,Brandin Podziemski,2025,75,27.48,11.146666666666667,5.013333333333334,3.3333333333333335,1.12,0.2,1.2,3.1333333333333333,316,738,131,360,73,100,7.17671409666187,28,0.4281842818428184,0.3638888888888889,0.73,GSW
1641764,Brandin Podziemski,2026,72,28.27777777777778,13.208333333333334,5.138888888888889,3.5416666666666665,1.0416666666666667,0.19444444444444445,1.5,-0.6111111111111112,350,762,135,357,116,155,6.027957166871195,26,0.45931758530183725,0.37815126050420167,0.7483870967741936,GSW
1641765,Olivier-Maxence Prosper,2024,40,7.825,2.525,1.9,0.525,0.15,0.1,0.125,-2.175,34,93,12,41,21,32,3.9806422623130584,16,0.3655913978494624,0.2926829268292683,0.65625,DAL
1641765,Olivier-Maxence Prosper,2025,51,11.0,3.6666666666666665,2.411764705882353,0.7843137254901961,0.49019607843137253,0.11764705882352941,0.2549019607843137,-1.8823529411764706,66,168,11,49,44,67,4.338970692072794,20,0.39285714285714285,0.22448979591836735,0.6567164179104478,DAL
1641765,Olivier-Maxence Prosper,2026,50,18.56,10.1,3.46,1.0,0.74,0.26,0.88,-3.78,186,332,58,141,75,96,7.12927279687381,31,0.5602409638554217,0.41134751773049644,0.78125,DAL
1641767,Ben Sheppard,2024,73,15.753424657534246,4.657534246575342,1.917808219178082,0.958904109589041,0.5616438356164384,0.0410958904109589,0.3561643835616438,1.3424657534246576,121,300,68,206,30,35,3.637074442774454,15,0.4033333333333333,0.3300970873786408,0.8571428571428571,IND
1641767,Ben Sheppard,2025,84,18.13095238095238,4.75,2.5714285714285716,1.1071428571428572,0.5476190476190477,0.17857142857142858,0.39285714285714285,-1.1666666666666667,144,338,83,237,28,31,4.06831719747577,20,0.4260355029585799,0.350210970464135,0.9032258064516129,IND
1641767,Ben Sheppard,2026,65,21.384615384615383,7.061538461538461,3.0,1.7538461538461538,0.6,0.09230769230769231,0.6307692307692307,-4.123076923076923,168,387,84,232,39,51,4.01900533044606,18,0.43410852713178294,0.3620689655172414,0.7647058823529411,IND
1641772,Nae'Qwan Tomlin,2026,69,14.478260869565217,5.463768115942029,2.681159420289855,0.782608695652174,0.5797101449275363,0.43478260869565216,0.42028985507246375,0.6376811594202898,152,314,27,114,46,61,4.942551467032243,26,0.4840764331210191,0.23684210526315788,0.7540983606557377,CLE
1641774,Tristan Vukcevic,2025,33,13.606060606060606,8.424242424242424,3.4242424242424243,1.0303030303030303,0.3333333333333333,0.6666666666666666,1.0303030303030303,-3.242424242424242,104,217,31,92,39,51,6.113664526239066,18,0.4792626728110599,0.33695652173913043,0.7647058823529411,WAS
1641774,Tristan Vukcevic,2026,45,13.0,8.4,2.8222222222222224,1.1111111111111112,0.4888888888888889,0.5333333333333333,1.2666666666666666,-4.8,133,270,47,126,65,83,5.746144952764577,22,0.4925925925925926,0.373015873015873,0.7831325301204819,WAS
1641775,Jordan Walsh,2025,55,7.581818181818182,1.490909090909091,1.2727272727272727,0.36363636363636365,0.21818181818181817,0.2,0.3090909090909091,0.2545454545454545,30,83,15,55,7,12,2.602511089902207,10,0.3614457831325301,0.2727272727272727,0.5833333333333334,BOS
1641775,Jordan Walsh,2026,74,17.243243243243242,5.013513513513513,3.8783783783783785,0.8108108108108109,0.7162162162162162,0.40540540540540543,0.47297297297297297,1.7702702702702702,138,283,49,136,46,63,4.71224939232118,22,0.4876325088339223,0.3602941176470588,0.7301587301587301,BOS
1641778,Leaky Black,2024,26,10.923076923076923,2.6538461538461537,1.8461538461538463,0.9230769230769231,0.3076923076923077,0.4230769230769231,0.23076923076923078,-1.0384615384615385,25,52,9,20,10,15,3.1361416765485286,11,0.4807692307692308,0.45,0.6666666666666666,CHA
1641783,Tristan da Silva,2025,77,21.2987012987013,6.974025974025974,3.2467532467532467,1.4805194805194806,0.42857142857142855,0.23376623376623376,0.7532467532467533,-1.6363636363636365,200,487,80,241,57,65,5.891505986485132,25,0.4106776180698152,0.33195020746887965,0.8769230769230769,ORL
1641783,Tristan da Silva,2026,84,23.583333333333332,9.238095238095237,3.5357142857142856,1.4523809523809523,0.7857142857142857,0.2619047619047619,0.8809523809523809,0.9880952380952381,287,634,122,326,80,93,6.2317087478902025,26,0.4526813880126183,0.37423312883435583,0.8602150537634409,ORL
1641787,Tosan Evbuomwan,2024,17,21.58823529411765,5.9411764705882355,3.5294117647058822,0.9411764705882353,0.35294117647058826,0.29411764705882354,0.5294117647058824,-7.529411764705882,36,71,12,32,17,25,4.160387425398236,14,0.5070422535211268,0.375,0.68,BKN
1641787,Tosan Evbuomwan,2025,27,23.74074074074074,9.074074074074074,4.2592592592592595,2.0,0.8888888888888888,0.37037037037037035,1.3703703703703705,-2.3703703703703702,87,212,22,74,49,64,4.656888412514271,18,0.41037735849056606,0.2972972972972973,0.765625,BKN
1641789,Jazian Gortman,2025,16,3.625,1.5,0.3125,0.375,0.125,0.0625,0.3125,0.6875,9,23,4,11,2,4,1.8973665961010275,5,0.391304347826087,0.36363636363636365,0.5,DAL
1641790,PJ Hall,2025,19,3.4210526315789473,1.736842105263158,1.1578947368421053,0.21052631578947367,0.0,0.21052631578947367,0.10526315789473684,-0.10526315789473684,14,24,2,8,3,4,2.02325659555628,7,0.5833333333333334,0.25,0.75,DEN
1641790,PJ Hall,2026,17,12.588235294117647,5.0588235294117645,4.411764705882353,0.5882352941176471,0.17647058823529413,0.5882352941176471,0.9411764705882353,-1.7058823529411764,30,59,3,5,23,29,4.0229123193790555,13,0.5084745762711864,0.6,0.7931034482758621,DEN
1641794,Dillon Jones,2025,64,9.375,2.46875,2.03125,0.984375,0.265625,0.078125,0.53125,1.0625,60,144,19,67,19,30,3.3474403867518157,13,0.4166666666666667,0.2835820895522388,0.6333333333333333,OKC
1641796,Pelle Larsson,2025,57,14.105263157894736,4.473684210526316,1.7017543859649122,1.1403508771929824,0.5614035087719298,0.12280701754385964,0.43859649122807015,-0.9122807017543859,93,209,33,100,36,57,4.383839083814774,16,0.4449760765550239,0.33,0.631578947368421,MIA
1641796,Pelle Larsson,2026,62,25.774193548387096,10.370967741935484,3.4193548387096775,3.2580645161290325,0.5967741935483871,0.24193548387096775,1.3064516129032258,0.6612903225806451,233,483,51,166,126,169,5.772273669050851,21,0.4824016563146998,0.3072289156626506,0.7455621301775148,MIA
1641798,Jaylen Martin,2025,16,15.0,4.875,2.75,1.0625,0.5625,0.0,0.75,-8.1875,31,74,7,23,9,10,4.856267428111154,13,0.4189189189189189,0.30434782608695654,0.9,WAS
1641809,Drew Peterson,2025,24,7.708333333333333,2.25,1.6666666666666667,0.5416666666666666,0.20833333333333334,0.08333333333333333,0.3333333333333333,1.8333333333333333,17,41,13,33,7,9,2.471577563454951,8,0.4146341463414634,0.3939393939393939,0.7777777777777778,BOS
1641810,Antonio Reeves,2025,44,15.0,6.931818181818182,1.4318181818181819,0.8863636363636364,0.4772727272727273,0.09090909090909091,0.6818181818181818,-3.409090909090909,113,248,51,129,28,35,7.5525992053644035,34,0.45564516129032256,0.3953488372093023,0.8,NOP
1641816,Hunter Tyson,2024,21,2.857142857142857,1.0,0.5714285714285714,0.14285714285714285,0.047619047619047616,0.0,0.14285714285714285,0.047619047619047616,8,24,4,17,1,2,1.4832396974191324,5,0.3333333333333333,0.23529411764705882,0.5,DEN
1641816,Hunter Tyson,2025,55,7.836363636363636,2.709090909090909,1.5636363636363637,0.4,0.2,0.10909090909090909,0.2727272727272727,-1.8727272727272728,50,130,24,79,25,32,3.4676960398679446,18,0.38461538461538464,0.3037974683544304,0.78125,DEN
1641816,Hunter Tyson,2026,21,7.714285714285714,2.1904761904761907,1.7142857142857142,0.8095238095238095,0.09523809523809523,0.047619047619047616,0.23809523809523808,-1.1428571428571428,14,52,7,33,11,13,3.8809669879947144,14,0.2692307692307692,0.21212121212121213,0.8461538461538461,DEN
1641824,Matas Buzelis,2025,73,18.301369863013697,8.287671232876713,3.191780821917808,0.9452054794520548,0.3698630136986301,0.684931506849315,0.8904109589041096,-0.726027397260274,225,485,85,233,70,87,6.698837900990311,31,0.4639175257731959,0.3648068669527897,0.8045977011494253,CHI
1641824,Matas Buzelis,2026,56,28.482142857142858,15.892857142857142,5.5,1.9642857142857142,0.6607142857142857,0.8928571428571429,1.9107142857142858,-3.017857142857143,325,677,129,344,111,144,7.013437936441134,41,0.48005908419497784,0.375,0.7708333333333334,CHI
1641842,Ronald Holland II,2025,83,14.91566265060241,5.855421686746988,2.566265060240964,0.9036144578313253,0.5662650602409639,0.20481927710843373,0.927710843373494,-0.7228915662650602,184,398,33,147,85,107,4.0878539009037125,26,0.4623115577889447,0.22448979591836735,0.794392523364486,DET
1641842,Ronald Holland II,2026,82,18.024390243902438,7.2073170731707314,3.6951219512195124,1.0731707317073171,1.0975609756097562,0.3048780487804878,1.0365853658536586,1.6951219512195121,221,526,50,196,99,126,4.729048151239522,18,0.42015209125475284,0.25510204081632654,0.7857142857142857,DET
1641854,Craig Porter Jr.,2024,49,12.285714285714286,5.26530612244898,2.0,2.204081632653061,0.3877551020408163,0.22448979591836735,0.8979591836734694,-0.42857142857142855,107,211,12,32,32,47,5.239177377397785,19,0.5071090047393365,0.375,0.6808510638297872,CLE
1641854,Craig Porter Jr.,2025,57,9.614035087719298,3.508771929824561,1.280701754385965,1.4035087719298245,0.3508771929824561,0.2982456140350877,0.7017543859649122,-0.3684210526315789,78,152,21,51,23,32,4.766410775331686,20,0.5131578947368421,0.4117647058823529,0.71875,CLE
1641854,Craig Porter Jr.,2026,68,16.294117647058822,3.8823529411764706,3.088235294117647,2.8088235294117645,0.7647058823529411,0.45588235294117646,0.8235294117647058,1.0588235294117647,107,243,29,89,21,35,3.5598482768469677,14,0.4403292181069959,0.3258426966292135,0.6,CLE
1641869,Malachi Smith,2026,15,23.933333333333334,8.266666666666667,3.4,3.2666666666666666,0.8,0.26666666666666666,0.9333333333333333,-6.0,48,99,20,46,8,8,5.921711464320654,19,0.48484848484848486,0.43478260869565216,1.0,BKN
1641871,Duop Reath,2024,65,17.246153846153845,8.830769230769231,3.476923076923077,0.9846153846153847,0.47692307692307695,0.49230769230769234,0.7384615384615385,-2.723076923076923,215,468,84,232,60,79,6.150633175660735,26,0.4594017094017094,0.3620689655172414,0.759493670886076,POR
1641871,Duop Reath,2025,45,10.066666666666666,4.177777777777778,2.0,0.5555555555555556,0.24444444444444444,0.24444444444444444,0.3333333333333333,-1.3111111111111111,68,160,32,100,20,22,4.468520646441814,17,0.425,0.32,0.9090909090909091,POR
1641871,Duop Reath,2026,32,8.0,2.9375,1.1875,0.3125,0.15625,0.25,0.21875,-1.21875,33,74,23,55,5,6,3.6005151961100443,12,0.44594594594594594,0.41818181818181815,0.8333333333333334,POR
1641877,Nathan Mensah,2024,25,12.32,1.32,2.6,0.36,0.24,0.56,0.56,-5.32,12,28,0,0,9,12,1.5470401847829722,4,0.42857142857142855,0.0,0.75,CHA
1641878,Damion Baugh,2025,15,24.666666666666668,7.266666666666667,3.3333333333333335,3.7333333333333334,1.0,0.13333333333333333,2.066666666666667,-11.266666666666667,42,130,12,56,13,15,4.479583313955291,16,0.3230769230769231,0.21428571428571427,0.8666666666666667,CHA
1641890,Tyler Smith,2025,23,5.304347826086956,2.9130434782608696,1.0869565217391304,0.17391304347826086,0.13043478260869565,0.17391304347826086,0.34782608695652173,0.34782608695652173,24,50,13,30,6,8,4.971857559195839,20,0.48,0.43333333333333335,0.75,MIL
1641931,Onuralp Bitim,2024,23,11.652173913043478,3.4782608695652173,1.391304347826087,0.5652173913043478,0.13043478260869565,0.08695652173913043,0.43478260869565216,-1.9565217391304348,32,84,12,44,4,5,4.315611883482312,17,0.38095238095238093,0.2727272727272727,0.8,CHI
1641989,Elijah Harkless,2026,24,20.375,6.375,2.0416666666666665,2.7083333333333335,1.1666666666666667,0.25,0.9583333333333334,-1.2916666666666667,48,144,20,80,37,48,5.874132683435802,23,0.3333333333333333,0.25,0.7708333333333334,UTA
1641998,Trey Jemison,2024,22,22.136363636363637,6.545454545454546,4.863636363636363,1.0,0.4090909090909091,0.8181818181818182,1.2272727272727273,-4.681818181818182,63,116,0,0,18,22,5.820548760966433,24,0.5431034482758621,0.0,0.8181818181818182,LAL
1641998,Trey Jemison III,2025,38,10.368421052631579,2.5,2.763157894736842,0.42105263157894735,0.23684210526315788,0.39473684210526316,0.631578947368421,-0.47368421052631576,41,74,0,0,13,33,2.3795298195572507,8,0.5540540540540541,0.0,0.3939393939393939,LAL
1642066,Myron Gardner,2026,44,9.363636363636363,3.7045454545454546,2.75,1.0,0.45454545454545453,0.18181818181818182,0.38636363636363635,1.7727272727272727,59,123,26,64,19,26,3.6317690317820897,14,0.4796747967479675,0.40625,0.7307692307692307,MIA
1642258,Zaccharie Risacher,2025,75,24.226666666666667,11.773333333333333,3.44,1.1866666666666668,0.6666666666666666,0.4666666666666667,1.2133333333333334,-2.36,337,761,112,335,97,134,6.531779554160118,38,0.442838370565046,0.33432835820895523,0.7238805970149254,ATL
1642258,Zaccharie Risacher,2026,68,21.602941176470587,9.073529411764707,3.7941176470588234,1.1176470588235294,0.8382352941176471,0.4411764705882353,0.8382352941176471,-0.1323529411764706,236,528,88,250,57,88,5.392964395327609,25,0.44696969696969696,0.352,0.6477272727272727,ATL
1642259,Alex Sarr,2025,55,26.8,12.436363636363636,6.381818181818182,2.3636363636363638,0.6545454545454545,1.0909090909090908,1.709090909090909,-9.927272727272728,259,668,86,278,80,116,6.130565910569625,34,0.38772455089820357,0.30935251798561153,0.6896551724137931,WAS
1642259,Alex Sarr,2026,29,26.20689655172414,14.03448275862069,7.310344827586207,2.9310344827586206,0.6551724137931034,1.0344827586206897,1.7586206896551724,-10.03448275862069,172,371,31,89,32,54,7.287380278951363,31,0.4636118598382749,0.34831460674157305,0.5925925925925926,WAS
1642260,Nikola Topić,2026,19,9.631578947368421,2.9473684210526314,1.105263157894737,2.473684210526316,0.3684210526315789,0.0,1.4210526315789473,-2.6842105263157894,24,57,6,17,2,5,5.104177855340404,18,0.42105263157894735,0.35294117647058826,0.4,OKC
1642261,Dalton Knecht,2025,80,18.7,8.8875,2.7375,0.825,0.3,0.1,0.4625,-0.9,259,562,129,344,64,84,7.848234099529184,37,0.4608540925266904,0.375,0.7619047619047619,LAL
1642261,Dalton Knecht,2026,59,9.661016949152541,4.033898305084746,1.3728813559322033,0.4067796610169492,0.1864406779661017,0.1864406779661017,0.4067796610169492,-1.4406779661016949,90,199,40,116,18,24,4.58244815496347,17,0.45226130653266333,0.3448275862068966,0.75,LAL
1642262,Cody Williams,2025,50,21.12,4.6,2.26,1.18,0.46,0.32,0.88,-6.78,83,257,35,135,29,40,3.325841921949376,13,0.3229571984435798,0.25925925925925924,0.725,UTA
1642262,Cody Williams,2026,62,23.467741935483872,7.951612903225806,2.8225806451612905,1.8709677419354838,0.7419354838709677,0.3064516129032258,1.064516129032258,-5.145161290322581,203,445,25,118,62,90,6.372140745759245,26,0.45617977528089887,0.211864406779661,0.6888888888888889,UTA
1642263,Reed Sheppard,2025,54,11.944444444444445,4.018518518518518,1.4259259259259258,1.3888888888888888,0.6851851851851852,0.2777777777777778,0.6851851851851852,-1.462962962962963,80,234,44,139,13,16,5.253896095175073,25,0.3418803418803419,0.31654676258992803,0.8125,HOU
1642263,Reed Sheppard,2026,86,26.46511627906977,13.395348837209303,2.7790697674418605,3.4651162790697674,1.5465116279069768,0.6162790697674418,1.5116279069767442,3.0813953488372094,424,1009,238,616,66,83,6.093929611685313,31,0.42021803766105054,0.38636363636363635,0.7951807228915663,HOU
1642264,Stephon Castle,2025,67,25.91044776119403,13.492537313432836,3.5671641791044775,3.8358208955223883,0.9552238805970149,0.26865671641791045,2.208955223880597,-2.656716417910448,339,793,75,267,151,217,7.123101840359441,32,0.4274905422446406,0.2808988764044944,0.695852534562212,SAS
1642264,Stephon Castle,2026,58,30.379310344827587,15.517241379310345,5.0344827586206895,6.931034482758621,1.0862068965517242,0.3620689655172414,3.206896551724138,3.8793103448275863,339,727,70,223,152,217,5.956689824055984,32,0.46629986244841815,0.31390134529147984,0.7004608294930875,SAS
1642265,Rob Dillingham,2025,52,10.346153846153847,4.365384615384615,1.0,2.019230769230769,0.38461538461538464,0.019230769230769232,1.0192307692307692,0.3269230769230769,96,219,26,76,9,17,4.748699909402845,19,0.4383561643835616,0.34210526315789475,0.5294117647058824,MIN
1642265,Rob Dillingham,2026,65,14.907692307692308,6.292307692307692,2.0153846153846153,2.2,0.7230769230769231,0.09230769230769231,1.5384615384615385,-2.246153846153846,163,412,42,133,41,55,5.713807500594167,26,0.39563106796116504,0.3157894736842105,0.7454545454545455,MIN
1642266,Ja'Kobe Walter,2025,49,21.081632653061224,8.204081632653061,3.1020408163265305,1.6122448979591837,0.8367346938775511,0.14285714285714285,0.9183673469387755,-1.2244897959183674,148,371,62,178,44,57,5.715401676744217,27,0.39892183288409705,0.34831460674157305,0.7719298245614035,TOR
1642266,Ja'Kobe Walter,2026,77,21.194805194805195,7.4935064935064934,2.5714285714285716,1.2337662337662338,1.0909090909090908,0.18181818181818182,0.5324675324675324,-0.8051948051948052,194,452,121,308,68,87,5.798419423073701,21,0.42920353982300885,0.39285714285714285,0.7816091954022989,TOR
1642267,Bub Carrington,2025,82,29.951219512195124,9.841463414634147,4.158536585365853,4.439024390243903,0.6585365853658537,0.25609756097560976,1.7195121951219512,-9.731707317073171,300,748,138,407,69,85,5.66006044594326,32,0.40106951871657753,0.33906633906633904,0.8117647058823529,WAS
1642267,Bub Carrington,2026,81,27.62962962962963,10.666666666666666,3.3950617283950617,4.604938271604938,0.6172839506172839,0.20987654320987653,2.3209876543209877,-8.802469135802468,310,732,168,410,76,103,5.779273310719955,30,0.42349726775956287,0.4097560975609756,0.7378640776699029,WAS
1642268,Isaiah Collier,2025,69,25.72463768115942,8.318840579710145,3.246376811594203,6.231884057971015,0.927536231884058,0.21739130434782608,2.9565217391304346,-5.478260869565218,220,530,40,162,94,137,5.869895162965982,23,0.41509433962264153,0.24691358024691357,0.6861313868613139,UTA
1642268,Isaiah Collier,2026,50,24.52,10.84,2.54,6.96,0.92,0.28,2.5,-6.88,215,423,26,84,86,127,6.13906859916927,27,0.508274231678487,0.30952380952380953,0.6771653543307087,UTA
1642269,Devin Carter,2025,37,11.324324324324325,4.0,2.1621621621621623,1.162162162162162,0.5945945945945946,0.10810810810810811,0.4864864864864865,1.2432432432432432,50,132,19,63,29,48,4.196559437338057,16,0.3787878787878788,0.30158730158730157,0.6041666666666666,SAC
1642269,Devin Carter,2026,35,17.37142857142857,8.085714285714285,3.142857142857143,2.5428571428571427,0.9142857142857143,0.2,1.2857142857142858,-2.4571428571428573,104,253,29,99,46,65,7.655722306458971,29,0.41106719367588934,0.29292929292929293,0.7076923076923077,SAC
1642270,Donovan Clingan,2025,50,18.1,5.92,6.86,1.08,0.46,1.02,1.0,-0.32,125,234,9,36,37,68,4.294467252127071,21,0.5341880341880342,0.25,0.5441176470588235,POR
1642270,Donovan Clingan,2026,59,26.47457627118644,11.338983050847459,11.152542372881356,1.88135593220339,0.5932203389830508,0.9322033898305084,1.11864406779661,-2.1016949152542375,262,525,67,204,78,114,5.538611084115502,28,0.4990476190476191,0.3284313725490196,0.6842105263157895,POR
1642271,Kyle Filipowski,2025,70,20.942857142857143,9.371428571428572,6.071428571428571,1.957142857142857,0.6428571428571429,0.3142857142857143,1.4,-5.242857142857143,251,500,73,212,81,126,6.668488363942867,30,0.502,0.3443396226415094,0.6428571428571429,UTA
1642271,Kyle Filipowski,2026,70,23.185714285714287,10.914285714285715,6.9,2.4857142857142858,0.9571428571428572,0.45714285714285713,1.6428571428571428,-3.742857142857143,290,590,68,207,116,162,6.166160238843725,26,0.4915254237288136,0.3285024154589372,0.7160493827160493,UTA
1642272,Jared McCain,2025,21,25.904761904761905,15.333333333333334,2.5238095238095237,2.5238095238095237,0.7142857142857143,0.0,1.6666666666666667,-1.0,120,250,49,121,33,38,10.253454702359265,34,0.48,0.4049586776859504,0.868421052631579,PHI
1642272,Jared McCain,2026,81,17.54320987654321,8.74074074074074,2.037037037037037,1.2962962962962963,0.49382716049382713,0.06172839506172839,0.8271604938271605,2.037037037037037,260,616,125,327,63,74,6.394876421358308,26,0.42207792207792205,0.382262996941896,0.8513513513513513,PHI
1642273,Kyshawn George,2025,61,26.39344262295082,8.819672131147541,4.180327868852459,2.4754098360655736,1.0,0.47540983606557374,1.3934426229508197,-4.655737704918033,189,494,106,320,54,75,5.705284675109886,24,0.3825910931174089,0.33125,0.72,WAS
1642273,Kyshawn George,2026,41,28.390243902439025,13.24390243902439,4.512195121951219,4.317073170731708,0.926829268292683,0.8536585365853658,2.5365853658536586,-7.951219512195122,201,468,75,214,66,86,5.876991100065059,28,0.42948717948717946,0.35046728971962615,0.7674418604651163,WAS
1642274,Yves Missi,2025,56,26.321428571428573,8.839285714285714,8.125,1.4107142857142858,0.5,0.8035714285714286,1.1071428571428572,-8.321428571428571,205,362,0,0,85,145,5.044445318509118,24,0.5662983425414365,0.0,0.5862068965517241,NOP
1642274,Yves Missi,2026,49,18.408163265306122,5.36734693877551,5.489795918367347,1.183673469387755,0.22448979591836735,0.8367346938775511,0.7755102040816326,-1.1020408163265305,111,211,0,0,41,69,3.173417437289415,12,0.5260663507109005,0.0,0.5942028985507246,NOP
1642275,Tidjane Salaün,2025,56,20.428571428571427,5.446428571428571,4.482142857142857,1.1785714285714286,0.48214285714285715,0.19642857142857142,0.9464285714285714,-5.821428571428571,104,314,52,186,45,64,4.053818145704314,17,0.33121019108280253,0.27956989247311825,0.703125,CHA
1642275,Tidjane Salaün,2026,38,15.394736842105264,5.947368421052632,3.973684210526316,0.7631578947368421,0.42105263157894735,0.18421052631578946,0.6842105263157895,-0.05263157894736842,81,163,37,85,27,42,4.964454018161037,21,0.49693251533742333,0.43529411764705883,0.6428571428571429,CHA
1642276,Kel'el Ware,2025,65,21.70769230769231,8.676923076923076,7.292307692307692,1.0153846153846153,0.6,0.8615384615384616,0.8307692307692308,0.38461538461538464,245,452,33,112,41,60,5.807074597817338,25,0.5420353982300885,0.29464285714285715,0.6833333333333333,MIA
1642276,Kel'el Ware,2026,68,20.970588235294116,10.470588235294118,8.647058823529411,0.7205882352941176,0.7205882352941176,0.6911764705882353,0.8088235294117647,-1.6911764705882353,289,554,80,203,54,72,6.138867094265323,28,0.5216606498194946,0.39408866995073893,0.75,MIA
1642277,Johnny Furphy,2025,60,6.983333333333333,1.75,1.2833333333333334,0.3333333333333333,0.3,0.2,0.21666666666666667,0.23333333333333334,36,96,15,52,18,23,3.534934612105917,17,0.375,0.28846153846153844,0.782608695652174,IND
1642277,Johnny Furphy,2026,34,18.058823529411764,5.0,4.205882352941177,1.1470588235294117,0.5882352941176471,0.14705882352941177,0.8529411764705882,-1.8823529411764706,67,143,21,67,15,27,4.235492172037853,18,0.46853146853146854,0.31343283582089554,0.5555555555555556,IND
1642278,Tyler Kolek,2025,44,6.863636363636363,1.9090909090909092,0.6363636363636364,1.6590909090909092,0.2727272727272727,0.09090909090909091,0.4090909090909091,0.18181818181818182,28,83,15,48,13,17,2.1761731059114244,8,0.3373493975903614,0.3125,0.7647058823529411,NYK
1642278,Tyler Kolek,2026,68,11.5,4.4411764705882355,1.5294117647058822,2.676470588235294,0.3235294117647059,0.07352941176470588,0.8529411764705882,1.411764705882353,119,273,48,123,16,22,4.17305626552758,20,0.4358974358974359,0.3902439024390244,0.7272727272727273,NYK
1642281,Jaylon Tyson,2025,51,9.431372549019608,3.7450980392156863,2.019607843137255,1.0,0.29411764705882354,0.0784313725490196,0.5490196078431373,0.49019607843137253,71,164,25,67,24,30,5.560011285078122,31,0.4329268292682927,0.373134328358209,0.8,CLE
1642281,Jaylon Tyson,2026,80,23.675,10.8875,4.6375,1.975,0.7125,0.325,1.3,1.125,332,703,130,316,77,110,6.625600044476507,27,0.4722617354196302,0.41139240506329117,0.7,CLE
1642285,Cam Spencer,2025,25,10.04,4.24,1.2,1.36,0.36,0.04,0.24,1.6,34,82,19,52,19,19,5.768304199098148,23,0.4146341463414634,0.36538461538461536,1.0,MEM
1642285,Cam Spencer,2026,70,23.84285714285714,10.82857142857143,2.5285714285714285,5.557142857142857,0.7285714285714285,0.15714285714285714,1.2857142857142858,-1.4714285714285715,253,542,140,316,112,120,5.982998687274255,27,0.466789667896679,0.4430379746835443,0.9333333333333333,MEM
1642345,Oso Ighodaro,2025,58,16.913793103448278,4.155172413793103,3.6379310344827585,1.1896551724137931,0.46551724137931033,0.3620689655172414,0.5862068965517241,-0.29310344827586204,106,175,0,2,29,50,3.5083945653093696,12,0.6057142857142858,0.0,0.58,PHX
1642345,Oso Ighodaro,2026,84,22.476190476190474,6.416666666666667,5.119047619047619,2.392857142857143,0.8452380952380952,0.5833333333333334,1.2976190476190477,0.5595238095238095,242,377,0,1,55,116,4.2004254900174995,16,0.6419098143236074,0.0,0.47413793103448276,PHX
1642346,Ryan Dunn,2025,72,19.555555555555557,7.097222222222222,3.7083333333333335,0.7916666666666666,0.6111111111111112,0.5555555555555556,0.5555555555555556,-2.3194444444444446,205,477,82,264,19,39,5.505847652492481,26,0.429769392033543,0.3106060606060606,0.48717948717948717,PHX
1642346,Ryan Dunn,2026,75,18.426666666666666,5.333333333333333,3.96,1.36,0.8,0.36,0.7866666666666666,-0.13333333333333333,161,360,55,170,23,45,4.19888445073577,20,0.44722222222222224,0.3235294117647059,0.5111111111111111,PHX
1642347,Jamal Shead,2025,75,19.52,7.1066666666666665,1.5333333333333334,4.213333333333333,0.7733333333333333,0.13333333333333333,1.56,-3.12,204,504,72,223,53,69,4.298250220142489,17,0.40476190476190477,0.32286995515695066,0.7681159420289855,TOR
1642347,Jamal Shead,2026,86,23.11627906976744,6.558139534883721,1.7906976744186047,5.325581395348837,0.9651162790697675,0.18604651162790697,1.4186046511627908,2.5930232558139537,198,547,95,293,73,96,4.549349407042703,19,0.3619744058500914,0.3242320819112628,0.7604166666666666,TOR
1642348,Justin Edwards,2025,44,26.136363636363637,10.113636363636363,3.3636363636363638,1.5681818181818181,1.0227272727272727,0.36363636363636365,1.1136363636363635,-6.363636363636363,172,378,69,190,32,46,6.420229326813763,25,0.455026455026455,0.3631578947368421,0.6956521739130435,PHI
1642348,Justin Edwards,2026,72,15.055555555555555,5.777777777777778,1.5833333333333333,1.1666666666666667,0.75,0.16666666666666666,0.5833333333333334,-1.75,154,352,71,198,37,46,6.19682386211604,32,0.4375,0.35858585858585856,0.8043478260869565,PHI
1642349,Ajay Mitchell,2025,48,14.229166666666666,5.729166666666667,1.6041666666666667,1.5208333333333333,0.5625,0.08333333333333333,0.7291666666666666,2.4583333333333335,107,219,28,73,33,40,4.832247982810473,17,0.4885844748858447,0.3835616438356164,0.825,OKC
1642349,Ajay Mitchell,2026,59,25.593220338983052,13.169491525423728,3.3389830508474576,3.542372881355932,1.2881355932203389,0.2711864406779661,1.3559322033898304,9.220338983050848,300,627,68,192,109,130,5.449304107336761,28,0.4784688995215311,0.3541666666666667,0.8384615384615385,OKC
1642352,Keshad Johnson,2025,18,5.388888888888889,2.2222222222222223,1.2777777777777777,0.16666666666666666,0.2777777777777778,0.05555555555555555,0.2777777777777778,-0.6111111111111112,17,25,2,6,4,9,4.608885989624769,17,0.68,0.3333333333333333,0.4444444444444444,MIA
1642352,Keshad Johnson,2026,31,8.064516129032258,3.935483870967742,1.6451612903225807,0.22580645161290322,0.45161290322580644,0.1935483870967742,0.3870967741935484,2.161290322580645,48,94,11,39,15,23,3.9237353280682914,15,0.5106382978723404,0.28205128205128205,0.6521739130434783,MIA
1642353,Cam Christie,2025,15,4.8,1.4666666666666666,0.9333333333333333,0.4,0.4,0.06666666666666667,0.2,0.6,9,27,3,15,1,2,2.065591117977289,5,0.3333333333333333,0.2,0.5,LAC
1642353,Cam Christie,2026,54,8.87037037037037,2.888888888888889,1.4444444444444444,0.5740740740740741,0.2962962962962963,0.05555555555555555,0.4074074074074074,-0.18518518518518517,53,139,12,49,38,50,3.580168999208429,17,0.381294964028777,0.24489795918367346,0.76,LAC
1642354,KJ Simpson,2025,36,23.444444444444443,7.833333333333333,3.0277777777777777,3.111111111111111,0.9444444444444444,0.16666666666666666,1.5555555555555556,-7.722222222222222,104,301,33,130,41,50,4.576336650953157,18,0.34551495016611294,0.25384615384615383,0.82,CHA
1642354,KJ Simpson,2026,20,12.85,4.55,1.85,2.15,0.8,0.0,1.25,-0.1,34,99,12,40,11,18,4.37065573786673,16,0.3434343434343434,0.3,0.6111111111111112,CHA
1642355,Bronny James,2025,28,6.678571428571429,2.2142857142857144,0.6428571428571429,0.7857142857142857,0.32142857142857145,0.10714285714285714,0.4642857142857143,-2.4285714285714284,21,69,9,34,11,14,3.624578063384225,17,0.30434782608695654,0.2647058823529412,0.7857142857142857,LAL
1642355,Bronny James,2026,50,8.38,2.68,0.52,1.16,0.4,0.08,0.58,-0.8,52,125,24,63,6,7,3.407315060038819,12,0.416,0.38095238095238093,0.8571428571428571,LAL
1642358,AJ Johnson,2025,28,21.821428571428573,7.25,1.8928571428571428,2.607142857142857,0.39285714285714285,0.10714285714285714,1.2142857142857142,-4.892857142857143,77,204,23,88,26,31,5.693563617512908,20,0.37745098039215685,0.26136363636363635,0.8387096774193549,WAS
1642358,AJ Johnson,2026,46,9.347826086956522,3.0434782608695654,1.173913043478261,1.0,0.2391304347826087,0.06521739130434782,0.5434782608695652,-1.0,51,164,12,54,26,31,4.36631816288242,17,0.31097560975609756,0.2222222222222222,0.8387096774193549,WAS
1642359,Pacôme Dadiet,2025,20,5.85,1.6,0.9,0.25,0.15,0.1,0.2,-0.65,11,32,6,19,4,6,2.6832815729997477,9,0.34375,0.3157894736842105,0.6666666666666666,NYK
1642359,Pacôme Dadiet,2026,35,5.085714285714285,1.9428571428571428,0.9714285714285714,0.42857142857142855,0.14285714285714285,0.02857142857142857,0.14285714285714285,-0.22857142857142856,24,64,10,40,10,13,3.0577082646866054,12,0.375,0.25,0.7692307692307693,NYK
1642363,Nique Clifford,2026,74,24.91891891891892,8.445945945945946,3.72972972972973,2.3378378378378377,0.918918918918919,0.32432432432432434,1.5135135135135136,-2.9864864864864864,244,582,75,225,62,88,6.71563681716424,30,0.41924398625429554,0.3333333333333333,0.7045454545454546,SAC
1642364,Jamir Watkins,2026,47,21.319148936170212,7.638297872340425,4.0,1.3617021276595744,1.0851063829787233,0.44680851063829785,0.8297872340425532,-3.106382978723404,129,290,46,156,55,79,5.482880597685274,24,0.44482758620689655,0.2948717948717949,0.6962025316455697,WAS
1642366,Quinten Post,2025,54,15.37037037037037,7.12962962962963,3.2222222222222223,1.2592592592592593,0.35185185185185186,0.3333333333333333,0.7407407407407407,0.9444444444444444,139,317,83,210,24,31,5.411540067113377,20,0.4384858044164038,0.3952380952380952,0.7741935483870968,GSW
1642366,Quinten Post,2026,64,16.890625,7.3125,3.984375,1.34375,0.40625,0.40625,0.78125,0.859375,175,400,84,253,34,43,5.013869652163774,19,0.4375,0.33201581027667987,0.7906976744186046,GSW
1642367,Jonathan Mogbo,2025,59,20.1864406779661,5.915254237288136,4.796610169491525,2.23728813559322,0.847457627118644,0.3898305084745763,1.0677966101694916,-4.406779661016949,144,321,17,61,44,64,4.276189633198761,17,0.4485981308411215,0.2786885245901639,0.6875,TOR
1642367,Jonathan Mogbo,2026,39,6.512820512820513,1.6666666666666667,1.7435897435897436,0.6410256410256411,0.2564102564102564,0.20512820512820512,0.358974358974359,-1.2820512820512822,28,46,0,1,9,14,2.0174675805564983,8,0.6086956521739131,0.0,0.6428571428571429,TOR
1642377,Jaylen Wells,2025,77,25.753246753246753,10.246753246753247,3.2857142857142856,1.7402597402597402,0.5584415584415584,0.1038961038961039,0.8961038961038961,2.311688311688312,280,657,136,383,93,116,5.608160980486253,30,0.426179604261796,0.35509138381201044,0.8017241379310345,MEM
1642377,Jaylen Wells,2026,65,26.23076923076923,12.2,3.169230769230769,1.5692307692307692,0.8615384615384616,0.12307692307692308,1.123076923076923,-2.2615384615384615,282,659,121,345,108,141,5.528901337517246,25,0.4279210925644917,0.3507246376811594,0.7659574468085106,MEM
1642382,Branden Carlson,2025,28,6.535714285714286,3.107142857142857,1.5,0.39285714285714285,0.17857142857142858,0.5357142857142857,0.17857142857142858,0.5,29,68,20,53,9,13,3.593608376551508,16,0.4264705882352941,0.37735849056603776,0.6923076923076923,OKC
1642382,Branden Carlson,2026,41,10.951219512195122,5.2682926829268295,2.7804878048780486,0.6829268292682927,0.14634146341463414,0.5365853658536586,0.36585365853658536,-0.14634146341463414,88,166,26,76,14,24,5.108935262086917,23,0.5301204819277109,0.34210526315789475,0.5833333333333334,OKC
1642383,Walter Clayton Jr.,2026,67,20.432835820895523,7.701492537313433,2.029850746268657,4.014925373134329,0.6268656716417911,0.2835820895522388,1.6865671641791045,-4.08955223880597,173,448,75,241,95,106,4.687232579436542,20,0.3861607142857143,0.3112033195020747,0.8962264150943396,UTA
1642402,Enrique Freeman,2025,21,8.619047619047619,2.0952380952380953,1.4285714285714286,0.42857142857142855,0.14285714285714285,0.14285714285714285,0.2857142857142857,-0.8571428571428571,16,37,1,10,11,17,2.300103517339207,8,0.43243243243243246,0.1,0.6470588235294118,IND
1642403,Isaac Jones,2025,41,7.439024390243903,3.317073170731707,1.4146341463414633,0.3170731707317073,0.12195121951219512,0.24390243902439024,0.3902439024390244,-1.3658536585365855,55,84,3,8,23,36,3.5315649816352233,12,0.6547619047619048,0.375,0.6388888888888888,SAC
1642404,Chaz Lanier,2026,36,7.527777777777778,2.2777777777777777,0.6388888888888888,0.5,0.19444444444444445,0.0,0.08333333333333333,0.25,29,92,19,68,5,6,2.824496021908648,9,0.31521739130434784,0.27941176470588236,0.8333333333333334,DET
1642419,Jamison Battle,2025,59,17.627118644067796,7.101694915254237,2.6779661016949152,0.8983050847457628,0.288135593220339,0.1694915254237288,0.4576271186440678,-3.1016949152542375,149,347,105,259,16,18,5.329472107047872,25,0.42939481268011526,0.40540540540540543,0.8888888888888888,TOR
1642419,Jamison Battle,2026,66,8.954545454545455,3.3484848484848486,1.5151515151515151,0.3787878787878788,0.10606060606060606,0.045454545454545456,0.30303030303030304,1.2878787878787878,85,164,42,96,9,14,3.974892061398258,20,0.5182926829268293,0.4375,0.6428571428571429,TOR
1642449,Tolu Smith,2026,16,7.3125,3.1875,2.3125,0.75,0.125,0.125,0.375,0.25,19,31,0,0,13,22,3.1878676258590164,11,0.6129032258064516,0.0,0.5909090909090909,DET
1642450,Daniss Jenkins,2026,79,19.31645569620253,8.468354430379748,2.1645569620253164,3.3417721518987342,0.8481012658227848,0.22784810126582278,1.379746835443038,1.4683544303797469,240,608,78,224,111,140,6.935297015505638,30,0.39473684210526316,0.3482142857142857,0.7928571428571428,DET
1642461,Spencer Jones,2025,18,6.888888888888889,1.4444444444444444,0.9444444444444444,0.2777777777777778,0.2777777777777778,0.2777777777777778,0.2777777777777778,-2.5,11,34,1,17,3,3,2.571843518756015,9,0.3235294117647059,0.058823529411764705,1.0,DEN
1642461,Spencer Jones,2026,65,21.70769230769231,5.230769230769231,3.1076923076923078,0.7230769230769231,0.7692307692307693,0.4153846153846154,0.46153846153846156,-0.5076923076923077,130,254,57,140,23,41,5.43072632909618,28,0.5118110236220472,0.40714285714285714,0.5609756097560976,DEN
1642484,RayJ Dennis,2026,16,11.1875,3.875,1.5,1.75,0.125,0.0625,0.875,-3.375,21,74,12,41,8,9,4.883646178829912,17,0.28378378378378377,0.2926829268292683,0.8888888888888888,IND
1642502,Malevy Leons,2026,25,11.04,3.32,2.12,0.92,0.56,0.36,0.52,-3.0,32,72,4,16,15,19,3.590728802532061,12,0.4444444444444444,0.25,0.7894736842105263,GSW
1642505,Alex Ducas,2025,21,5.9523809523809526,1.7142857142857142,1.2380952380952381,0.23809523809523808,0.23809523809523808,0.0,0.19047619047619047,-1.0476190476190477,12,30,10,21,2,2,2.4928469095164494,9,0.4,0.47619047619047616,1.0,OKC
1642530,Yuki Kawamura,2025,21,4.333333333333333,1.7142857142857142,0.5714285714285714,0.9047619047619048,0.09523809523809523,0.0,0.23809523809523808,1.2857142857142858,11,30,7,23,7,9,3.3487737627802976,12,0.36666666666666664,0.30434782608695654,0.7777777777777778,MEM
1642530,Yuki Kawamura,2026,18,11.722222222222221,3.4444444444444446,1.8333333333333333,2.611111111111111,0.5,0.0,0.7777777777777778,-0.16666666666666666,17,52,11,37,17,19,3.5183923839333584,14,0.3269230769230769,0.2972972972972973,0.8947368421052632,MEM
1642843,Cooper Flagg,2026,45,32.4,17.177777777777777,6.466666666666667,4.377777777777778,1.288888888888889,0.7111111111111111,2.1333333333333333,-3.511111111111111,314,695,41,154,104,134,6.773239083095152,33,0.45179856115107914,0.2662337662337662,0.7761194029850746,DAL
1642844,Dylan Harper,2026,89,23.303370786516854,12.101123595505618,3.808988764044944,3.5730337078651684,0.7303370786516854,0.3258426966292135,1.4382022471910112,4.932584269662922,432,846,81,234,132,174,5.958273361508319,27,0.5106382978723404,0.34615384615384615,0.7586206896551724,SAS
1642845,VJ Edgecombe,2026,84,35.29761904761905,15.69047619047619,5.7976190476190474,4.035714285714286,1.3571428571428572,0.5119047619047619,1.8333333333333333,0.19047619047619047,502,1157,167,485,147,179,7.265989746719045,38,0.4338807260155575,0.3443298969072165,0.8212290502793296,PHI
1642846,Ace Bailey,2026,66,27.03030303030303,13.227272727272727,4.0606060606060606,1.7575757575757576,0.8181818181818182,0.45454545454545453,1.4696969696969697,-6.666666666666667,356,799,117,351,44,61,7.170013313034426,33,0.4455569461827284,0.3333333333333333,0.7213114754098361,UTA
1642847,Jeremiah Fears,2026,74,24.783783783783782,13.364864864864865,3.554054054054054,3.22972972972973,1.1486486486486487,0.33783783783783783,2.1621621621621623,-3.2567567567567566,381,867,91,266,136,178,6.68790428162055,40,0.43944636678200694,0.34210526315789475,0.7640449438202247,NOP
1642848,Tre Johnson,2026,59,23.915254237288135,12.203389830508474,2.830508474576271,2.016949152542373,0.5423728813559322,0.3050847457627119,1.5423728813559323,-5.627118644067797,268,636,114,316,70,81,4.940262665838833,26,0.42138364779874216,0.36075949367088606,0.8641975308641975,WAS
1642849,Nolan Traore,2026,55,22.163636363636364,8.763636363636364,1.7818181818181817,3.8181818181818183,0.7818181818181819,0.4,2.272727272727273,-4.9818181818181815,177,468,60,188,68,88,6.036811877398338,23,0.3782051282051282,0.3191489361702128,0.7727272727272727,BKN
1642851,Kon Knueppel,2026,77,31.233766233766232,17.805194805194805,5.259740259740259,3.3766233766233764,0.6883116883116883,0.23376623376623376,1.9350649350649352,3.4025974025974026,479,1018,251,605,162,193,6.82302402673817,33,0.47053045186640474,0.41487603305785126,0.8393782383419689,CHA
1642852,Derik Queen,2026,68,23.852941176470587,10.029411764705882,6.735294117647059,3.6176470588235294,1.0294117647058822,0.7794117647058824,2.3088235294117645,-3.6470588235294117,263,573,20,73,136,177,5.375373886990016,26,0.45898778359511344,0.273972602739726,0.768361581920904,NOP
1642853,Rasheer Fleming,2026,58,11.60344827586207,4.103448275862069,2.103448275862069,0.27586206896551724,0.39655172413793105,0.3275862068965517,0.5172413793103449,1.7413793103448276,87,215,45,132,19,34,4.089737499286128,16,0.4046511627906977,0.3409090909090909,0.5588235294117647,PHX
1642854,Asa Newell,2026,45,11.4,5.088888888888889,2.1333333333333333,0.6,0.37777777777777777,0.35555555555555557,0.5111111111111111,-0.7111111111111111,92,171,29,75,16,29,4.980973901768711,17,0.5380116959064327,0.38666666666666666,0.5517241379310345,ATL
1642856,Egor Dëmin,2026,52,25.096153846153847,10.307692307692308,3.173076923076923,3.326923076923077,0.8076923076923077,0.3269230769230769,1.6538461538461537,-3.0961538461538463,179,449,124,322,54,65,6.360227094041753,26,0.3986636971046771,0.38509316770186336,0.8307692307692308,BKN
1642857,Kasparas Jakučionis,2026,52,17.884615384615383,6.038461538461538,2.5961538461538463,2.6153846153846154,0.6346153846153846,0.1346153846153846,0.9615384615384616,1.25,99,232,64,151,52,60,5.6636492720615275,22,0.4267241379310345,0.423841059602649,0.8666666666666667,MIA
1642859,Jase Richardson,2026,56,10.678571428571429,4.410714285714286,1.1607142857142858,1.0714285714285714,0.3392857142857143,0.03571428571428571,0.44642857142857145,-0.26785714285714285,92,192,30,82,33,46,4.789294067223024,20,0.4791666666666667,0.36585365853658536,0.717391304347826,ORL
1642860,Will Riley,2026,67,21.074626865671643,9.223880597014926,2.6417910447761193,1.791044776119403,0.7014925373134329,0.08955223880597014,1.2238805970149254,-6.776119402985074,226,525,67,214,99,122,7.0406200129921155,31,0.43047619047619046,0.3130841121495327,0.8114754098360656,WAS
1642862,Liam McNeeley,2026,32,11.625,4.1875,2.28125,0.75,0.1875,0.09375,0.40625,0.28125,39,96,24,60,32,39,3.658287101380786,13,0.40625,0.4,0.8205128205128205,CHA
1642863,Khaman Maluach,2026,48,8.291666666666666,2.7708333333333335,2.3958333333333335,0.10416666666666667,0.10416666666666667,0.4583333333333333,0.5208333333333334,0.14583333333333334,54,102,5,22,20,27,3.4900440973458253,18,0.5294117647058824,0.22727272727272727,0.7407407407407407,PHX
1642864,Hugo González,2026,77,14.311688311688311,3.7532467532467533,3.2467532467532467,0.5454545454545454,0.5454545454545454,0.2857142857142857,0.5064935064935064,3.311688311688312,117,249,42,119,13,28,3.8084250238117985,18,0.46987951807228917,0.35294117647058826,0.4642857142857143,BOS
1642866,Joan Beringer,2026,44,6.9772727272727275,3.3636363636363638,2.0454545454545454,0.22727272727272727,0.20454545454545456,0.4772727272727273,0.3181818181818182,0.5681818181818182,61,95,0,0,26,36,3.6478149502414556,14,0.6421052631578947,0.0,0.7222222222222222,MIN
1642867,Collin Murray-Boyles,2026,56,21.517857142857142,8.410714285714286,4.982142857142857,1.8035714285714286,0.9642857142857143,0.7142857142857143,1.0892857142857142,-0.2857142857142857,196,342,17,52,62,93,5.190119233923017,22,0.5730994152046783,0.3269230769230769,0.6666666666666666,TOR
1642868,Carter Bryant,2026,88,10.136363636363637,3.602272727272727,2.147727272727273,0.5909090909090909,0.2159090909090909,0.19318181818181818,0.5113636363636364,-0.23863636363636365,116,273,59,162,26,40,3.7340919982241547,17,0.4249084249084249,0.36419753086419754,0.65,SAS
1642869,Noah Penda,2026,60,12.833333333333334,3.85,3.1333333333333333,1.1666666666666667,0.5,0.3,0.7,-0.8833333333333333,84,205,30,93,33,48,3.960932093693031,13,0.4097560975609756,0.3225806451612903,0.6875,ORL
1642873,Amari Williams,2026,22,6.636363636363637,1.4090909090909092,1.8636363636363635,0.45454545454545453,0.13636363636363635,0.45454545454545453,0.5,-2.6363636363636362,10,21,0,0,11,16,2.1080139809125895,9,0.47619047619047616,0.0,0.6875,BOS
1642874,Danny Wolf,2026,52,20.365384615384617,8.26923076923077,4.634615384615385,2.1538461538461537,0.4807692307692308,0.5,1.3269230769230769,-4.076923076923077,157,392,59,186,57,76,5.1071475658558025,22,0.4005102040816326,0.3172043010752688,0.75,BKN
1642875,Maxime Raynaud,2026,67,26.044776119402986,11.671641791044776,7.388059701492537,1.3134328358208955,0.47761194029850745,0.47761194029850745,1.2686567164179106,-6.343283582089552,334,583,21,66,93,122,7.022448980798936,32,0.5728987993138936,0.3181818181818182,0.7622950819672131,SAC
1642876,Adou Thiero,2026,30,5.433333333333334,1.5333333333333334,1.2,0.3,0.2,0.06666666666666667,0.36666666666666664,-0.7333333333333333,17,33,0,3,12,18,2.0800088417141875,8,0.5151515151515151,0.0,0.6666666666666666,LAL
1642877,Micah Peavy,2026,60,14.533333333333333,4.016666666666667,1.8833333333333333,0.9666666666666667,0.7,0.11666666666666667,0.31666666666666665,-1.6666666666666667,100,263,26,104,15,21,4.623050818459223,20,0.38022813688212925,0.25,0.7142857142857143,NOP
1642878,Tyrese Proctor,2026,53,10.60377358490566,5.169811320754717,1.2264150943396226,1.4339622641509433,0.4716981132075472,0.0,0.7735849056603774,-0.16981132075471697,93,227,46,133,42,47,5.283267669861885,22,0.40969162995594716,0.3458646616541353,0.8936170212765957,CLE
1642879,Ben Saraf,2026,41,20.51219512195122,7.146341463414634,2.0,3.292682926829268,0.8048780487804879,0.17073170731707318,2.2195121951219514,-5.073170731707317,111,280,19,86,52,66,5.279966740471743,22,0.3964285714285714,0.22093023255813954,0.7878787878787878,BKN
1642880,Kam Jones,2026,37,16.64864864864865,4.378378378378378,1.6216216216216217,3.2162162162162162,0.4864864864864865,0.0,0.972972972972973,-3.864864864864865,68,169,22,75,4,8,4.125472035963825,14,0.40236686390532544,0.29333333333333333,0.5,IND
1642883,Sion James,2026,83,22.253012048192772,5.253012048192771,3.4698795180722892,1.9759036144578312,0.6144578313253012,0.24096385542168675,0.7951807228915663,0.6385542168674698,139,374,84,240,74,90,3.8598729079733616,15,0.3716577540106952,0.35,0.8222222222222222,CHA
1642885,Mohamed Diawara,2026,74,9.162162162162161,3.418918918918919,1.3918918918918919,0.7972972972972973,0.24324324324324326,0.08108108108108109,0.44594594594594594,0.6216216216216216,93,226,49,136,18,24,4.013698314238299,18,0.41150442477876104,0.3602941176470588,0.75,NYK
1642905,Yang Hansen,2026,47,6.51063829787234,2.021276595744681,1.425531914893617,0.46808510638297873,0.06382978723404255,0.2127659574468085,0.6808510638297872,-2.1702127659574466,31,102,5,44,28,34,2.2016728985629133,9,0.30392156862745096,0.11363636363636363,0.8235294117647058,POR
1642907,Cedric Coward,2026,59,25.661016949152543,13.338983050847459,5.627118644067797,2.7457627118644066,0.6610169491525424,0.4576271186440678,1.6271186440677967,0.01694915254237288,288,611,90,264,121,146,5.181566031055721,27,0.4713584288052373,0.3409090909090909,0.8287671232876712,MEM
1642914,Javon Small,2026,38,20.5,9.236842105263158,3.1315789473684212,3.789473684210526,0.8421052631578947,0.21052631578947367,1.4473684210526316,-2.8684210526315788,121,269,54,132,55,69,6.1134950879682295,21,0.44981412639405205,0.4090909090909091,0.7971014492753623,MEM
1642918,Alijah Martin,2026,23,6.304347826086956,2.217391304347826,0.9130434782608695,0.5217391304347826,0.34782608695652173,0.17391304347826086,0.34782608695652173,-0.6086956521739131,16,50,4,21,15,19,2.891311777457838,9,0.32,0.19047619047619047,0.7894736842105263,TOR
1642920,Kobe Sanders,2026,69,19.768115942028984,7.217391304347826,2.217391304347826,1.6231884057971016,0.7101449275362319,0.14492753623188406,1.1884057971014492,0.5942028985507246,180,387,81,199,57,69,5.055194082552737,20,0.46511627906976744,0.40703517587939697,0.8260869565217391,LAC
1642928,Dylan Cardwell,2026,36,20.305555555555557,5.222222222222222,7.527777777777778,1.4444444444444444,0.6944444444444444,1.0277777777777777,0.8055555555555556,-2.0555555555555554,83,152,1,3,21,39,3.364615122214563,14,0.5460526315789473,0.3333333333333333,0.5384615384615384,SAC
1642942,Jahmai Mashack,2026,28,22.0,6.464285714285714,2.607142857142857,2.357142857142857,1.25,0.2857142857142857,1.6071428571428572,-7.678571428571429,72,182,19,72,18,33,5.287876720541072,17,0.3956043956043956,0.2638888888888889,0.5454545454545454,MEM
1642948,Ryan Nembhard,2026,60,19.5,6.616666666666666,2.216666666666667,5.266666666666667,0.4166666666666667,0.03333333333333333,1.4166666666666667,-0.4,162,390,48,135,25,31,5.36179727857154,28,0.4153846153846154,0.35555555555555557,0.8064516129032258,DAL
1642949,Yanic Konan Niederhäuser,2026,37,9.783783783783784,4.0,2.5945945945945947,0.32432432432432434,0.08108108108108109,0.5945945945945946,0.5675675675675675,0.918918918918919,56,82,0,3,36,50,4.358898943540673,16,0.6829268292682927,0.0,0.72,LAC
1642950,Lachlan Olbrich,2026,34,8.823529411764707,2.176470588235294,2.8823529411764706,1.1176470588235294,0.3235294117647059,0.11764705882352941,0.4411764705882353,0.35294117647058826,31,69,2,18,10,28,3.0298573647325195,10,0.4492753623188406,0.1111111111111111,0.35714285714285715,CHI
1642954,Will Richard,2026,69,19.681159420289855,6.173913043478261,2.449275362318841,1.3333333333333333,1.144927536231884,0.13043478260869565,0.7681159420289855,-1.6521739130434783,158,338,71,210,39,46,5.906020163256976,30,0.46745562130177515,0.3380952380952381,0.8478260869565217,GSW
1642959,Chris Youngblood,2026,32,5.84375,2.21875,0.875,0.375,0.125,0.09375,0.0625,0.1875,22,63,18,54,9,10,2.4981848248988383,9,0.3492063492063492,0.3333333333333333,0.9,OKC
1642962,Drake Powell,2026,63,20.936507936507937,6.476190476190476,1.7619047619047619,1.4444444444444444,0.5714285714285714,0.2222222222222222,0.9523809523809523,-7.095238095238095,144,358,51,182,69,77,4.398889679765399,16,0.4022346368715084,0.2802197802197802,0.8961038961038961,BKN
1642964,Brooks Barnhizer,2026,40,8.725,1.7,1.95,0.55,0.275,0.125,0.25,-2.575,27,71,7,24,7,10,3.251823945781655,14,0.38028169014084506,0.2916666666666667,0.7,OKC
1643007,Taelon Peter,2026,38,12.947368421052632,4.5,1.5526315789473684,1.0526315789473684,0.6842105263157895,0.10526315789473684,0.7105263157894737,-2.6315789473684212,60,158,41,125,10,16,4.440294609169105,16,0.379746835443038,0.328,0.625,IND
1643016,Bez Mbeng,2026,15,32.86666666666667,8.133333333333333,3.8,4.133333333333334,2.2666666666666666,0.3333333333333333,1.4666666666666666,-9.933333333333334,50,100,6,31,16,25,8.667399236438202,27,0.5,0.1935483870967742,0.64,UTA
1643018,LJ Cryer,2026,17,15.882352941176471,7.705882352941177,1.588235294117647,0.9411764705882353,0.17647058823529413,0.0,0.8235294117647058,-0.11764705882352941,43,110,34,89,11,12,5.3824333005894385,17,0.39090909090909093,0.38202247191011235,0.9166666666666666,GSW
1643052,Chaney Johnson,2026,16,20.0625,8.3125,4.3125,2.1875,0.75,0.5,1.25,-5.125,51,88,9,28,22,27,4.7006205264127985,17,0.5795454545454546,0.32142857142857145,0.8148148148148148,BKN
